date,cluster_id,district,temperature_c,relative_humidity_pct,precipitation_mm,pest_threat_index,soil_water_stress_index,is_forecast
2026-06-03,GJ-SAURASHTRA-01,Rajkot,32.4,54.0,0.0,0.1,0.62,False
2026-06-04,GJ-SAURASHTRA-01,Rajkot,39.1,55.8,0.0,0.1,1.0,False
2026-06-05,GJ-SAURASHTRA-01,Rajkot,32.1,45.2,0.0,0.1,0.69,False
2026-06-06,GJ-SAURASHTRA-01,Rajkot,36.1,67.0,0.0,0.1,0.74,False
2026-06-07,GJ-SAURASHTRA-01,Rajkot,35.2,42.4,0.0,0.1,0.92,False
2026-06-08,GJ-SAURASHTRA-01,Rajkot,31.1,42.4,0.0,0.1,0.65,False
2026-06-09,GJ-SAURASHTRA-01,Rajkot,32.9,51.9,6.5,0.1,0.51,False
2026-06-10,GJ-SAURASHTRA-01,Rajkot,25.4,86.2,0.0,0.1,0.0,False
2026-06-11,GJ-SAURASHTRA-01,Rajkot,25.8,68.9,2.7,0.1,0.0,False
2026-06-12,GJ-SAURASHTRA-01,Rajkot,29.3,92.7,0.0,0.68,0.03,False
2026-06-13,GJ-SAURASHTRA-01,Rajkot,25.7,78.7,0.0,0.1,0.0,False
2026-06-14,GJ-SAURASHTRA-01,Rajkot,28.5,79.2,16.2,0.75,0.0,False
2026-06-15,GJ-SAURASHTRA-01,Rajkot,32.8,72.0,0.0,0.33,0.47,False
2026-06-16,GJ-SAURASHTRA-01,Rajkot,28.1,80.9,0.0,0.48,0.06,False
2026-06-17,GJ-SAURASHTRA-01,Rajkot,26.8,77.9,10.4,0.66,0.0,False
2026-06-18,GJ-SAURASHTRA-01,Rajkot,31.2,75.7,0.6,0.4,0.31,False
2026-06-19,GJ-SAURASHTRA-01,Rajkot,33.3,65.3,0.0,0.1,0.57,False
2026-06-20,GJ-SAURASHTRA-01,Rajkot,30.6,64.7,13.2,0.1,0.06,False
2026-06-21,GJ-SAURASHTRA-01,Rajkot,32.6,80.2,62.9,0.47,0.0,False
2026-06-22,GJ-SAURASHTRA-01,Rajkot,25.3,67.9,0.0,0.1,0.01,False
2026-06-23,GJ-SAURASHTRA-01,Rajkot,33.2,73.4,5.7,0.36,0.34,False
2026-06-24,GJ-SAURASHTRA-01,Rajkot,30.4,66.7,5.9,0.1,0.21,False
2026-06-25,GJ-SAURASHTRA-01,Rajkot,32.7,83.8,0.0,0.53,0.34,False
2026-06-26,GJ-SAURASHTRA-01,Rajkot,32.3,86.9,0.0,0.58,0.28,False
2026-06-27,GJ-SAURASHTRA-01,Rajkot,29.1,69.6,1.4,0.1,0.21,False
2026-06-28,GJ-SAURASHTRA-01,Rajkot,32.9,81.3,0.0,0.49,0.38,False
2026-06-29,GJ-SAURASHTRA-01,Rajkot,29.4,73.2,0.0,0.35,0.23,False
2026-06-30,GJ-SAURASHTRA-01,Rajkot,26.4,66.9,0.0,0.1,0.09,False
2026-07-01,GJ-SAURASHTRA-01,Rajkot,30.9,86.3,23.5,0.95,0.0,False
2026-07-02,GJ-SAURASHTRA-01,Rajkot,28.1,81.6,11.5,0.75,0.0,False
2026-07-03,GJ-SAURASHTRA-01,Rajkot,31.0,93.0,25.7,0.95,0.0,False
2026-07-04,GJ-SAURASHTRA-01,Rajkot,32.5,51.8,12.3,0.1,0.34,False
2026-07-05,GJ-SAURASHTRA-01,Rajkot,33.1,63.8,0.5,0.1,0.56,False
2026-07-06,GJ-SAURASHTRA-01,Rajkot,31.1,75.8,12.8,0.64,0.0,False
2026-07-07,GJ-SAURASHTRA-01,Rajkot,28.4,92.8,0.0,0.68,0.0,False
2026-07-08,GJ-SAURASHTRA-01,Rajkot,28.7,75.9,4.7,0.4,0.04,False
2026-07-09,GJ-SAURASHTRA-01,Rajkot,31.0,87.2,3.2,0.59,0.11,False
2026-07-10,GJ-SAURASHTRA-01,Rajkot,30.5,91.7,29.3,0.95,0.0,False
2026-07-11,GJ-SAURASHTRA-01,Rajkot,29.0,71.0,40.8,0.32,0.0,False
2026-07-12,GJ-SAURASHTRA-01,Rajkot,29.1,90.7,4.7,0.65,0.0,False
2026-07-13,GJ-SAURASHTRA-01,Rajkot,29.3,78.1,35.5,0.92,0.0,False
2026-07-14,GJ-SAURASHTRA-01,Rajkot,28.7,63.8,0.0,0.1,0.28,False
2026-07-15,GJ-SAURASHTRA-01,Rajkot,27.6,74.6,0.0,0.1,0.09,False
2026-07-16,GJ-SAURASHTRA-01,Rajkot,31.2,76.4,0.0,0.41,0.32,False
2026-07-17,GJ-SAURASHTRA-01,Rajkot,30.5,96.9,0.0,0.75,0.06,False
2026-07-18,GJ-SAURASHTRA-01,Rajkot,29.8,80.6,0.0,0.48,0.18,False
2026-07-19,GJ-SAURASHTRA-01,Rajkot,29.9,58.8,0.0,0.1,0.41,False
2026-07-20,GJ-SAURASHTRA-01,Rajkot,37.4,78.6,0.0,0.44,0.71,False
2026-07-21,GJ-SAURASHTRA-01,Rajkot,29.2,82.8,1.0,0.51,0.09,False
2026-07-22,GJ-SAURASHTRA-01,Rajkot,28.7,72.3,0.0,0.34,0.19,False
2026-07-23,GJ-SAURASHTRA-01,Rajkot,30.0,81.4,0.0,0.49,0.19,False
2026-07-24,GJ-SAURASHTRA-01,Rajkot,26.6,85.7,0.0,0.1,0.0,False
2026-07-25,GJ-SAURASHTRA-01,Rajkot,32.3,70.2,0.0,0.3,0.45,False
2026-07-26,GJ-SAURASHTRA-01,Rajkot,25.8,92.0,23.4,0.95,0.0,False
2026-07-27,GJ-SAURASHTRA-01,Rajkot,30.2,69.2,18.1,0.1,0.0,False
2026-07-28,GJ-SAURASHTRA-01,Rajkot,28.3,68.1,32.5,0.1,0.0,False
2026-07-29,GJ-SAURASHTRA-01,Rajkot,28.5,79.0,0.0,0.45,0.11,False
2026-07-30,GJ-SAURASHTRA-01,Rajkot,28.9,78.1,20.4,0.77,0.0,False
2026-07-31,GJ-SAURASHTRA-01,Rajkot,26.3,84.5,0.0,0.1,0.0,False
2026-08-01,GJ-SAURASHTRA-01,Rajkot,27.3,83.4,0.0,0.1,0.0,False
2026-08-02,GJ-SAURASHTRA-01,Rajkot,29.0,70.2,8.8,0.3,0.01,False
2026-08-03,GJ-SAURASHTRA-01,Rajkot,31.7,74.4,46.6,0.37,0.0,False
2026-08-04,GJ-SAURASHTRA-01,Rajkot,33.9,80.3,19.4,0.47,0.0,False
2026-08-05,GJ-SAURASHTRA-01,Rajkot,29.4,74.8,13.6,0.38,0.0,False
2026-08-06,GJ-SAURASHTRA-01,Rajkot,32.3,80.6,41.0,0.48,0.0,False
2026-08-07,GJ-SAURASHTRA-01,Rajkot,27.4,91.0,7.5,0.1,0.0,False
2026-08-08,GJ-SAURASHTRA-01,Rajkot,33.7,84.2,0.0,0.54,0.4,False
2026-08-09,GJ-SAURASHTRA-01,Rajkot,32.5,80.3,0.0,0.47,0.36,False
2026-08-10,GJ-SAURASHTRA-01,Rajkot,26.3,79.7,0.0,0.1,0.0,False
2026-08-11,GJ-SAURASHTRA-01,Rajkot,34.0,88.5,0.0,0.61,0.38,False
2026-08-12,GJ-SAURASHTRA-01,Rajkot,27.1,85.3,0.0,0.1,0.0,False
2026-08-13,GJ-SAURASHTRA-01,Rajkot,27.5,89.6,4.9,0.1,0.0,False
2026-08-14,GJ-SAURASHTRA-01,Rajkot,32.8,82.2,18.9,0.5,0.0,False
2026-08-15,GJ-SAURASHTRA-01,Rajkot,30.4,69.3,0.0,0.1,0.33,False
2026-08-16,GJ-SAURASHTRA-01,Rajkot,27.6,69.1,8.3,0.1,0.0,False
2026-08-17,GJ-SAURASHTRA-01,Rajkot,31.0,77.2,0.0,0.42,0.29,False
2026-08-18,GJ-SAURASHTRA-01,Rajkot,31.6,90.1,40.1,0.95,0.0,False
2026-08-19,GJ-SAURASHTRA-01,Rajkot,38.0,75.4,12.6,0.39,0.46,False
2026-08-20,GJ-SAURASHTRA-01,Rajkot,27.4,84.3,0.0,0.1,0.0,False
2026-08-21,GJ-SAURASHTRA-01,Rajkot,31.4,67.3,0.0,0.1,0.42,False
2026-08-22,GJ-SAURASHTRA-01,Rajkot,32.2,76.8,50.8,0.41,0.0,False
2026-08-23,GJ-SAURASHTRA-01,Rajkot,32.3,73.5,0.0,0.36,0.42,False
2026-08-24,GJ-SAURASHTRA-01,Rajkot,32.6,73.5,8.8,0.36,0.22,False
2026-08-25,GJ-SAURASHTRA-01,Rajkot,30.3,85.1,3.3,0.55,0.09,False
2026-08-26,GJ-SAURASHTRA-01,Rajkot,35.3,84.3,0.0,0.54,0.51,False
2026-08-27,GJ-SAURASHTRA-01,Rajkot,27.6,80.3,0.0,0.1,0.04,False
2026-08-28,GJ-SAURASHTRA-01,Rajkot,26.6,78.6,83.0,0.95,0.0,False
2026-08-29,GJ-SAURASHTRA-01,Rajkot,33.2,86.7,37.8,0.58,0.0,False
2026-08-30,GJ-SAURASHTRA-01,Rajkot,34.1,68.4,0.0,0.1,0.59,False
2026-08-31,GJ-SAURASHTRA-01,Rajkot,28.2,87.1,0.0,0.58,0.01,False
2026-09-01,GJ-SAURASHTRA-01,Rajkot,30.8,81.0,0.0,0.48,0.24,False
2026-09-02,GJ-SAURASHTRA-01,Rajkot,38.0,83.2,44.0,0.52,0.0,False
2026-09-03,GJ-SAURASHTRA-01,Rajkot,33.0,91.3,28.8,0.65,0.0,False
2026-09-04,GJ-SAURASHTRA-01,Rajkot,32.3,74.8,28.6,0.38,0.0,False
2026-09-05,GJ-SAURASHTRA-01,Rajkot,29.3,70.3,0.0,0.3,0.25,False
2026-09-06,GJ-SAURASHTRA-01,Rajkot,30.2,73.1,0.0,0.35,0.28,False
2026-09-07,GJ-SAURASHTRA-01,Rajkot,31.1,60.1,11.3,0.1,0.19,False
2026-09-08,GJ-SAURASHTRA-01,Rajkot,33.3,73.3,16.1,0.35,0.08,False
2026-09-09,GJ-SAURASHTRA-01,Rajkot,30.4,93.6,2.4,0.69,0.03,False
2026-09-10,GJ-SAURASHTRA-01,Rajkot,30.6,70.7,4.4,0.31,0.22,False
2026-09-11,GJ-SAURASHTRA-01,Rajkot,28.0,78.5,0.0,0.1,0.08,False
2026-09-12,GJ-SAURASHTRA-01,Rajkot,32.5,91.6,14.0,0.66,0.0,False
2026-09-13,GJ-SAURASHTRA-01,Rajkot,30.6,57.7,67.0,0.1,0.0,False
2026-09-14,GJ-SAURASHTRA-01,Rajkot,25.0,73.6,28.5,0.1,0.0,False
2026-09-15,GJ-SAURASHTRA-01,Rajkot,35.0,70.3,0.0,0.3,0.63,False
2026-09-16,GJ-SAURASHTRA-01,Rajkot,28.0,73.3,3.4,0.1,0.05,False
2026-09-17,GJ-SAURASHTRA-01,Rajkot,31.2,95.7,0.0,0.73,0.12,False
2026-09-18,GJ-SAURASHTRA-01,Rajkot,35.0,81.8,19.4,0.5,0.03,False
2026-09-19,GJ-SAURASHTRA-01,Rajkot,28.5,62.8,17.0,0.1,0.0,False
2026-09-20,GJ-SAURASHTRA-01,Rajkot,35.6,75.6,7.9,0.39,0.42,False
2026-09-21,GJ-SAURASHTRA-01,Rajkot,26.9,45.6,1.9,0.1,0.29,False
2026-09-22,GJ-SAURASHTRA-01,Rajkot,26.3,75.5,0.0,0.1,0.0,False
2026-09-23,GJ-SAURASHTRA-01,Rajkot,34.0,93.4,9.2,0.69,0.1,False
2026-09-24,GJ-SAURASHTRA-01,Rajkot,28.6,76.7,0.0,0.41,0.14,False
2026-09-25,GJ-SAURASHTRA-01,Rajkot,30.0,89.6,17.7,0.95,0.0,False
2026-09-26,GJ-SAURASHTRA-01,Rajkot,30.2,76.0,19.3,0.71,0.0,False
2026-09-27,GJ-SAURASHTRA-01,Rajkot,30.4,84.5,0.0,0.54,0.18,False
2026-09-28,GJ-SAURASHTRA-01,Rajkot,38.1,25.2,0.0,0.1,1.0,False
2026-09-29,GJ-SAURASHTRA-01,Rajkot,41.4,40.6,0.0,0.1,1.0,False
2026-09-30,GJ-SAURASHTRA-01,Rajkot,33.3,56.2,0.0,0.1,0.66,False
2026-10-01,GJ-SAURASHTRA-01,Rajkot,26.3,82.9,61.2,0.95,0.0,True
2026-10-02,GJ-SAURASHTRA-01,Rajkot,30.2,84.8,27.8,0.95,0.0,True
2026-10-03,GJ-SAURASHTRA-01,Rajkot,30.4,89.4,52.9,0.95,0.0,True
2026-10-04,GJ-SAURASHTRA-01,Rajkot,29.8,82.7,36.3,0.95,0.0,True
2026-10-05,GJ-SAURASHTRA-01,Rajkot,30.7,85.1,56.1,0.95,0.0,True
2026-10-06,GJ-SAURASHTRA-01,Rajkot,26.5,91.3,55.0,0.95,0.0,True
2026-10-07,GJ-SAURASHTRA-01,Rajkot,30.5,84.8,58.1,0.95,0.0,True
2026-10-08,GJ-SAURASHTRA-01,Rajkot,28.9,94.3,63.0,0.95,0.0,True
2026-10-09,GJ-SAURASHTRA-01,Rajkot,29.4,84.9,36.7,0.95,0.0,True
2026-10-10,GJ-SAURASHTRA-01,Rajkot,28.5,81.4,56.6,0.95,0.0,True
2026-10-11,GJ-SAURASHTRA-01,Rajkot,27.8,93.3,42.7,0.95,0.0,True
2026-10-12,GJ-SAURASHTRA-01,Rajkot,29.5,81.3,29.0,0.92,0.0,True
2026-10-13,GJ-SAURASHTRA-01,Rajkot,27.9,94.8,28.4,0.95,0.0,True
2026-10-14,GJ-SAURASHTRA-01,Rajkot,28.1,88.4,56.1,0.95,0.0,True
2026-06-03,GJ-SAURASHTRA-02,Junagadh,33.0,44.4,0.0,0.1,0.76,False
2026-06-04,GJ-SAURASHTRA-02,Junagadh,32.8,39.8,0.0,0.1,0.79,False
2026-06-05,GJ-SAURASHTRA-02,Junagadh,36.1,63.3,0.0,0.1,0.77,False
2026-06-06,GJ-SAURASHTRA-02,Junagadh,33.4,53.9,0.0,0.1,0.69,False
2026-06-07,GJ-SAURASHTRA-02,Junagadh,29.6,30.7,0.0,0.1,0.67,False
2026-06-08,GJ-SAURASHTRA-02,Junagadh,34.8,43.9,0.0,0.1,0.88,False
2026-06-09,GJ-SAURASHTRA-02,Junagadh,30.0,80.2,59.5,0.95,0.0,False
2026-06-10,GJ-SAURASHTRA-02,Junagadh,30.2,82.7,1.4,0.51,0.15,False
2026-06-11,GJ-SAURASHTRA-02,Junagadh,31.2,98.0,0.0,0.75,0.1,False
2026-06-12,GJ-SAURASHTRA-02,Junagadh,27.7,98.0,21.4,0.95,0.0,False
2026-06-13,GJ-SAURASHTRA-02,Junagadh,32.9,76.9,15.8,0.42,0.03,False
2026-06-14,GJ-SAURASHTRA-02,Junagadh,32.4,63.5,0.0,0.1,0.52,False
2026-06-15,GJ-SAURASHTRA-02,Junagadh,28.4,56.8,3.8,0.1,0.23,False
2026-06-16,GJ-SAURASHTRA-02,Junagadh,31.1,58.9,15.8,0.1,0.09,False
2026-06-17,GJ-SAURASHTRA-02,Junagadh,32.9,83.7,0.0,0.53,0.36,False
2026-06-18,GJ-SAURASHTRA-02,Junagadh,34.4,85.4,0.0,0.56,0.44,False
2026-06-19,GJ-SAURASHTRA-02,Junagadh,28.6,89.8,9.8,0.63,0.0,False
2026-06-20,GJ-SAURASHTRA-02,Junagadh,26.7,81.0,78.6,0.95,0.0,False
2026-06-21,GJ-SAURASHTRA-02,Junagadh,33.7,76.9,8.6,0.42,0.26,False
2026-06-22,GJ-SAURASHTRA-02,Junagadh,29.8,76.9,9.6,0.42,0.0,False
2026-06-23,GJ-SAURASHTRA-02,Junagadh,30.9,80.6,0.0,0.48,0.25,False
2026-06-24,GJ-SAURASHTRA-02,Junagadh,30.9,93.2,0.0,0.69,0.13,False
2026-06-25,GJ-SAURASHTRA-02,Junagadh,25.2,74.9,0.0,0.1,0.0,False
2026-06-26,GJ-SAURASHTRA-02,Junagadh,31.5,79.2,2.5,0.45,0.25,False
2026-06-27,GJ-SAURASHTRA-02,Junagadh,26.6,85.1,0.0,0.1,0.0,False
2026-06-28,GJ-SAURASHTRA-02,Junagadh,33.8,62.7,0.0,0.1,0.63,False
2026-06-29,GJ-SAURASHTRA-02,Junagadh,27.8,81.3,0.0,0.1,0.04,False
2026-06-30,GJ-SAURASHTRA-02,Junagadh,34.7,79.1,13.2,0.45,0.19,False
2026-07-01,GJ-SAURASHTRA-02,Junagadh,33.5,79.7,0.0,0.46,0.44,False
2026-07-02,GJ-SAURASHTRA-02,Junagadh,32.9,75.5,14.8,0.39,0.07,False
2026-07-03,GJ-SAURASHTRA-02,Junagadh,32.6,92.9,2.6,0.68,0.18,False
2026-07-04,GJ-SAURASHTRA-02,Junagadh,29.0,73.7,0.0,0.36,0.2,False
2026-07-05,GJ-SAURASHTRA-02,Junagadh,34.3,60.7,0.0,0.1,0.68,False
2026-07-06,GJ-SAURASHTRA-02,Junagadh,32.2,75.3,10.4,0.39,0.13,False
2026-07-07,GJ-SAURASHTRA-02,Junagadh,30.2,93.0,0.0,0.68,0.08,False
2026-07-08,GJ-SAURASHTRA-02,Junagadh,25.9,94.3,0.0,0.1,0.0,False
2026-07-09,GJ-SAURASHTRA-02,Junagadh,32.4,77.9,35.7,0.43,0.0,False
2026-07-10,GJ-SAURASHTRA-02,Junagadh,29.9,81.8,5.4,0.5,0.04,False
2026-07-11,GJ-SAURASHTRA-02,Junagadh,25.7,89.2,12.2,0.91,0.0,False
2026-07-12,GJ-SAURASHTRA-02,Junagadh,27.2,81.7,4.9,0.1,0.0,False
2026-07-13,GJ-SAURASHTRA-02,Junagadh,29.1,85.5,3.6,0.56,0.0,False
2026-07-14,GJ-SAURASHTRA-02,Junagadh,29.0,98.0,0.0,0.75,0.0,False
2026-07-15,GJ-SAURASHTRA-02,Junagadh,28.6,73.5,0.0,0.36,0.17,False
2026-07-16,GJ-SAURASHTRA-02,Junagadh,27.6,72.7,0.8,0.1,0.09,False
2026-07-17,GJ-SAURASHTRA-02,Junagadh,29.4,63.7,3.5,0.1,0.24,False
2026-07-18,GJ-SAURASHTRA-02,Junagadh,30.1,97.6,8.2,0.75,0.0,False
2026-07-19,GJ-SAURASHTRA-02,Junagadh,33.6,83.1,0.7,0.52,0.39,False
2026-07-20,GJ-SAURASHTRA-02,Junagadh,29.3,76.9,1.5,0.42,0.15,False
2026-07-21,GJ-SAURASHTRA-02,Junagadh,31.7,70.6,29.5,0.31,0.0,False
2026-07-22,GJ-SAURASHTRA-02,Junagadh,26.3,72.5,0.0,0.1,0.03,False
2026-07-23,GJ-SAURASHTRA-02,Junagadh,34.1,62.8,11.9,0.1,0.35,False
2026-07-24,GJ-SAURASHTRA-02,Junagadh,29.3,94.4,0.0,0.71,0.01,False
2026-07-25,GJ-SAURASHTRA-02,Junagadh,27.0,86.5,0.7,0.1,0.0,False
2026-07-26,GJ-SAURASHTRA-02,Junagadh,32.9,78.3,0.0,0.44,0.41,False
2026-07-27,GJ-SAURASHTRA-02,Junagadh,30.2,68.3,0.0,0.1,0.33,False
2026-07-28,GJ-SAURASHTRA-02,Junagadh,30.6,61.9,10.7,0.1,0.15,False
2026-07-29,GJ-SAURASHTRA-02,Junagadh,29.9,76.1,5.6,0.4,0.09,False
2026-07-30,GJ-SAURASHTRA-02,Junagadh,28.0,67.4,0.0,0.1,0.19,False
2026-07-31,GJ-SAURASHTRA-02,Junagadh,28.9,70.3,0.0,0.3,0.22,False
2026-08-01,GJ-SAURASHTRA-02,Junagadh,32.6,94.9,39.8,0.72,0.0,False
2026-08-02,GJ-SAURASHTRA-02,Junagadh,30.0,69.3,28.0,0.1,0.0,False
2026-08-03,GJ-SAURASHTRA-02,Junagadh,31.6,93.2,13.9,0.95,0.0,False
2026-08-04,GJ-SAURASHTRA-02,Junagadh,28.0,74.1,10.2,0.1,0.0,False
2026-08-05,GJ-SAURASHTRA-02,Junagadh,26.1,92.0,0.0,0.1,0.0,False
2026-08-06,GJ-SAURASHTRA-02,Junagadh,31.7,64.0,15.2,0.1,0.09,False
2026-08-07,GJ-SAURASHTRA-02,Junagadh,28.1,73.4,1.9,0.36,0.09,False
2026-08-08,GJ-SAURASHTRA-02,Junagadh,27.4,72.1,3.2,0.1,0.03,False
2026-08-09,GJ-SAURASHTRA-02,Junagadh,32.1,53.0,3.4,0.1,0.53,False
2026-08-10,GJ-SAURASHTRA-02,Junagadh,27.3,75.6,72.7,0.95,0.0,False
2026-08-11,GJ-SAURASHTRA-02,Junagadh,32.3,72.2,0.0,0.34,0.43,False
2026-08-12,GJ-SAURASHTRA-02,Junagadh,30.6,83.3,3.4,0.52,0.12,False
2026-08-13,GJ-SAURASHTRA-02,Junagadh,34.9,98.0,0.0,0.75,0.35,False
2026-08-14,GJ-SAURASHTRA-02,Junagadh,31.7,71.4,5.9,0.32,0.25,False
2026-08-15,GJ-SAURASHTRA-02,Junagadh,24.6,70.4,0.0,0.1,0.0,False
2026-08-16,GJ-SAURASHTRA-02,Junagadh,30.1,61.7,0.0,0.1,0.39,False
2026-08-17,GJ-SAURASHTRA-02,Junagadh,32.4,62.8,2.2,0.1,0.48,False
2026-08-18,GJ-SAURASHTRA-02,Junagadh,30.8,66.6,0.0,0.1,0.39,False
2026-08-19,GJ-SAURASHTRA-02,Junagadh,30.1,71.5,11.8,0.33,0.0,False
2026-08-20,GJ-SAURASHTRA-02,Junagadh,32.3,72.0,7.4,0.33,0.25,False
2026-08-21,GJ-SAURASHTRA-02,Junagadh,34.3,83.3,20.6,0.52,0.0,False
2026-08-22,GJ-SAURASHTRA-02,Junagadh,26.9,60.3,11.5,0.1,0.0,False
2026-08-23,GJ-SAURASHTRA-02,Junagadh,28.2,81.7,47.7,0.95,0.0,False
2026-08-24,GJ-SAURASHTRA-02,Junagadh,34.7,82.9,50.2,0.52,0.0,False
2026-08-25,GJ-SAURASHTRA-02,Junagadh,28.8,81.4,33.2,0.95,0.0,False
2026-08-26,GJ-SAURASHTRA-02,Junagadh,28.7,73.1,0.0,0.35,0.18,False
2026-08-27,GJ-SAURASHTRA-02,Junagadh,28.7,81.9,0.0,0.5,0.09,False
2026-08-28,GJ-SAURASHTRA-02,Junagadh,31.1,55.9,19.7,0.1,0.02,False
2026-08-29,GJ-SAURASHTRA-02,Junagadh,28.8,90.0,37.7,0.95,0.0,False
2026-08-30,GJ-SAURASHTRA-02,Junagadh,24.0,71.2,10.4,0.1,0.0,False
2026-08-31,GJ-SAURASHTRA-02,Junagadh,35.0,78.2,6.5,0.44,0.39,False
2026-09-01,GJ-SAURASHTRA-02,Junagadh,29.3,81.3,0.0,0.49,0.14,False
2026-09-02,GJ-SAURASHTRA-02,Junagadh,30.3,86.9,8.7,0.58,0.0,False
2026-09-03,GJ-SAURASHTRA-02,Junagadh,33.4,63.2,17.6,0.1,0.15,False
2026-09-04,GJ-SAURASHTRA-02,Junagadh,33.7,83.1,2.7,0.52,0.35,False
2026-09-05,GJ-SAURASHTRA-02,Junagadh,30.2,87.7,0.0,0.59,0.14,False
2026-09-06,GJ-SAURASHTRA-02,Junagadh,27.5,73.4,28.0,0.1,0.0,False
2026-09-07,GJ-SAURASHTRA-02,Junagadh,27.4,86.3,0.0,0.1,0.0,False
2026-09-08,GJ-SAURASHTRA-02,Junagadh,28.6,78.7,0.0,0.45,0.12,False
2026-09-09,GJ-SAURASHTRA-02,Junagadh,32.5,74.5,25.9,0.38,0.0,False
2026-09-10,GJ-SAURASHTRA-02,Junagadh,27.1,75.3,31.0,0.82,0.0,False
2026-09-11,GJ-SAURASHTRA-02,Junagadh,31.1,73.6,0.0,0.36,0.34,False
2026-09-12,GJ-SAURASHTRA-02,Junagadh,27.2,85.6,0.0,0.1,0.0,False
2026-09-13,GJ-SAURASHTRA-02,Junagadh,33.0,91.9,22.9,0.67,0.0,False
2026-09-14,GJ-SAURASHTRA-02,Junagadh,30.8,61.7,0.0,0.1,0.44,False
2026-09-15,GJ-SAURASHTRA-02,Junagadh,34.5,60.2,7.6,0.1,0.51,False
2026-09-16,GJ-SAURASHTRA-02,Junagadh,37.9,79.8,11.2,0.46,0.45,False
2026-09-17,GJ-SAURASHTRA-02,Junagadh,32.2,79.1,17.0,0.45,0.0,False
2026-09-18,GJ-SAURASHTRA-02,Junagadh,31.3,80.2,21.5,0.82,0.0,False
2026-09-19,GJ-SAURASHTRA-02,Junagadh,34.0,96.8,3.0,0.75,0.22,False
2026-09-20,GJ-SAURASHTRA-02,Junagadh,30.3,79.8,9.9,0.46,0.0,False
2026-09-21,GJ-SAURASHTRA-02,Junagadh,32.3,77.1,0.0,0.42,0.38,False
2026-09-22,GJ-SAURASHTRA-02,Junagadh,33.3,78.6,2.2,0.44,0.38,False
2026-09-23,GJ-SAURASHTRA-02,Junagadh,34.6,61.1,0.0,0.1,0.7,False
2026-09-24,GJ-SAURASHTRA-02,Junagadh,28.7,76.4,0.0,0.41,0.15,False
2026-09-25,GJ-SAURASHTRA-02,Junagadh,24.0,86.5,29.2,0.95,0.0,False
2026-09-26,GJ-SAURASHTRA-02,Junagadh,31.9,75.7,0.0,0.4,0.37,False
2026-09-27,GJ-SAURASHTRA-02,Junagadh,27.5,90.7,0.0,0.1,0.0,False
2026-09-28,GJ-SAURASHTRA-02,Junagadh,32.0,30.0,0.0,0.1,0.83,False
2026-09-29,GJ-SAURASHTRA-02,Junagadh,32.4,34.5,0.0,0.1,0.81,False
2026-09-30,GJ-SAURASHTRA-02,Junagadh,27.7,47.9,0.0,0.1,0.37,False
2026-10-01,GJ-SAURASHTRA-02,Junagadh,26.1,89.5,48.2,0.95,0.0,True
2026-10-02,GJ-SAURASHTRA-02,Junagadh,28.5,95.0,28.4,0.95,0.0,True
2026-10-03,GJ-SAURASHTRA-02,Junagadh,30.5,83.1,55.0,0.95,0.0,True
2026-10-04,GJ-SAURASHTRA-02,Junagadh,28.8,87.1,26.5,0.95,0.0,True
2026-10-05,GJ-SAURASHTRA-02,Junagadh,28.8,86.0,42.6,0.95,0.0,True
2026-10-06,GJ-SAURASHTRA-02,Junagadh,27.4,85.6,62.8,0.95,0.0,True
2026-10-07,GJ-SAURASHTRA-02,Junagadh,29.6,82.3,26.0,0.91,0.0,True
2026-10-08,GJ-SAURASHTRA-02,Junagadh,29.4,83.5,33.9,0.95,0.0,True
2026-10-09,GJ-SAURASHTRA-02,Junagadh,26.5,83.6,51.1,0.95,0.0,True
2026-10-10,GJ-SAURASHTRA-02,Junagadh,28.0,92.5,59.2,0.95,0.0,True
2026-10-11,GJ-SAURASHTRA-02,Junagadh,26.1,93.4,36.7,0.95,0.0,True
2026-10-12,GJ-SAURASHTRA-02,Junagadh,27.7,92.3,60.7,0.95,0.0,True
2026-10-13,GJ-SAURASHTRA-02,Junagadh,29.1,84.0,48.6,0.95,0.0,True
2026-10-14,GJ-SAURASHTRA-02,Junagadh,29.8,94.2,36.8,0.95,0.0,True
2026-06-03,GJ-CENTRAL-01,Vadodara,32.9,59.7,0.0,0.1,0.6,False
2026-06-04,GJ-CENTRAL-01,Vadodara,38.4,44.0,0.0,0.1,1.0,False
2026-06-05,GJ-CENTRAL-01,Vadodara,35.7,73.9,0.0,0.37,0.64,False
2026-06-06,GJ-CENTRAL-01,Vadodara,31.3,40.5,0.0,0.1,0.68,False
2026-06-07,GJ-CENTRAL-01,Vadodara,33.4,32.5,0.0,0.1,0.9,False
2026-06-08,GJ-CENTRAL-01,Vadodara,29.1,50.4,0.6,0.1,0.42,False
2026-06-09,GJ-CENTRAL-01,Vadodara,24.9,82.1,0.0,0.1,0.0,False
2026-06-10,GJ-CENTRAL-01,Vadodara,31.4,88.3,0.0,0.6,0.21,False
2026-06-11,GJ-CENTRAL-01,Vadodara,32.9,80.6,0.0,0.48,0.39,False
2026-06-12,GJ-CENTRAL-01,Vadodara,31.5,68.0,16.5,0.1,0.01,False
2026-06-13,GJ-CENTRAL-01,Vadodara,32.4,76.4,0.0,0.41,0.4,False
2026-06-14,GJ-CENTRAL-01,Vadodara,30.1,71.8,8.7,0.33,0.07,False
2026-06-15,GJ-CENTRAL-01,Vadodara,30.6,74.5,3.3,0.38,0.21,False
2026-06-16,GJ-CENTRAL-01,Vadodara,31.7,63.7,0.0,0.1,0.48,False
2026-06-17,GJ-CENTRAL-01,Vadodara,25.9,68.8,8.9,0.1,0.0,False
2026-06-18,GJ-CENTRAL-01,Vadodara,33.2,68.2,0.0,0.1,0.53,False
2026-06-19,GJ-CENTRAL-01,Vadodara,29.1,98.0,15.0,0.95,0.0,False
2026-06-20,GJ-CENTRAL-01,Vadodara,32.1,69.4,49.7,0.1,0.0,False
2026-06-21,GJ-CENTRAL-01,Vadodara,25.4,84.1,0.6,0.1,0.0,False
2026-06-22,GJ-CENTRAL-01,Vadodara,28.0,77.9,0.0,0.1,0.09,False
2026-06-23,GJ-CENTRAL-01,Vadodara,27.9,89.5,16.4,0.95,0.0,False
2026-06-24,GJ-CENTRAL-01,Vadodara,35.3,77.7,0.0,0.43,0.58,False
2026-06-25,GJ-CENTRAL-01,Vadodara,35.4,71.7,0.0,0.33,0.64,False
2026-06-26,GJ-CENTRAL-01,Vadodara,31.6,83.0,5.1,0.52,0.15,False
2026-06-27,GJ-CENTRAL-01,Vadodara,25.3,84.2,21.4,0.9,0.0,False
2026-06-28,GJ-CENTRAL-01,Vadodara,29.3,70.7,0.0,0.31,0.25,False
2026-06-29,GJ-CENTRAL-01,Vadodara,29.3,64.8,44.9,0.1,0.0,False
2026-06-30,GJ-CENTRAL-01,Vadodara,31.8,81.8,14.1,0.78,0.0,False
2026-07-01,GJ-CENTRAL-01,Vadodara,33.2,90.9,29.6,0.65,0.0,False
2026-07-02,GJ-CENTRAL-01,Vadodara,31.9,73.5,0.0,0.36,0.39,False
2026-07-03,GJ-CENTRAL-01,Vadodara,29.8,62.7,0.0,0.1,0.36,False
2026-07-04,GJ-CENTRAL-01,Vadodara,30.6,82.3,79.1,0.95,0.0,False
2026-07-05,GJ-CENTRAL-01,Vadodara,30.4,86.2,3.6,0.57,0.07,False
2026-07-06,GJ-CENTRAL-01,Vadodara,33.2,67.2,0.6,0.1,0.53,False
2026-07-07,GJ-CENTRAL-01,Vadodara,29.8,89.3,46.5,0.95,0.0,False
2026-07-08,GJ-CENTRAL-01,Vadodara,28.5,87.4,33.5,0.95,0.0,False
2026-07-09,GJ-CENTRAL-01,Vadodara,28.6,79.0,0.0,0.45,0.12,False
2026-07-10,GJ-CENTRAL-01,Vadodara,29.1,73.7,0.0,0.36,0.2,False
2026-07-11,GJ-CENTRAL-01,Vadodara,28.6,80.2,0.0,0.47,0.1,False
2026-07-12,GJ-CENTRAL-01,Vadodara,30.4,75.4,7.5,0.39,0.09,False
2026-07-13,GJ-CENTRAL-01,Vadodara,30.6,92.5,6.8,0.68,0.0,False
2026-07-14,GJ-CENTRAL-01,Vadodara,30.8,86.7,6.9,0.58,0.01,False
2026-07-15,GJ-CENTRAL-01,Vadodara,33.2,78.8,17.2,0.45,0.0,False
2026-07-16,GJ-CENTRAL-01,Vadodara,34.2,72.8,0.0,0.35,0.55,False
2026-07-17,GJ-CENTRAL-01,Vadodara,28.9,98.0,0.0,0.75,0.0,False
2026-07-18,GJ-CENTRAL-01,Vadodara,34.4,73.5,0.0,0.36,0.56,False
2026-07-19,GJ-CENTRAL-01,Vadodara,32.4,69.3,9.8,0.1,0.22,False
2026-07-20,GJ-CENTRAL-01,Vadodara,27.2,64.6,2.1,0.1,0.11,False
2026-07-21,GJ-CENTRAL-01,Vadodara,26.4,58.7,6.3,0.1,0.02,False
2026-07-22,GJ-CENTRAL-01,Vadodara,29.4,87.8,20.5,0.95,0.0,False
2026-07-23,GJ-CENTRAL-01,Vadodara,32.0,77.5,0.0,0.42,0.36,False
2026-07-24,GJ-CENTRAL-01,Vadodara,34.9,89.7,17.1,0.63,0.0,False
2026-07-25,GJ-CENTRAL-01,Vadodara,28.4,71.6,12.9,0.33,0.0,False
2026-07-26,GJ-CENTRAL-01,Vadodara,28.1,83.6,4.5,0.53,0.0,False
2026-07-27,GJ-CENTRAL-01,Vadodara,28.3,92.2,7.8,0.67,0.0,False
2026-07-28,GJ-CENTRAL-01,Vadodara,28.9,81.4,21.4,0.84,0.0,False
2026-07-29,GJ-CENTRAL-01,Vadodara,27.9,70.9,0.0,0.1,0.15,False
2026-07-30,GJ-CENTRAL-01,Vadodara,35.4,93.5,13.9,0.69,0.08,False
2026-07-31,GJ-CENTRAL-01,Vadodara,28.8,71.9,0.0,0.33,0.2,False
2026-08-01,GJ-CENTRAL-01,Vadodara,33.3,83.4,39.5,0.52,0.0,False
2026-08-02,GJ-CENTRAL-01,Vadodara,27.6,76.2,14.4,0.67,0.0,False
2026-08-03,GJ-CENTRAL-01,Vadodara,27.1,86.8,8.4,0.1,0.0,False
2026-08-04,GJ-CENTRAL-01,Vadodara,30.7,72.8,12.3,0.35,0.01,False
2026-08-05,GJ-CENTRAL-01,Vadodara,33.6,77.8,0.0,0.43,0.46,False
2026-08-06,GJ-CENTRAL-01,Vadodara,31.0,90.1,11.8,0.92,0.0,False
2026-08-07,GJ-CENTRAL-01,Vadodara,26.6,91.2,0.0,0.1,0.0,False
2026-08-08,GJ-CENTRAL-01,Vadodara,28.9,83.8,15.0,0.83,0.0,False
2026-08-09,GJ-CENTRAL-01,Vadodara,31.3,87.3,28.7,0.95,0.0,False
2026-08-10,GJ-CENTRAL-01,Vadodara,32.1,82.1,0.0,0.5,0.32,False
2026-08-11,GJ-CENTRAL-01,Vadodara,33.5,88.7,32.7,0.61,0.0,False
2026-08-12,GJ-CENTRAL-01,Vadodara,31.4,71.5,17.4,0.33,0.0,False
2026-08-13,GJ-CENTRAL-01,Vadodara,27.5,74.3,0.0,0.1,0.09,False
2026-08-14,GJ-CENTRAL-01,Vadodara,28.8,81.7,24.5,0.88,0.0,False
2026-08-15,GJ-CENTRAL-01,Vadodara,33.8,78.3,0.0,0.44,0.47,False
2026-08-16,GJ-CENTRAL-01,Vadodara,30.1,79.9,0.0,0.47,0.21,False
2026-08-17,GJ-CENTRAL-01,Vadodara,32.2,64.4,0.0,0.1,0.5,False
2026-08-18,GJ-CENTRAL-01,Vadodara,36.5,84.5,0.0,0.54,0.59,False
2026-08-19,GJ-CENTRAL-01,Vadodara,28.8,80.7,27.2,0.89,0.0,False
2026-08-20,GJ-CENTRAL-01,Vadodara,30.8,77.0,14.0,0.68,0.0,False
2026-08-21,GJ-CENTRAL-01,Vadodara,30.6,84.1,0.0,0.53,0.2,False
2026-08-22,GJ-CENTRAL-01,Vadodara,31.2,79.8,1.9,0.46,0.23,False
2026-08-23,GJ-CENTRAL-01,Vadodara,28.8,76.1,0.0,0.4,0.16,False
2026-08-24,GJ-CENTRAL-01,Vadodara,27.9,79.3,22.2,0.81,0.0,False
2026-08-25,GJ-CENTRAL-01,Vadodara,30.4,73.2,7.6,0.35,0.1,False
2026-08-26,GJ-CENTRAL-01,Vadodara,31.1,72.4,36.9,0.34,0.0,False
2026-08-27,GJ-CENTRAL-01,Vadodara,29.8,93.7,0.0,0.7,0.05,False
2026-08-28,GJ-CENTRAL-01,Vadodara,28.8,61.0,20.7,0.1,0.0,False
2026-08-29,GJ-CENTRAL-01,Vadodara,29.5,65.7,0.0,0.1,0.31,False
2026-08-30,GJ-CENTRAL-01,Vadodara,32.1,67.8,28.5,0.1,0.0,False
2026-08-31,GJ-CENTRAL-01,Vadodara,28.3,80.4,0.0,0.47,0.08,False
2026-09-01,GJ-CENTRAL-01,Vadodara,32.6,65.2,0.0,0.1,0.52,False
2026-09-02,GJ-CENTRAL-01,Vadodara,26.6,75.8,54.2,0.95,0.0,False
2026-09-03,GJ-CENTRAL-01,Vadodara,26.8,96.5,51.8,0.95,0.0,False
2026-09-04,GJ-CENTRAL-01,Vadodara,27.9,62.7,0.0,0.1,0.23,False
2026-09-05,GJ-CENTRAL-01,Vadodara,29.4,87.0,74.4,0.95,0.0,False
2026-09-06,GJ-CENTRAL-01,Vadodara,34.3,65.5,4.7,0.1,0.51,False
2026-09-07,GJ-CENTRAL-01,Vadodara,33.4,77.2,0.0,0.42,0.45,False
2026-09-08,GJ-CENTRAL-01,Vadodara,29.3,80.7,62.1,0.95,0.0,False
2026-09-09,GJ-CENTRAL-01,Vadodara,32.2,85.1,0.0,0.55,0.3,False
2026-09-10,GJ-CENTRAL-01,Vadodara,34.0,84.4,33.5,0.54,0.0,False
2026-09-11,GJ-CENTRAL-01,Vadodara,32.1,80.0,0.0,0.47,0.34,False
2026-09-12,GJ-CENTRAL-01,Vadodara,29.9,67.7,28.7,0.1,0.0,False
2026-09-13,GJ-CENTRAL-01,Vadodara,35.4,71.2,2.4,0.32,0.59,False
2026-09-14,GJ-CENTRAL-01,Vadodara,30.0,70.6,4.0,0.31,0.19,False
2026-09-15,GJ-CENTRAL-01,Vadodara,28.0,86.4,15.7,0.89,0.0,False
2026-09-16,GJ-CENTRAL-01,Vadodara,29.9,75.2,6.7,0.39,0.07,False
2026-09-17,GJ-CENTRAL-01,Vadodara,27.9,76.3,0.0,0.1,0.1,False
2026-09-18,GJ-CENTRAL-01,Vadodara,28.5,98.0,0.0,0.75,0.0,False
2026-09-19,GJ-CENTRAL-01,Vadodara,31.3,85.9,6.2,0.57,0.07,False
2026-09-20,GJ-CENTRAL-01,Vadodara,29.9,68.3,0.0,0.1,0.31,False
2026-09-21,GJ-CENTRAL-01,Vadodara,26.5,78.0,0.0,0.1,0.0,False
2026-09-22,GJ-CENTRAL-01,Vadodara,35.3,83.2,17.3,0.52,0.09,False
2026-09-23,GJ-CENTRAL-01,Vadodara,24.0,80.1,0.2,0.1,0.0,False
2026-09-24,GJ-CENTRAL-01,Vadodara,28.0,75.5,0.0,0.1,0.11,False
2026-09-25,GJ-CENTRAL-01,Vadodara,29.2,68.0,0.0,0.1,0.27,False
2026-09-26,GJ-CENTRAL-01,Vadodara,31.9,87.9,15.1,0.91,0.0,False
2026-09-27,GJ-CENTRAL-01,Vadodara,32.8,92.0,4.0,0.67,0.17,False
2026-09-28,GJ-CENTRAL-01,Vadodara,30.4,48.7,0.0,0.1,0.54,False
2026-09-29,GJ-CENTRAL-01,Vadodara,34.6,56.4,0.0,0.1,0.74,False
2026-09-30,GJ-CENTRAL-01,Vadodara,35.5,58.7,0.0,0.1,0.78,False
2026-10-01,GJ-CENTRAL-01,Vadodara,36.8,49.4,0.8,0.1,0.94,True
2026-10-02,GJ-CENTRAL-01,Vadodara,38.3,45.6,0.0,0.1,1.0,True
2026-10-03,GJ-CENTRAL-01,Vadodara,33.8,68.8,2.1,0.1,0.51,True
2026-10-04,GJ-CENTRAL-01,Vadodara,31.1,40.2,0.0,0.1,0.67,True
2026-10-05,GJ-CENTRAL-01,Vadodara,34.7,44.2,0.0,0.1,0.87,True
2026-10-06,GJ-CENTRAL-01,Vadodara,30.7,54.3,0.0,0.1,0.5,True
2026-10-07,GJ-CENTRAL-01,Vadodara,41.6,47.7,0.0,0.1,1.0,True
2026-10-08,GJ-CENTRAL-01,Vadodara,34.7,68.7,0.0,0.1,0.63,True
2026-10-09,GJ-CENTRAL-01,Vadodara,33.5,48.5,0.0,0.1,0.75,True
2026-10-10,GJ-CENTRAL-01,Vadodara,28.9,55.4,0.0,0.1,0.37,True
2026-10-11,GJ-CENTRAL-01,Vadodara,26.3,44.9,0.0,0.1,0.3,True
2026-10-12,GJ-CENTRAL-01,Vadodara,35.6,52.8,0.0,0.1,0.85,True
2026-10-13,GJ-CENTRAL-01,Vadodara,39.3,42.2,0.0,0.1,1.0,True
2026-10-14,GJ-CENTRAL-01,Vadodara,27.1,33.3,0.0,0.1,0.47,True
2026-06-03,GJ-CENTRAL-02,Anand,37.2,50.7,0.0,0.1,0.97,False
2026-06-04,GJ-CENTRAL-02,Anand,40.1,46.7,1.2,0.1,1.0,False
2026-06-05,GJ-CENTRAL-02,Anand,30.7,28.4,0.0,0.1,0.76,False
2026-06-06,GJ-CENTRAL-02,Anand,33.7,57.6,0.0,0.1,0.67,False
2026-06-07,GJ-CENTRAL-02,Anand,28.0,54.4,0.0,0.1,0.32,False
2026-06-08,GJ-CENTRAL-02,Anand,36.1,64.5,0.0,0.1,0.76,False
2026-06-09,GJ-CENTRAL-02,Anand,30.8,82.9,2.5,0.52,0.16,False
2026-06-10,GJ-CENTRAL-02,Anand,28.0,72.5,0.0,0.1,0.14,False
2026-06-11,GJ-CENTRAL-02,Anand,29.1,81.2,64.0,0.95,0.0,False
2026-06-12,GJ-CENTRAL-02,Anand,28.9,83.4,12.2,0.79,0.0,False
2026-06-13,GJ-CENTRAL-02,Anand,30.7,55.7,10.6,0.1,0.22,False
2026-06-14,GJ-CENTRAL-02,Anand,31.0,66.4,0.0,0.1,0.4,False
2026-06-15,GJ-CENTRAL-02,Anand,29.7,81.7,0.0,0.49,0.16,False
2026-06-16,GJ-CENTRAL-02,Anand,26.3,86.1,0.0,0.1,0.0,False
2026-06-17,GJ-CENTRAL-02,Anand,27.9,89.1,0.0,0.1,0.0,False
2026-06-18,GJ-CENTRAL-02,Anand,31.4,77.5,2.5,0.42,0.26,False
2026-06-19,GJ-CENTRAL-02,Anand,30.8,57.0,4.8,0.1,0.36,False
2026-06-20,GJ-CENTRAL-02,Anand,33.7,75.4,0.0,0.39,0.49,False
2026-06-21,GJ-CENTRAL-02,Anand,32.6,93.0,5.1,0.68,0.12,False
2026-06-22,GJ-CENTRAL-02,Anand,33.7,86.5,3.3,0.57,0.3,False
2026-06-23,GJ-CENTRAL-02,Anand,29.7,90.1,0.0,0.63,0.08,False
2026-06-24,GJ-CENTRAL-02,Anand,30.7,88.3,29.5,0.95,0.0,False
2026-06-25,GJ-CENTRAL-02,Anand,28.3,74.7,4.1,0.38,0.04,False
2026-06-26,GJ-CENTRAL-02,Anand,27.9,78.5,0.0,0.1,0.07,False
2026-06-27,GJ-CENTRAL-02,Anand,29.8,85.3,49.7,0.95,0.0,False
2026-06-28,GJ-CENTRAL-02,Anand,24.0,78.8,0.0,0.1,0.0,False
2026-06-29,GJ-CENTRAL-02,Anand,31.4,79.4,0.8,0.46,0.28,False
2026-06-30,GJ-CENTRAL-02,Anand,24.0,88.0,36.4,0.95,0.0,False
2026-07-01,GJ-CENTRAL-02,Anand,29.6,98.0,0.0,0.75,0.0,False
2026-07-02,GJ-CENTRAL-02,Anand,31.9,68.6,2.7,0.1,0.37,False
2026-07-03,GJ-CENTRAL-02,Anand,28.0,80.8,0.0,0.1,0.06,False
2026-07-04,GJ-CENTRAL-02,Anand,30.7,76.1,10.6,0.63,0.02,False
2026-07-05,GJ-CENTRAL-02,Anand,36.0,77.7,21.2,0.43,0.09,False
2026-07-06,GJ-CENTRAL-02,Anand,30.9,87.6,0.0,0.59,0.18,False
2026-07-07,GJ-CENTRAL-02,Anand,30.2,73.5,0.0,0.36,0.28,False
2026-07-08,GJ-CENTRAL-02,Anand,33.6,89.1,48.1,0.62,0.0,False
2026-07-09,GJ-CENTRAL-02,Anand,34.9,67.1,4.4,0.1,0.55,False
2026-07-10,GJ-CENTRAL-02,Anand,27.7,81.0,19.0,0.81,0.0,False
2026-07-11,GJ-CENTRAL-02,Anand,29.2,88.1,134.0,0.95,0.0,False
2026-07-12,GJ-CENTRAL-02,Anand,31.4,94.1,27.5,0.95,0.0,False
2026-07-13,GJ-CENTRAL-02,Anand,27.2,61.2,37.9,0.1,0.0,False
2026-07-14,GJ-CENTRAL-02,Anand,32.1,84.0,19.8,0.53,0.0,False
2026-07-15,GJ-CENTRAL-02,Anand,29.2,90.9,28.8,0.95,0.0,False
2026-07-16,GJ-CENTRAL-02,Anand,30.0,76.3,2.3,0.4,0.18,False
2026-07-17,GJ-CENTRAL-02,Anand,25.1,65.2,7.1,0.1,0.0,False
2026-07-18,GJ-CENTRAL-02,Anand,24.0,68.1,21.4,0.1,0.0,False
2026-07-19,GJ-CENTRAL-02,Anand,28.2,65.1,4.9,0.1,0.11,False
2026-07-20,GJ-CENTRAL-02,Anand,33.0,94.4,1.4,0.71,0.22,False
2026-07-21,GJ-CENTRAL-02,Anand,28.0,55.5,17.4,0.1,0.0,False
2026-07-22,GJ-CENTRAL-02,Anand,36.9,53.0,35.8,0.1,0.04,False
2026-07-23,GJ-CENTRAL-02,Anand,25.4,66.4,0.5,0.1,0.02,False
2026-07-24,GJ-CENTRAL-02,Anand,24.5,92.5,0.0,0.1,0.0,False
2026-07-25,GJ-CENTRAL-02,Anand,32.2,98.0,0.0,0.75,0.17,False
2026-07-26,GJ-CENTRAL-02,Anand,32.6,83.9,26.1,0.53,0.0,False
2026-07-27,GJ-CENTRAL-02,Anand,31.2,75.5,56.0,0.95,0.0,False
2026-07-28,GJ-CENTRAL-02,Anand,29.2,70.5,47.1,0.31,0.0,False
2026-07-29,GJ-CENTRAL-02,Anand,27.0,69.3,12.0,0.1,0.0,False
2026-07-30,GJ-CENTRAL-02,Anand,28.1,87.7,0.0,0.59,0.0,False
2026-07-31,GJ-CENTRAL-02,Anand,31.2,58.9,0.0,0.1,0.49,False
2026-08-01,GJ-CENTRAL-02,Anand,32.3,93.1,0.0,0.68,0.22,False
2026-08-02,GJ-CENTRAL-02,Anand,25.2,72.0,0.0,0.1,0.0,False
2026-08-03,GJ-CENTRAL-02,Anand,29.5,76.7,0.0,0.41,0.2,False
2026-08-04,GJ-CENTRAL-02,Anand,26.0,79.1,20.6,0.79,0.0,False
2026-08-05,GJ-CENTRAL-02,Anand,31.0,72.0,0.0,0.33,0.35,False
2026-08-06,GJ-CENTRAL-02,Anand,31.3,62.1,0.0,0.1,0.47,False
2026-08-07,GJ-CENTRAL-02,Anand,29.8,92.0,59.3,0.95,0.0,False
2026-08-08,GJ-CENTRAL-02,Anand,28.7,79.3,14.4,0.73,0.0,False
2026-08-09,GJ-CENTRAL-02,Anand,31.6,79.2,0.0,0.45,0.31,False
2026-08-10,GJ-CENTRAL-02,Anand,31.2,75.2,30.8,0.81,0.0,False
2026-08-11,GJ-CENTRAL-02,Anand,35.2,64.0,4.3,0.1,0.6,False
2026-08-12,GJ-CENTRAL-02,Anand,32.3,75.2,33.0,0.39,0.0,False
2026-08-13,GJ-CENTRAL-02,Anand,27.9,85.5,0.0,0.1,0.0,False
2026-08-14,GJ-CENTRAL-02,Anand,33.7,75.1,5.8,0.38,0.35,False
2026-08-15,GJ-CENTRAL-02,Anand,27.7,80.4,19.8,0.81,0.0,False
2026-08-16,GJ-CENTRAL-02,Anand,30.9,66.1,10.8,0.1,0.13,False
2026-08-17,GJ-CENTRAL-02,Anand,31.4,74.5,24.0,0.38,0.0,False
2026-08-18,GJ-CENTRAL-02,Anand,29.6,78.4,1.8,0.44,0.14,False
2026-08-19,GJ-CENTRAL-02,Anand,30.8,62.6,16.8,0.1,0.01,False
2026-08-20,GJ-CENTRAL-02,Anand,24.9,92.6,0.0,0.1,0.0,False
2026-08-21,GJ-CENTRAL-02,Anand,30.0,81.1,0.0,0.48,0.19,False
2026-08-22,GJ-CENTRAL-02,Anand,27.7,82.1,0.0,0.1,0.03,False
2026-08-23,GJ-CENTRAL-02,Anand,28.3,94.8,9.3,0.71,0.0,False
2026-08-24,GJ-CENTRAL-02,Anand,28.4,81.0,21.2,0.83,0.0,False
2026-08-25,GJ-CENTRAL-02,Anand,29.4,74.2,15.5,0.37,0.0,False
2026-08-26,GJ-CENTRAL-02,Anand,27.9,67.0,1.6,0.1,0.15,False
2026-08-27,GJ-CENTRAL-02,Anand,27.7,78.3,7.9,0.1,0.0,False
2026-08-28,GJ-CENTRAL-02,Anand,32.1,71.8,1.3,0.33,0.39,False
2026-08-29,GJ-CENTRAL-02,Anand,32.5,81.3,14.0,0.49,0.0,False
2026-08-30,GJ-CENTRAL-02,Anand,31.1,58.1,0.0,0.1,0.49,False
2026-08-31,GJ-CENTRAL-02,Anand,26.4,90.3,0.0,0.1,0.0,False
2026-09-01,GJ-CENTRAL-02,Anand,35.8,84.9,92.5,0.55,0.0,False
2026-09-02,GJ-CENTRAL-02,Anand,35.2,75.4,0.0,0.39,0.59,False
2026-09-03,GJ-CENTRAL-02,Anand,28.0,79.0,0.0,0.1,0.08,False
2026-09-04,GJ-CENTRAL-02,Anand,27.2,83.4,56.9,0.95,0.0,False
2026-09-05,GJ-CENTRAL-02,Anand,30.2,68.9,4.0,0.1,0.22,False
2026-09-06,GJ-CENTRAL-02,Anand,29.1,93.8,0.0,0.7,0.0,False
2026-09-07,GJ-CENTRAL-02,Anand,31.8,88.9,7.7,0.62,0.04,False
2026-09-08,GJ-CENTRAL-02,Anand,29.1,67.1,0.0,0.1,0.27,False
2026-09-09,GJ-CENTRAL-02,Anand,32.3,78.7,88.0,0.45,0.0,False
2026-09-10,GJ-CENTRAL-02,Anand,33.7,78.8,0.0,0.45,0.46,False
2026-09-11,GJ-CENTRAL-02,Anand,30.7,70.5,0.0,0.31,0.34,False
2026-09-12,GJ-CENTRAL-02,Anand,29.5,79.3,25.3,0.84,0.0,False
2026-09-13,GJ-CENTRAL-02,Anand,32.9,85.1,0.0,0.55,0.34,False
2026-09-14,GJ-CENTRAL-02,Anand,27.3,67.3,0.7,0.1,0.13,False
2026-09-15,GJ-CENTRAL-02,Anand,29.3,71.0,0.0,0.32,0.24,False
2026-09-16,GJ-CENTRAL-02,Anand,31.5,59.6,49.8,0.1,0.0,False
2026-09-17,GJ-CENTRAL-02,Anand,24.0,67.0,0.0,0.1,0.0,False
2026-09-18,GJ-CENTRAL-02,Anand,37.5,81.9,0.0,0.5,0.68,False
2026-09-19,GJ-CENTRAL-02,Anand,32.5,77.9,0.0,0.43,0.39,False
2026-09-20,GJ-CENTRAL-02,Anand,29.7,78.8,0.0,0.45,0.19,False
2026-09-21,GJ-CENTRAL-02,Anand,31.8,83.7,8.6,0.53,0.07,False
2026-09-22,GJ-CENTRAL-02,Anand,29.3,72.9,0.0,0.35,0.22,False
2026-09-23,GJ-CENTRAL-02,Anand,27.3,83.4,9.3,0.1,0.0,False
2026-09-24,GJ-CENTRAL-02,Anand,30.5,78.5,7.6,0.44,0.06,False
2026-09-25,GJ-CENTRAL-02,Anand,30.6,75.7,0.0,0.4,0.28,False
2026-09-26,GJ-CENTRAL-02,Anand,29.1,98.0,0.0,0.75,0.0,False
2026-09-27,GJ-CENTRAL-02,Anand,31.6,71.5,0.0,0.33,0.39,False
2026-09-28,GJ-CENTRAL-02,Anand,33.3,25.0,0.0,0.1,0.97,False
2026-09-29,GJ-CENTRAL-02,Anand,32.3,40.7,0.3,0.1,0.74,False
2026-09-30,GJ-CENTRAL-02,Anand,35.1,48.7,0.0,0.1,0.85,False
2026-10-01,GJ-CENTRAL-02,Anand,34.9,47.2,0.0,0.1,0.85,True
2026-10-02,GJ-CENTRAL-02,Anand,25.1,48.8,0.0,0.1,0.19,True
2026-10-03,GJ-CENTRAL-02,Anand,32.4,36.7,0.0,0.1,0.79,True
2026-10-04,GJ-CENTRAL-02,Anand,35.4,33.5,0.0,0.1,1.0,True
2026-10-05,GJ-CENTRAL-02,Anand,34.7,36.4,1.9,0.1,0.9,True
2026-10-06,GJ-CENTRAL-02,Anand,32.7,39.7,0.0,0.1,0.78,True
2026-10-07,GJ-CENTRAL-02,Anand,31.4,41.2,0.0,0.1,0.68,True
2026-10-08,GJ-CENTRAL-02,Anand,30.2,43.6,0.0,0.1,0.58,True
2026-10-09,GJ-CENTRAL-02,Anand,30.5,51.6,0.0,0.1,0.52,True
2026-10-10,GJ-CENTRAL-02,Anand,30.1,48.2,0.0,0.1,0.52,True
2026-10-11,GJ-CENTRAL-02,Anand,36.6,29.6,0.0,0.1,1.0,True
2026-10-12,GJ-CENTRAL-02,Anand,42.0,54.0,0.0,0.1,1.0,True
2026-10-13,GJ-CENTRAL-02,Anand,32.2,35.5,0.0,0.1,0.79,True
2026-10-14,GJ-CENTRAL-02,Anand,37.0,46.5,0.0,0.1,1.0,True
2026-06-03,GJ-SOUTH-01,Surat,29.8,41.9,0.0,0.1,0.57,False
2026-06-04,GJ-SOUTH-01,Surat,33.2,62.5,0.0,0.1,0.59,False
2026-06-05,GJ-SOUTH-01,Surat,37.5,58.5,0.0,0.1,0.92,False
2026-06-06,GJ-SOUTH-01,Surat,33.8,47.6,0.0,0.1,0.78,False
2026-06-07,GJ-SOUTH-01,Surat,34.4,43.3,0.0,0.1,0.86,False
2026-06-08,GJ-SOUTH-01,Surat,36.1,41.4,0.6,0.1,0.98,False
2026-06-09,GJ-SOUTH-01,Surat,32.1,63.2,0.0,0.1,0.51,False
2026-06-10,GJ-SOUTH-01,Surat,33.2,77.8,0.0,0.43,0.44,False
2026-06-11,GJ-SOUTH-01,Surat,28.6,79.2,0.0,0.45,0.11,False
2026-06-12,GJ-SOUTH-01,Surat,31.4,66.1,10.9,0.1,0.16,False
2026-06-13,GJ-SOUTH-01,Surat,36.6,76.3,7.1,0.4,0.5,False
2026-06-14,GJ-SOUTH-01,Surat,26.7,64.3,0.0,0.1,0.14,False
2026-06-15,GJ-SOUTH-01,Surat,32.1,80.8,11.1,0.48,0.05,False
2026-06-16,GJ-SOUTH-01,Surat,28.1,89.4,0.0,0.62,0.0,False
2026-06-17,GJ-SOUTH-01,Surat,30.0,84.8,10.4,0.8,0.0,False
2026-06-18,GJ-SOUTH-01,Surat,34.3,77.1,0.7,0.42,0.5,False
2026-06-19,GJ-SOUTH-01,Surat,35.1,92.1,0.0,0.67,0.42,False
2026-06-20,GJ-SOUTH-01,Surat,36.2,91.0,40.6,0.65,0.0,False
2026-06-21,GJ-SOUTH-01,Surat,31.7,66.1,1.2,0.1,0.42,False
2026-06-22,GJ-SOUTH-01,Surat,31.9,98.0,24.1,0.95,0.0,False
2026-06-23,GJ-SOUTH-01,Surat,32.1,74.3,0.0,0.37,0.4,False
2026-06-24,GJ-SOUTH-01,Surat,35.4,70.0,1.3,0.1,0.63,False
2026-06-25,GJ-SOUTH-01,Surat,29.5,90.0,6.3,0.63,0.0,False
2026-06-26,GJ-SOUTH-01,Surat,33.1,67.5,0.0,0.1,0.53,False
2026-06-27,GJ-SOUTH-01,Surat,29.4,80.8,3.4,0.48,0.07,False
2026-06-28,GJ-SOUTH-01,Surat,34.1,70.2,0.0,0.3,0.57,False
2026-06-29,GJ-SOUTH-01,Surat,29.2,88.0,0.4,0.6,0.06,False
2026-06-30,GJ-SOUTH-01,Surat,36.0,63.8,0.0,0.1,0.76,False
2026-07-01,GJ-SOUTH-01,Surat,28.7,80.8,4.1,0.48,0.0,False
2026-07-02,GJ-SOUTH-01,Surat,38.0,82.6,26.8,0.51,0.04,False
2026-07-03,GJ-SOUTH-01,Surat,34.3,71.6,0.0,0.33,0.57,False
2026-07-04,GJ-SOUTH-01,Surat,36.9,92.6,70.4,0.68,0.0,False
2026-07-05,GJ-SOUTH-01,Surat,34.7,83.4,24.8,0.52,0.0,False
2026-07-06,GJ-SOUTH-01,Surat,30.9,83.6,2.5,0.53,0.16,False
2026-07-07,GJ-SOUTH-01,Surat,25.6,67.6,4.6,0.1,0.0,False
2026-07-08,GJ-SOUTH-01,Surat,31.9,83.8,10.4,0.78,0.03,False
2026-07-09,GJ-SOUTH-01,Surat,30.7,75.8,5.0,0.4,0.16,False
2026-07-10,GJ-SOUTH-01,Surat,34.2,64.6,39.2,0.1,0.0,False
2026-07-11,GJ-SOUTH-01,Surat,32.3,81.0,0.0,0.48,0.34,False
2026-07-12,GJ-SOUTH-01,Surat,32.3,76.3,33.7,0.4,0.0,False
2026-07-13,GJ-SOUTH-01,Surat,31.1,90.1,25.3,0.95,0.0,False
2026-07-14,GJ-SOUTH-01,Surat,35.0,84.6,23.5,0.54,0.0,False
2026-07-15,GJ-SOUTH-01,Surat,31.6,81.3,3.5,0.49,0.21,False
2026-07-16,GJ-SOUTH-01,Surat,29.5,82.0,49.9,0.95,0.0,False
2026-07-17,GJ-SOUTH-01,Surat,33.3,72.7,0.0,0.35,0.49,False
2026-07-18,GJ-SOUTH-01,Surat,33.7,82.9,12.7,0.52,0.1,False
2026-07-19,GJ-SOUTH-01,Surat,38.0,80.4,14.1,0.47,0.38,False
2026-07-20,GJ-SOUTH-01,Surat,26.2,83.7,0.0,0.1,0.0,False
2026-07-21,GJ-SOUTH-01,Surat,34.2,81.3,21.0,0.49,0.0,False
2026-07-22,GJ-SOUTH-01,Surat,32.9,71.8,0.0,0.33,0.48,False
2026-07-23,GJ-SOUTH-01,Surat,28.9,75.9,11.1,0.63,0.0,False
2026-07-24,GJ-SOUTH-01,Surat,27.3,80.6,29.0,0.9,0.0,False
2026-07-25,GJ-SOUTH-01,Surat,35.8,85.2,0.0,0.55,0.53,False
2026-07-26,GJ-SOUTH-01,Surat,28.2,72.9,0.0,0.35,0.15,False
2026-07-27,GJ-SOUTH-01,Surat,31.5,76.7,27.6,0.81,0.0,False
2026-07-28,GJ-SOUTH-01,Surat,33.4,70.2,0.0,0.3,0.52,False
2026-07-29,GJ-SOUTH-01,Surat,32.8,76.8,0.0,0.41,0.42,False
2026-07-30,GJ-SOUTH-01,Surat,29.0,73.5,7.1,0.36,0.02,False
2026-07-31,GJ-SOUTH-01,Surat,25.2,69.8,0.0,0.1,0.0,False
2026-08-01,GJ-SOUTH-01,Surat,34.3,80.2,23.0,0.47,0.0,False
2026-08-02,GJ-SOUTH-01,Surat,29.2,94.8,8.9,0.71,0.0,False
2026-08-03,GJ-SOUTH-01,Surat,29.8,89.7,0.0,0.63,0.09,False
2026-08-04,GJ-SOUTH-01,Surat,29.0,79.8,0.0,0.46,0.14,False
2026-08-05,GJ-SOUTH-01,Surat,32.1,72.4,11.8,0.34,0.12,False
2026-08-06,GJ-SOUTH-01,Surat,37.5,93.4,0.0,0.69,0.57,False
2026-08-07,GJ-SOUTH-01,Surat,34.4,94.3,14.8,0.7,0.0,False
2026-08-08,GJ-SOUTH-01,Surat,29.8,85.8,29.4,0.95,0.0,False
2026-08-09,GJ-SOUTH-01,Surat,29.6,89.2,12.4,0.91,0.0,False
2026-08-10,GJ-SOUTH-01,Surat,35.9,78.9,22.1,0.45,0.05,False
2026-08-11,GJ-SOUTH-01,Surat,28.8,73.7,10.4,0.36,0.0,False
2026-08-12,GJ-SOUTH-01,Surat,31.1,77.2,10.2,0.65,0.05,False
2026-08-13,GJ-SOUTH-01,Surat,33.2,79.9,16.4,0.47,0.0,False
2026-08-14,GJ-SOUTH-01,Surat,28.3,96.6,0.0,0.74,0.0,False
2026-08-15,GJ-SOUTH-01,Surat,32.3,74.5,0.0,0.38,0.41,False
2026-08-16,GJ-SOUTH-01,Surat,34.8,74.3,9.5,0.37,0.34,False
2026-08-17,GJ-SOUTH-01,Surat,36.1,96.8,0.0,0.75,0.44,False
2026-08-18,GJ-SOUTH-01,Surat,28.0,63.9,3.7,0.1,0.14,False
2026-08-19,GJ-SOUTH-01,Surat,26.2,79.4,0.5,0.1,0.0,False
2026-08-20,GJ-SOUTH-01,Surat,30.9,88.3,6.4,0.6,0.02,False
2026-08-21,GJ-SOUTH-01,Surat,29.9,83.1,33.2,0.95,0.0,False
2026-08-22,GJ-SOUTH-01,Surat,31.3,66.9,11.0,0.1,0.14,False
2026-08-23,GJ-SOUTH-01,Surat,30.4,80.1,0.0,0.47,0.23,False
2026-08-24,GJ-SOUTH-01,Surat,30.1,94.6,12.3,0.95,0.0,False
2026-08-25,GJ-SOUTH-01,Surat,32.9,72.0,0.0,0.33,0.47,False
2026-08-26,GJ-SOUTH-01,Surat,32.4,68.0,0.0,0.1,0.48,False
2026-08-27,GJ-SOUTH-01,Surat,35.2,85.7,0.0,0.56,0.49,False
2026-08-28,GJ-SOUTH-01,Surat,30.9,77.0,0.0,0.42,0.29,False
2026-08-29,GJ-SOUTH-01,Surat,29.0,69.2,0.0,0.1,0.24,False
2026-08-30,GJ-SOUTH-01,Surat,28.7,69.6,42.6,0.1,0.0,False
2026-08-31,GJ-SOUTH-01,Surat,30.7,92.9,25.6,0.95,0.0,False
2026-09-01,GJ-SOUTH-01,Surat,29.3,77.8,0.0,0.43,0.18,False
2026-09-02,GJ-SOUTH-01,Surat,34.2,53.8,0.0,0.1,0.74,False
2026-09-03,GJ-SOUTH-01,Surat,31.8,80.5,7.7,0.47,0.12,False
2026-09-04,GJ-SOUTH-01,Surat,29.9,62.4,14.8,0.1,0.0,False
2026-09-05,GJ-SOUTH-01,Surat,33.2,66.9,23.6,0.1,0.0,False
2026-09-06,GJ-SOUTH-01,Surat,31.4,82.7,15.0,0.8,0.0,False
2026-09-07,GJ-SOUTH-01,Surat,35.0,61.8,0.0,0.1,0.72,False
2026-09-08,GJ-SOUTH-01,Surat,29.1,70.7,0.0,0.31,0.23,False
2026-09-09,GJ-SOUTH-01,Surat,34.9,80.0,0.0,0.47,0.53,False
2026-09-10,GJ-SOUTH-01,Surat,31.7,67.8,0.0,0.1,0.44,False
2026-09-11,GJ-SOUTH-01,Surat,33.6,82.3,0.0,0.5,0.42,False
2026-09-12,GJ-SOUTH-01,Surat,30.4,79.8,0.0,0.46,0.23,False
2026-09-13,GJ-SOUTH-01,Surat,29.0,77.2,14.1,0.69,0.0,False
2026-09-14,GJ-SOUTH-01,Surat,31.3,65.3,0.0,0.1,0.43,False
2026-09-15,GJ-SOUTH-01,Surat,34.2,82.4,52.4,0.51,0.0,False
2026-09-16,GJ-SOUTH-01,Surat,28.4,95.7,11.2,0.95,0.0,False
2026-09-17,GJ-SOUTH-01,Surat,29.3,78.2,14.2,0.71,0.0,False
2026-09-18,GJ-SOUTH-01,Surat,35.6,76.2,0.0,0.4,0.61,False
2026-09-19,GJ-SOUTH-01,Surat,33.3,71.7,1.0,0.33,0.48,False
2026-09-20,GJ-SOUTH-01,Surat,28.6,73.2,5.4,0.35,0.04,False
2026-09-21,GJ-SOUTH-01,Surat,31.8,63.5,25.4,0.1,0.0,False
2026-09-22,GJ-SOUTH-01,Surat,26.8,75.1,37.8,0.88,0.0,False
2026-09-23,GJ-SOUTH-01,Surat,29.3,77.4,75.6,0.95,0.0,False
2026-09-24,GJ-SOUTH-01,Surat,38.0,76.2,43.2,0.4,0.0,False
2026-09-25,GJ-SOUTH-01,Surat,29.2,81.0,0.0,0.48,0.14,False
2026-09-26,GJ-SOUTH-01,Surat,34.9,73.7,0.0,0.36,0.59,False
2026-09-27,GJ-SOUTH-01,Surat,32.1,59.7,26.9,0.1,0.0,False
2026-09-28,GJ-SOUTH-01,Surat,40.0,52.4,0.0,0.1,1.0,False
2026-09-29,GJ-SOUTH-01,Surat,36.6,62.3,0.0,0.1,0.82,False
2026-09-30,GJ-SOUTH-01,Surat,33.7,57.2,0.0,0.1,0.67,False
2026-10-01,GJ-SOUTH-01,Surat,35.0,33.4,0.0,0.1,1.0,True
2026-10-02,GJ-SOUTH-01,Surat,37.1,59.8,0.0,0.1,0.88,True
2026-10-03,GJ-SOUTH-01,Surat,32.8,58.0,0.0,0.1,0.61,True
2026-10-04,GJ-SOUTH-01,Surat,36.4,44.8,0.0,0.1,0.98,True
2026-10-05,GJ-SOUTH-01,Surat,32.4,41.4,0.0,0.1,0.75,True
2026-10-06,GJ-SOUTH-01,Surat,37.5,51.6,0.0,0.1,0.98,True
2026-10-07,GJ-SOUTH-01,Surat,30.2,72.8,0.3,0.35,0.28,True
2026-10-08,GJ-SOUTH-01,Surat,40.1,48.3,0.0,0.1,1.0,True
2026-10-09,GJ-SOUTH-01,Surat,36.3,47.0,0.0,0.1,0.95,True
2026-10-10,GJ-SOUTH-01,Surat,36.2,35.3,0.0,0.1,1.0,True
2026-10-11,GJ-SOUTH-01,Surat,38.4,45.8,0.0,0.1,1.0,True
2026-10-12,GJ-SOUTH-01,Surat,42.0,62.2,0.0,0.1,1.0,True
2026-10-13,GJ-SOUTH-01,Surat,35.8,55.0,0.0,0.1,0.84,True
2026-10-14,GJ-SOUTH-01,Surat,33.1,50.3,0.0,0.1,0.7,True
2026-06-03,GJ-SOUTH-02,Bharuch,33.3,52.1,0.0,0.1,0.7,False
2026-06-04,GJ-SOUTH-02,Bharuch,39.8,50.0,0.0,0.1,1.0,False
2026-06-05,GJ-SOUTH-02,Bharuch,26.7,44.4,2.5,0.1,0.27,False
2026-06-06,GJ-SOUTH-02,Bharuch,39.7,46.0,0.0,0.1,1.0,False
2026-06-07,GJ-SOUTH-02,Bharuch,25.5,46.9,0.0,0.1,0.23,False
2026-06-08,GJ-SOUTH-02,Bharuch,38.5,42.0,0.0,0.1,1.0,False
2026-06-09,GJ-SOUTH-02,Bharuch,33.1,86.4,3.4,0.57,0.26,False
2026-06-10,GJ-SOUTH-02,Bharuch,30.3,72.3,1.9,0.34,0.25,False
2026-06-11,GJ-SOUTH-02,Bharuch,25.4,71.4,0.0,0.1,0.0,False
2026-06-12,GJ-SOUTH-02,Bharuch,35.3,85.6,0.0,0.56,0.5,False
2026-06-13,GJ-SOUTH-02,Bharuch,30.2,88.0,17.5,0.94,0.0,False
2026-06-14,GJ-SOUTH-02,Bharuch,31.4,82.0,0.0,0.5,0.27,False
2026-06-15,GJ-SOUTH-02,Bharuch,32.5,69.0,0.0,0.1,0.48,False
2026-06-16,GJ-SOUTH-02,Bharuch,35.1,66.2,0.0,0.1,0.68,False
2026-06-17,GJ-SOUTH-02,Bharuch,32.1,73.4,0.0,0.36,0.41,False
2026-06-18,GJ-SOUTH-02,Bharuch,33.1,74.0,3.5,0.37,0.38,False
2026-06-19,GJ-SOUTH-02,Bharuch,27.5,86.7,32.7,0.95,0.0,False
2026-06-20,GJ-SOUTH-02,Bharuch,37.3,79.3,0.0,0.45,0.69,False
2026-06-21,GJ-SOUTH-02,Bharuch,29.5,68.0,0.0,0.1,0.29,False
2026-06-22,GJ-SOUTH-02,Bharuch,27.5,88.3,0.6,0.1,0.0,False
2026-06-23,GJ-SOUTH-02,Bharuch,33.0,81.5,50.1,0.49,0.0,False
2026-06-24,GJ-SOUTH-02,Bharuch,34.0,65.9,28.0,0.1,0.0,False
2026-06-25,GJ-SOUTH-02,Bharuch,37.2,84.7,42.8,0.55,0.0,False
2026-06-26,GJ-SOUTH-02,Bharuch,24.7,61.0,2.1,0.1,0.0,False
2026-06-27,GJ-SOUTH-02,Bharuch,34.0,56.3,36.0,0.1,0.0,False
2026-06-28,GJ-SOUTH-02,Bharuch,28.7,76.1,67.7,0.95,0.0,False
2026-06-29,GJ-SOUTH-02,Bharuch,32.1,81.3,0.8,0.49,0.31,False
2026-06-30,GJ-SOUTH-02,Bharuch,33.8,73.6,5.9,0.36,0.37,False
2026-07-01,GJ-SOUTH-02,Bharuch,33.3,85.4,43.5,0.56,0.0,False
2026-07-02,GJ-SOUTH-02,Bharuch,29.9,86.9,0.3,0.58,0.12,False
2026-07-03,GJ-SOUTH-02,Bharuch,37.0,81.7,6.0,0.49,0.5,False
2026-07-04,GJ-SOUTH-02,Bharuch,30.6,59.1,1.8,0.1,0.4,False
2026-07-05,GJ-SOUTH-02,Bharuch,28.3,67.5,16.4,0.1,0.0,False
2026-07-06,GJ-SOUTH-02,Bharuch,36.6,87.5,0.0,0.59,0.57,False
2026-07-07,GJ-SOUTH-02,Bharuch,31.0,77.0,0.0,0.42,0.3,False
2026-07-08,GJ-SOUTH-02,Bharuch,35.0,78.7,0.0,0.45,0.55,False
2026-07-09,GJ-SOUTH-02,Bharuch,35.0,81.5,1.2,0.49,0.49,False
2026-07-10,GJ-SOUTH-02,Bharuch,33.0,87.8,2.2,0.6,0.27,False
2026-07-11,GJ-SOUTH-02,Bharuch,34.5,79.9,0.0,0.47,0.5,False
2026-07-12,GJ-SOUTH-02,Bharuch,33.5,51.0,0.0,0.1,0.72,False
2026-07-13,GJ-SOUTH-02,Bharuch,30.4,92.7,6.9,0.68,0.0,False
2026-07-14,GJ-SOUTH-02,Bharuch,34.4,76.6,16.6,0.41,0.11,False
2026-07-15,GJ-SOUTH-02,Bharuch,36.7,90.2,16.8,0.64,0.12,False
2026-07-16,GJ-SOUTH-02,Bharuch,26.7,78.8,21.8,0.79,0.0,False
2026-07-17,GJ-SOUTH-02,Bharuch,24.3,75.4,2.0,0.1,0.0,False
2026-07-18,GJ-SOUTH-02,Bharuch,31.9,82.2,0.0,0.5,0.3,False
2026-07-19,GJ-SOUTH-02,Bharuch,33.3,92.8,0.0,0.68,0.29,False
2026-07-20,GJ-SOUTH-02,Bharuch,32.1,71.8,12.7,0.33,0.1,False
2026-07-21,GJ-SOUTH-02,Bharuch,27.5,70.6,0.0,0.1,0.13,False
2026-07-22,GJ-SOUTH-02,Bharuch,31.4,71.9,0.0,0.33,0.37,False
2026-07-23,GJ-SOUTH-02,Bharuch,29.4,73.7,0.0,0.36,0.22,False
2026-07-24,GJ-SOUTH-02,Bharuch,25.3,75.8,64.1,0.95,0.0,False
2026-07-25,GJ-SOUTH-02,Bharuch,33.8,63.0,3.9,0.1,0.53,False
2026-07-26,GJ-SOUTH-02,Bharuch,31.5,76.0,4.2,0.4,0.23,False
2026-07-27,GJ-SOUTH-02,Bharuch,29.2,74.9,0.1,0.38,0.2,False
2026-07-28,GJ-SOUTH-02,Bharuch,38.0,82.8,29.2,0.51,0.0,False
2026-07-29,GJ-SOUTH-02,Bharuch,33.5,76.4,6.3,0.41,0.31,False
2026-07-30,GJ-SOUTH-02,Bharuch,29.2,80.1,0.0,0.47,0.15,False
2026-07-31,GJ-SOUTH-02,Bharuch,29.1,74.8,0.0,0.38,0.19,False
2026-08-01,GJ-SOUTH-02,Bharuch,34.7,77.8,12.7,0.43,0.22,False
2026-08-02,GJ-SOUTH-02,Bharuch,27.0,70.9,21.8,0.1,0.0,False
2026-08-03,GJ-SOUTH-02,Bharuch,31.0,86.3,9.9,0.57,0.0,False
2026-08-04,GJ-SOUTH-02,Bharuch,34.2,62.2,22.5,0.1,0.1,False
2026-08-05,GJ-SOUTH-02,Bharuch,31.9,73.2,0.0,0.35,0.39,False
2026-08-06,GJ-SOUTH-02,Bharuch,29.7,79.4,5.4,0.46,0.05,False
2026-08-07,GJ-SOUTH-02,Bharuch,28.8,75.3,20.9,0.71,0.0,False
2026-08-08,GJ-SOUTH-02,Bharuch,30.6,69.1,11.0,0.1,0.07,False
2026-08-09,GJ-SOUTH-02,Bharuch,30.0,93.2,0.0,0.69,0.07,False
2026-08-10,GJ-SOUTH-02,Bharuch,31.0,83.1,0.0,0.52,0.24,False
2026-08-11,GJ-SOUTH-02,Bharuch,35.0,90.3,0.0,0.64,0.43,False
2026-08-12,GJ-SOUTH-02,Bharuch,31.6,77.0,8.1,0.42,0.13,False
2026-08-13,GJ-SOUTH-02,Bharuch,33.8,80.1,18.2,0.47,0.0,False
2026-08-14,GJ-SOUTH-02,Bharuch,33.4,81.8,0.0,0.5,0.41,False
2026-08-15,GJ-SOUTH-02,Bharuch,31.8,66.6,2.3,0.1,0.4,False
2026-08-16,GJ-SOUTH-02,Bharuch,30.9,77.7,0.0,0.43,0.28,False
2026-08-17,GJ-SOUTH-02,Bharuch,30.0,98.0,6.3,0.75,0.0,False
2026-08-18,GJ-SOUTH-02,Bharuch,28.4,79.6,0.8,0.46,0.08,False
2026-08-19,GJ-SOUTH-02,Bharuch,35.4,86.6,7.6,0.58,0.3,False
2026-08-20,GJ-SOUTH-02,Bharuch,36.8,71.5,33.6,0.33,0.0,False
2026-08-21,GJ-SOUTH-02,Bharuch,34.3,66.1,0.0,0.1,0.63,False
2026-08-22,GJ-SOUTH-02,Bharuch,29.5,88.0,0.0,0.6,0.09,False
2026-08-23,GJ-SOUTH-02,Bharuch,33.0,83.3,10.6,0.52,0.1,False
2026-08-24,GJ-SOUTH-02,Bharuch,33.9,76.7,35.1,0.41,0.0,False
2026-08-25,GJ-SOUTH-02,Bharuch,35.0,59.6,6.9,0.1,0.56,False
2026-08-26,GJ-SOUTH-02,Bharuch,34.9,88.3,16.5,0.6,0.03,False
2026-08-27,GJ-SOUTH-02,Bharuch,27.9,75.5,8.4,0.1,0.0,False
2026-08-28,GJ-SOUTH-02,Bharuch,33.8,74.9,2.8,0.38,0.43,False
2026-08-29,GJ-SOUTH-02,Bharuch,31.0,78.5,3.0,0.44,0.21,False
2026-08-30,GJ-SOUTH-02,Bharuch,35.1,63.9,0.0,0.1,0.7,False
2026-08-31,GJ-SOUTH-02,Bharuch,29.4,76.5,0.0,0.41,0.19,False
2026-09-01,GJ-SOUTH-02,Bharuch,36.3,87.6,6.7,0.59,0.38,False
2026-09-02,GJ-SOUTH-02,Bharuch,30.1,96.9,8.2,0.75,0.0,False
2026-09-03,GJ-SOUTH-02,Bharuch,31.5,73.3,2.7,0.35,0.3,False
2026-09-04,GJ-SOUTH-02,Bharuch,31.5,83.5,0.0,0.53,0.27,False
2026-09-05,GJ-SOUTH-02,Bharuch,30.4,67.0,8.7,0.1,0.14,False
2026-09-06,GJ-SOUTH-02,Bharuch,36.3,75.4,0.4,0.39,0.66,False
2026-09-07,GJ-SOUTH-02,Bharuch,32.2,77.1,6.1,0.42,0.22,False
2026-09-08,GJ-SOUTH-02,Bharuch,32.6,89.7,39.5,0.63,0.0,False
2026-09-09,GJ-SOUTH-02,Bharuch,32.8,76.9,0.0,0.42,0.42,False
2026-09-10,GJ-SOUTH-02,Bharuch,25.4,83.3,8.8,0.1,0.0,False
2026-09-11,GJ-SOUTH-02,Bharuch,38.0,95.3,3.0,0.72,0.51,False
2026-09-12,GJ-SOUTH-02,Bharuch,33.0,84.4,0.0,0.54,0.36,False
2026-09-13,GJ-SOUTH-02,Bharuch,29.9,60.0,0.0,0.1,0.39,False
2026-09-14,GJ-SOUTH-02,Bharuch,28.9,65.4,5.4,0.1,0.14,False
2026-09-15,GJ-SOUTH-02,Bharuch,33.7,58.2,61.1,0.1,0.0,False
2026-09-16,GJ-SOUTH-02,Bharuch,32.2,67.3,0.0,0.1,0.47,False
2026-09-17,GJ-SOUTH-02,Bharuch,38.0,75.9,10.6,0.4,0.51,False
2026-09-18,GJ-SOUTH-02,Bharuch,37.4,89.0,9.2,0.62,0.37,False
2026-09-19,GJ-SOUTH-02,Bharuch,27.7,73.5,17.4,0.1,0.0,False
2026-09-20,GJ-SOUTH-02,Bharuch,29.8,77.7,0.0,0.43,0.21,False
2026-09-21,GJ-SOUTH-02,Bharuch,32.9,80.5,14.1,0.47,0.04,False
2026-09-22,GJ-SOUTH-02,Bharuch,32.3,74.4,13.7,0.37,0.07,False
2026-09-23,GJ-SOUTH-02,Bharuch,30.4,84.2,28.5,0.95,0.0,False
2026-09-24,GJ-SOUTH-02,Bharuch,28.0,76.8,51.9,0.95,0.0,False
2026-09-25,GJ-SOUTH-02,Bharuch,32.7,77.9,0.0,0.43,0.4,False
2026-09-26,GJ-SOUTH-02,Bharuch,35.3,60.3,35.9,0.1,0.0,False
2026-09-27,GJ-SOUTH-02,Bharuch,29.3,84.4,6.1,0.54,0.0,False
2026-09-28,GJ-SOUTH-02,Bharuch,24.8,50.9,0.0,0.1,0.14,False
2026-09-29,GJ-SOUTH-02,Bharuch,33.4,75.0,0.0,0.38,0.48,False
2026-09-30,GJ-SOUTH-02,Bharuch,33.2,62.3,0.0,0.1,0.59,False
2026-10-01,GJ-SOUTH-02,Bharuch,34.9,54.7,2.9,0.1,0.71,True
2026-10-02,GJ-SOUTH-02,Bharuch,33.9,45.6,0.0,0.1,0.8,True
2026-10-03,GJ-SOUTH-02,Bharuch,39.0,45.7,0.0,0.1,1.0,True
2026-10-04,GJ-SOUTH-02,Bharuch,22.7,55.1,0.0,0.1,0.0,True
2026-10-05,GJ-SOUTH-02,Bharuch,35.3,55.9,0.0,0.1,0.79,True
2026-10-06,GJ-SOUTH-02,Bharuch,32.9,47.8,0.0,0.1,0.72,True
2026-10-07,GJ-SOUTH-02,Bharuch,38.3,61.5,0.0,0.1,0.94,True
2026-10-08,GJ-SOUTH-02,Bharuch,31.5,43.1,2.4,0.1,0.61,True
2026-10-09,GJ-SOUTH-02,Bharuch,32.4,61.7,0.0,0.1,0.54,True
2026-10-10,GJ-SOUTH-02,Bharuch,31.8,37.3,0.0,0.1,0.75,True
2026-10-11,GJ-SOUTH-02,Bharuch,37.9,41.6,0.0,0.1,1.0,True
2026-10-12,GJ-SOUTH-02,Bharuch,37.4,54.2,0.0,0.1,0.95,True
2026-10-13,GJ-SOUTH-02,Bharuch,32.1,53.1,0.0,0.1,0.61,True
2026-10-14,GJ-SOUTH-02,Bharuch,37.3,62.3,2.9,0.1,0.79,True
2026-06-03,GJ-NORTH-01,Mehsana,37.3,52.2,0.0,0.1,0.96,False
2026-06-04,GJ-NORTH-01,Mehsana,29.5,47.7,0.0,0.1,0.49,False
2026-06-05,GJ-NORTH-01,Mehsana,30.0,46.0,0.0,0.1,0.54,False
2026-06-06,GJ-NORTH-01,Mehsana,32.4,39.9,0.0,0.1,0.76,False
2026-06-07,GJ-NORTH-01,Mehsana,31.8,38.5,0.0,0.1,0.74,False
2026-06-08,GJ-NORTH-01,Mehsana,33.9,25.3,0.0,0.1,1.0,False
2026-06-09,GJ-NORTH-01,Mehsana,30.0,92.6,1.4,0.68,0.04,False
2026-06-10,GJ-NORTH-01,Mehsana,30.2,76.2,0.0,0.4,0.25,False
2026-06-11,GJ-NORTH-01,Mehsana,27.9,76.4,0.0,0.1,0.1,False
2026-06-12,GJ-NORTH-01,Mehsana,27.2,70.3,6.3,0.1,0.0,False
2026-06-13,GJ-NORTH-01,Mehsana,32.1,76.5,29.3,0.41,0.0,False
2026-06-14,GJ-NORTH-01,Mehsana,31.9,75.2,0.0,0.39,0.37,False
2026-06-15,GJ-NORTH-01,Mehsana,26.3,84.4,11.6,0.8,0.0,False
2026-06-16,GJ-NORTH-01,Mehsana,30.8,78.6,0.0,0.44,0.27,False
2026-06-17,GJ-NORTH-01,Mehsana,31.0,69.5,8.0,0.1,0.17,False
2026-06-18,GJ-NORTH-01,Mehsana,30.6,47.8,39.5,0.1,0.0,False
2026-06-19,GJ-NORTH-01,Mehsana,30.6,71.5,15.9,0.33,0.0,False
2026-06-20,GJ-NORTH-01,Mehsana,32.3,66.9,0.0,0.1,0.48,False
2026-06-21,GJ-NORTH-01,Mehsana,31.5,82.8,22.5,0.88,0.0,False
2026-06-22,GJ-NORTH-01,Mehsana,30.2,66.4,14.5,0.1,0.0,False
2026-06-23,GJ-NORTH-01,Mehsana,24.7,77.7,26.9,0.82,0.0,False
2026-06-24,GJ-NORTH-01,Mehsana,27.2,81.4,6.0,0.1,0.0,False
2026-06-25,GJ-NORTH-01,Mehsana,30.0,71.7,0.0,0.33,0.28,False
2026-06-26,GJ-NORTH-01,Mehsana,30.5,74.7,5.8,0.38,0.14,False
2026-06-27,GJ-NORTH-01,Mehsana,33.4,69.4,32.9,0.1,0.0,False
2026-06-28,GJ-NORTH-01,Mehsana,27.5,64.5,1.9,0.1,0.14,False
2026-06-29,GJ-NORTH-01,Mehsana,28.0,88.3,33.3,0.95,0.0,False
2026-06-30,GJ-NORTH-01,Mehsana,29.6,86.5,40.0,0.95,0.0,False
2026-07-01,GJ-NORTH-01,Mehsana,35.9,77.3,8.5,0.42,0.41,False
2026-07-02,GJ-NORTH-01,Mehsana,32.8,92.2,8.8,0.67,0.04,False
2026-07-03,GJ-NORTH-01,Mehsana,27.6,83.2,0.1,0.1,0.01,False
2026-07-04,GJ-NORTH-01,Mehsana,30.6,78.9,19.8,0.78,0.0,False
2026-07-05,GJ-NORTH-01,Mehsana,29.1,80.0,6.4,0.47,0.0,False
2026-07-06,GJ-NORTH-01,Mehsana,30.4,73.6,0.0,0.36,0.29,False
2026-07-07,GJ-NORTH-01,Mehsana,31.8,78.0,8.0,0.43,0.14,False
2026-07-08,GJ-NORTH-01,Mehsana,29.4,63.6,10.2,0.1,0.07,False
2026-07-09,GJ-NORTH-01,Mehsana,25.8,64.0,0.0,0.1,0.08,False
2026-07-10,GJ-NORTH-01,Mehsana,34.4,73.5,1.0,0.36,0.53,False
2026-07-11,GJ-NORTH-01,Mehsana,31.4,74.0,31.1,0.37,0.0,False
2026-07-12,GJ-NORTH-01,Mehsana,29.8,88.4,19.3,0.95,0.0,False
2026-07-13,GJ-NORTH-01,Mehsana,34.8,87.7,4.4,0.59,0.33,False
2026-07-14,GJ-NORTH-01,Mehsana,27.3,81.8,6.3,0.1,0.0,False
2026-07-15,GJ-NORTH-01,Mehsana,33.4,69.3,0.0,0.1,0.53,False
2026-07-16,GJ-NORTH-01,Mehsana,34.9,66.1,0.0,0.1,0.67,False
2026-07-17,GJ-NORTH-01,Mehsana,29.6,79.9,22.5,0.82,0.0,False
2026-07-18,GJ-NORTH-01,Mehsana,29.5,72.6,6.1,0.34,0.09,False
2026-07-19,GJ-NORTH-01,Mehsana,30.4,60.6,2.1,0.1,0.37,False
2026-07-20,GJ-NORTH-01,Mehsana,26.6,62.7,0.0,0.1,0.15,False
2026-07-21,GJ-NORTH-01,Mehsana,24.0,75.8,0.0,0.1,0.0,False
2026-07-22,GJ-NORTH-01,Mehsana,32.4,98.0,9.3,0.75,0.0,False
2026-07-23,GJ-NORTH-01,Mehsana,29.9,83.4,0.2,0.52,0.15,False
2026-07-24,GJ-NORTH-01,Mehsana,33.3,66.2,13.2,0.1,0.23,False
2026-07-25,GJ-NORTH-01,Mehsana,34.6,79.2,26.8,0.45,0.0,False
2026-07-26,GJ-NORTH-01,Mehsana,31.8,84.7,67.1,0.95,0.0,False
2026-07-27,GJ-NORTH-01,Mehsana,28.3,74.5,0.0,0.38,0.14,False
2026-07-28,GJ-NORTH-01,Mehsana,27.8,87.8,0.3,0.1,0.0,False
2026-07-29,GJ-NORTH-01,Mehsana,25.6,65.6,13.1,0.1,0.0,False
2026-07-30,GJ-NORTH-01,Mehsana,25.9,87.9,0.0,0.1,0.0,False
2026-07-31,GJ-NORTH-01,Mehsana,30.7,79.7,65.8,0.95,0.0,False
2026-08-01,GJ-NORTH-01,Mehsana,27.2,55.3,27.3,0.1,0.0,False
2026-08-02,GJ-NORTH-01,Mehsana,29.5,74.0,0.0,0.37,0.23,False
2026-08-03,GJ-NORTH-01,Mehsana,25.1,77.0,4.7,0.1,0.0,False
2026-08-04,GJ-NORTH-01,Mehsana,35.0,76.2,0.0,0.4,0.57,False
2026-08-05,GJ-NORTH-01,Mehsana,30.7,78.2,0.0,0.44,0.26,False
2026-08-06,GJ-NORTH-01,Mehsana,28.2,65.4,0.0,0.1,0.23,False
2026-08-07,GJ-NORTH-01,Mehsana,27.0,81.4,3.9,0.1,0.0,False
2026-08-08,GJ-NORTH-01,Mehsana,30.7,66.9,27.4,0.1,0.0,False
2026-08-09,GJ-NORTH-01,Mehsana,34.7,65.0,30.0,0.1,0.0,False
2026-08-10,GJ-NORTH-01,Mehsana,32.5,66.3,0.0,0.1,0.5,False
2026-08-11,GJ-NORTH-01,Mehsana,29.3,84.4,0.0,0.54,0.11,False
2026-08-12,GJ-NORTH-01,Mehsana,29.8,87.9,6.2,0.6,0.0,False
2026-08-13,GJ-NORTH-01,Mehsana,29.5,67.1,22.1,0.1,0.0,False
2026-08-14,GJ-NORTH-01,Mehsana,31.8,78.4,0.0,0.44,0.34,False
2026-08-15,GJ-NORTH-01,Mehsana,30.0,98.0,5.0,0.75,0.0,False
2026-08-16,GJ-NORTH-01,Mehsana,28.9,76.1,0.0,0.4,0.17,False
2026-08-17,GJ-NORTH-01,Mehsana,24.3,98.0,29.6,0.95,0.0,False
2026-08-18,GJ-NORTH-01,Mehsana,29.8,72.4,0.0,0.34,0.26,False
2026-08-19,GJ-NORTH-01,Mehsana,26.3,76.0,0.0,0.1,0.0,False
2026-08-20,GJ-NORTH-01,Mehsana,31.1,82.5,0.0,0.51,0.25,False
2026-08-21,GJ-NORTH-01,Mehsana,31.4,62.0,5.0,0.1,0.35,False
2026-08-22,GJ-NORTH-01,Mehsana,30.5,70.8,10.3,0.31,0.07,False
2026-08-23,GJ-NORTH-01,Mehsana,30.1,82.3,17.5,0.82,0.0,False
2026-08-24,GJ-NORTH-01,Mehsana,31.5,71.6,0.0,0.33,0.38,False
2026-08-25,GJ-NORTH-01,Mehsana,32.5,68.4,11.7,0.1,0.19,False
2026-08-26,GJ-NORTH-01,Mehsana,33.5,91.9,0.0,0.67,0.31,False
2026-08-27,GJ-NORTH-01,Mehsana,31.1,92.8,3.2,0.68,0.07,False
2026-08-28,GJ-NORTH-01,Mehsana,29.4,84.2,12.4,0.81,0.0,False
2026-08-29,GJ-NORTH-01,Mehsana,31.8,65.5,4.7,0.1,0.35,False
2026-08-30,GJ-NORTH-01,Mehsana,28.6,86.8,0.0,0.58,0.04,False
2026-08-31,GJ-NORTH-01,Mehsana,27.4,76.5,23.5,0.77,0.0,False
2026-09-01,GJ-NORTH-01,Mehsana,28.5,77.8,0.0,0.43,0.12,False
2026-09-02,GJ-NORTH-01,Mehsana,31.0,70.0,0.0,0.1,0.37,False
2026-09-03,GJ-NORTH-01,Mehsana,29.5,85.4,6.1,0.56,0.0,False
2026-09-04,GJ-NORTH-01,Mehsana,34.0,71.5,0.0,0.33,0.55,False
2026-09-05,GJ-NORTH-01,Mehsana,30.5,80.5,9.0,0.47,0.0,False
2026-09-06,GJ-NORTH-01,Mehsana,33.0,59.3,54.3,0.1,0.0,False
2026-09-07,GJ-NORTH-01,Mehsana,25.3,82.1,27.9,0.92,0.0,False
2026-09-08,GJ-NORTH-01,Mehsana,26.3,91.8,0.0,0.1,0.0,False
2026-09-09,GJ-NORTH-01,Mehsana,27.1,78.1,4.9,0.1,0.0,False
2026-09-10,GJ-NORTH-01,Mehsana,29.4,80.1,4.5,0.47,0.05,False
2026-09-11,GJ-NORTH-01,Mehsana,36.0,62.6,0.0,0.1,0.77,False
2026-09-12,GJ-NORTH-01,Mehsana,30.3,94.2,15.6,0.95,0.0,False
2026-09-13,GJ-NORTH-01,Mehsana,29.1,85.8,6.0,0.56,0.0,False
2026-09-14,GJ-NORTH-01,Mehsana,32.8,76.1,52.7,0.4,0.0,False
2026-09-15,GJ-NORTH-01,Mehsana,34.5,76.7,0.0,0.41,0.53,False
2026-09-16,GJ-NORTH-01,Mehsana,26.0,82.1,12.4,0.77,0.0,False
2026-09-17,GJ-NORTH-01,Mehsana,28.7,86.9,3.7,0.58,0.0,False
2026-09-18,GJ-NORTH-01,Mehsana,32.1,78.1,4.2,0.43,0.25,False
2026-09-19,GJ-NORTH-01,Mehsana,28.9,90.7,0.0,0.65,0.02,False
2026-09-20,GJ-NORTH-01,Mehsana,26.8,90.4,32.5,0.95,0.0,False
2026-09-21,GJ-NORTH-01,Mehsana,31.3,68.5,26.5,0.1,0.0,False
2026-09-22,GJ-NORTH-01,Mehsana,33.2,79.1,0.0,0.45,0.42,False
2026-09-23,GJ-NORTH-01,Mehsana,29.8,73.0,6.0,0.35,0.11,False
2026-09-24,GJ-NORTH-01,Mehsana,24.0,84.9,2.5,0.1,0.0,False
2026-09-25,GJ-NORTH-01,Mehsana,26.7,67.1,1.0,0.1,0.08,False
2026-09-26,GJ-NORTH-01,Mehsana,32.5,90.2,4.7,0.64,0.15,False
2026-09-27,GJ-NORTH-01,Mehsana,28.0,60.7,34.0,0.1,0.0,False
2026-09-28,GJ-NORTH-01,Mehsana,29.1,62.3,0.0,0.1,0.32,False
2026-09-29,GJ-NORTH-01,Mehsana,34.8,42.4,0.0,0.1,0.9,False
2026-09-30,GJ-NORTH-01,Mehsana,26.1,65.5,0.9,0.1,0.06,False
2026-10-01,GJ-NORTH-01,Mehsana,33.9,40.8,0.0,0.1,0.85,True
2026-10-02,GJ-NORTH-01,Mehsana,34.5,69.6,0.0,0.1,0.6,True
2026-10-03,GJ-NORTH-01,Mehsana,30.7,53.8,0.0,0.1,0.51,True
2026-10-04,GJ-NORTH-01,Mehsana,33.4,54.8,0.0,0.1,0.68,True
2026-10-05,GJ-NORTH-01,Mehsana,36.2,28.9,0.0,0.1,1.0,True
2026-10-06,GJ-NORTH-01,Mehsana,36.2,59.6,0.0,0.1,0.82,True
2026-10-07,GJ-NORTH-01,Mehsana,29.2,48.4,0.0,0.1,0.46,True
2026-10-08,GJ-NORTH-01,Mehsana,33.6,25.0,0.0,0.1,0.99,True
2026-10-09,GJ-NORTH-01,Mehsana,37.0,61.0,0.0,0.1,0.86,True
2026-10-10,GJ-NORTH-01,Mehsana,32.7,57.8,0.0,0.1,0.6,True
2026-10-11,GJ-NORTH-01,Mehsana,36.7,61.0,0.0,0.1,0.84,True
2026-10-12,GJ-NORTH-01,Mehsana,30.5,58.1,4.0,0.1,0.35,True
2026-10-13,GJ-NORTH-01,Mehsana,28.6,41.3,0.0,0.1,0.49,True
2026-10-14,GJ-NORTH-01,Mehsana,36.8,60.7,0.8,0.1,0.83,True
