dealer_id,dealer_name,district,cluster_id,sku_id,product_name,current_stock,recent_order_qty,contact_person,phone,email,preferred_language,surge_pct,surge_status,max_pest_threat,avg_humidity,total_rain,is_alert_triggered,estimated_14d_dealer_demand,recommended_reorder_qty,risk_level
DLR-REG-1052,Vrundavan Krushi Kendra (Jambusar),Bharuch,GJ-SOUTH-02,UB-NUTR-02,AgroSphere Solu-NPK 19:19:19,62,35,Kishor Pandya,+91 98663 81819,dealer_1052@gmail.com,Gujarati,54.4,CRITICAL_SURGE,0.1,51.4,8.2,True,108.0,100,MODERATE_STOCKOUT_RISK
DLR-REG-1153,Patel Agro Krushi Kendra (Ankleshwar),Bharuch,GJ-SOUTH-02,UB-NUTR-02,AgroSphere Solu-NPK 19:19:19,76,57,Haresh Desai,+91 98989 89570,dealer_1153@kisanagro.in,Gujarati,54.4,CRITICAL_SURGE,0.1,51.4,8.2,True,176.0,188,MODERATE_STOCKOUT_RISK
DLR-REG-1217,Green Earth Krushi Kendra (Amod),Bharuch,GJ-SOUTH-02,UB-NUTR-02,AgroSphere Solu-NPK 19:19:19,60,42,Bharat Gajera,+91 99109 83616,dealer_1217@gmail.com,Gujarati,54.4,CRITICAL_SURGE,0.1,51.4,8.2,True,130.0,135,MODERATE_STOCKOUT_RISK
DLR-REG-1254,Vrundavan Krushi Kendra (Jambusar),Bharuch,GJ-SOUTH-02,UB-NUTR-02,AgroSphere Solu-NPK 19:19:19,46,35,Hasmukh Desai,+91 99090 68390,dealer_1254@gmail.com,Gujarati,54.4,CRITICAL_SURGE,0.1,51.4,8.2,True,108.0,116,MODERATE_STOCKOUT_RISK
DLR-REG-1347,Patel Agro Krushi Kendra (Hansot),Bharuch,GJ-SOUTH-02,UB-NUTR-02,AgroSphere Solu-NPK 19:19:19,66,47,Pravin Gohil,+91 97980 74865,dealer_1347@kisanagro.in,Gujarati,54.4,CRITICAL_SURGE,0.1,51.4,8.2,True,145.0,152,MODERATE_STOCKOUT_RISK
DLR-REG-1353,Navjivan Krushi Kendra (Hansot),Bharuch,GJ-SOUTH-02,UB-NUTR-02,AgroSphere Solu-NPK 19:19:19,71,50,Mukesh Patel,+91 97353 66948,dealer_1353@gmail.com,Hindi,54.4,CRITICAL_SURGE,0.1,51.4,8.2,True,154.0,160,MODERATE_STOCKOUT_RISK
DLR-REG-1743,Kisan Sahay Krushi Kendra (Ankleshwar),Bharuch,GJ-SOUTH-02,UB-NUTR-02,AgroSphere Solu-NPK 19:19:19,50,35,Bharat Gohil,+91 98167 37471,dealer_1743@kisanagro.in,Gujarati,54.4,CRITICAL_SURGE,0.1,51.4,8.2,True,108.0,112,MODERATE_STOCKOUT_RISK
DLR-REG-1801,Kisan Sahay Krushi Kendra (Amod),Bharuch,GJ-SOUTH-02,UB-NUTR-02,AgroSphere Solu-NPK 19:19:19,34,19,Ramesh Sharma,+91 98136 85989,dealer_1801@kisanagro.in,Gujarati,54.4,CRITICAL_SURGE,0.1,51.4,8.2,True,59.0,54,MODERATE_STOCKOUT_RISK
DLR-REG-1875,Krushi Vikas Krushi Kendra (Hansot),Bharuch,GJ-SOUTH-02,UB-NUTR-02,AgroSphere Solu-NPK 19:19:19,125,77,Ramesh Panchal,+91 97865 16380,dealer_1875@agrosphere.ai,Gujarati,54.4,CRITICAL_SURGE,0.1,51.4,8.2,True,238.0,232,MODERATE_STOCKOUT_RISK
DLR-REG-1889,Kisan Seva Krushi Kendra (Hansot),Bharuch,GJ-SOUTH-02,UB-NUTR-02,AgroSphere Solu-NPK 19:19:19,109,63,Haresh Panchal,+91 99694 88890,dealer_1889@agrosphere.ai,Gujarati,54.4,CRITICAL_SURGE,0.1,51.4,8.2,True,195.0,183,MODERATE_STOCKOUT_RISK
DLR-REG-2106,Kisan Seva Krushi Kendra (Hansot),Bharuch,GJ-SOUTH-02,UB-NUTR-02,AgroSphere Solu-NPK 19:19:19,79,60,Dinesh Gajera,+91 98449 71428,dealer_2106@agrosphere.ai,Gujarati,54.4,CRITICAL_SURGE,0.1,51.4,8.2,True,185.0,199,MODERATE_STOCKOUT_RISK
DLR-REG-2183,Krushi Vikas Krushi Kendra (Ankleshwar),Bharuch,GJ-SOUTH-02,UB-NUTR-02,AgroSphere Solu-NPK 19:19:19,96,59,Hasmukh Chauhan,+91 99056 29685,dealer_2183@gmail.com,English,54.4,CRITICAL_SURGE,0.1,51.4,8.2,True,182.0,177,MODERATE_STOCKOUT_RISK
DLR-REG-2208,Kisan Seva Krushi Kendra (Hansot),Bharuch,GJ-SOUTH-02,UB-NUTR-02,AgroSphere Solu-NPK 19:19:19,87,53,Haresh Chauhan,+91 98440 56165,dealer_2208@agrosphere.ai,Hindi,54.4,CRITICAL_SURGE,0.1,51.4,8.2,True,164.0,159,MODERATE_STOCKOUT_RISK
DLR-REG-2227,Agro Care Krushi Kendra (Ankleshwar),Bharuch,GJ-SOUTH-02,UB-NUTR-02,AgroSphere Solu-NPK 19:19:19,32,23,Bharat Verma,+91 98982 90478,dealer_2227@agrosphere.ai,Gujarati,54.4,CRITICAL_SURGE,0.1,51.4,8.2,True,71.0,75,MODERATE_STOCKOUT_RISK
DLR-REG-2251,Patel Agro Krushi Kendra (Hansot),Bharuch,GJ-SOUTH-02,UB-NUTR-02,AgroSphere Solu-NPK 19:19:19,34,23,Dinesh Verma,+91 97925 22032,dealer_2251@kisanagro.in,Gujarati,54.4,CRITICAL_SURGE,0.1,51.4,8.2,True,71.0,73,MODERATE_STOCKOUT_RISK
DLR-REG-2309,Navjivan Krushi Kendra (Hansot),Bharuch,GJ-SOUTH-02,UB-NUTR-02,AgroSphere Solu-NPK 19:19:19,37,28,Mukesh Parmar,+91 99336 72093,dealer_2309@agrosphere.ai,Gujarati,54.4,CRITICAL_SURGE,0.1,51.4,8.2,True,86.0,92,MODERATE_STOCKOUT_RISK
DLR-REG-2435,Krushi Vikas Krushi Kendra (Ankleshwar),Bharuch,GJ-SOUTH-02,UB-NUTR-02,AgroSphere Solu-NPK 19:19:19,91,54,Hasmukh Panchal,+91 99578 57039,dealer_2435@gmail.com,English,54.4,CRITICAL_SURGE,0.1,51.4,8.2,True,167.0,159,MODERATE_STOCKOUT_RISK
DLR-REG-2485,Navjivan Krushi Kendra (Hansot),Bharuch,GJ-SOUTH-02,UB-NUTR-02,AgroSphere Solu-NPK 19:19:19,34,21,Ramesh Zala,+91 98889 75564,dealer_2485@agrosphere.ai,Hindi,54.4,CRITICAL_SURGE,0.1,51.4,8.2,True,65.0,63,MODERATE_STOCKOUT_RISK
DLR-REG-1102,Navjivan Krushi Kendra (Petlad),Anand,GJ-CENTRAL-02,UB-URBN-01,AgroSphere Plant Revival Tonic,30,20,Bharat Shah,+91 99550 75338,dealer_1102@agrosphere.ai,Gujarati,43.2,CRITICAL_SURGE,0.1,42.32142857142857,1.9,True,57.0,56,MODERATE_STOCKOUT_RISK
DLR-REG-1112,Krushi Vikas Krushi Kendra (Khambhat),Anand,GJ-CENTRAL-02,UB-URBN-01,AgroSphere Plant Revival Tonic,108,64,Haresh Pandya,+91 99661 20527,dealer_1112@kisanagro.in,English,43.2,CRITICAL_SURGE,0.1,42.32142857142857,1.9,True,183.0,167,MODERATE_STOCKOUT_RISK
DLR-REG-1116,Shree Ram Krushi Kendra (Tarapur),Anand,GJ-CENTRAL-02,UB-URBN-01,AgroSphere Plant Revival Tonic,62,45,Ramesh Gajera,+91 97323 89887,dealer_1116@kisanagro.in,Gujarati,43.2,CRITICAL_SURGE,0.1,42.32142857142857,1.9,True,129.0,131,MODERATE_STOCKOUT_RISK
DLR-REG-1271,Krushi Vikas Krushi Kendra (Borsad),Anand,GJ-CENTRAL-02,UB-URBN-01,AgroSphere Plant Revival Tonic,28,19,Pravin Donga,+91 97867 34906,dealer_1271@agrosphere.ai,English,43.2,CRITICAL_SURGE,0.1,42.32142857142857,1.9,True,54.0,53,MODERATE_STOCKOUT_RISK
DLR-REG-1284,Green Earth Krushi Kendra (Umreth),Anand,GJ-CENTRAL-02,UB-URBN-01,AgroSphere Plant Revival Tonic,32,19,Dinesh Shah,+91 97229 93459,dealer_1284@gmail.com,Gujarati,43.2,CRITICAL_SURGE,0.1,42.32142857142857,1.9,True,54.0,49,MODERATE_STOCKOUT_RISK
DLR-REG-1312,Krushi Vikas Krushi Kendra (Umreth),Anand,GJ-CENTRAL-02,UB-URBN-01,AgroSphere Plant Revival Tonic,41,34,Kishor Sharma,+91 97183 25084,dealer_1312@gmail.com,Gujarati,43.2,CRITICAL_SURGE,0.1,42.32142857142857,1.9,True,97.0,105,MODERATE_STOCKOUT_RISK
DLR-REG-1473,Patel Agro Krushi Kendra (Khambhat),Anand,GJ-CENTRAL-02,UB-URBN-01,AgroSphere Plant Revival Tonic,83,66,Ramesh Desai,+91 97565 64099,dealer_1473@agrosphere.ai,Gujarati,43.2,CRITICAL_SURGE,0.1,42.32142857142857,1.9,True,189.0,201,MODERATE_STOCKOUT_RISK
DLR-REG-1638,Vrundavan Krushi Kendra (Tarapur),Anand,GJ-CENTRAL-02,UB-URBN-01,AgroSphere Plant Revival Tonic,47,41,Pravin Pandya,+91 99132 24328,dealer_1638@kisanagro.in,Gujarati,43.2,CRITICAL_SURGE,0.1,42.32142857142857,1.9,True,117.0,129,MODERATE_STOCKOUT_RISK
DLR-REG-1689,Patel Agro Krushi Kendra (Tarapur),Anand,GJ-CENTRAL-02,UB-URBN-01,AgroSphere Plant Revival Tonic,78,48,Dinesh Chauhan,+91 97801 36956,dealer_1689@agrosphere.ai,Gujarati,43.2,CRITICAL_SURGE,0.1,42.32142857142857,1.9,True,137.0,128,MODERATE_STOCKOUT_RISK
DLR-REG-1702,Krushi Vikas Krushi Kendra (Tarapur),Anand,GJ-CENTRAL-02,UB-URBN-01,AgroSphere Plant Revival Tonic,26,18,Bharat Chauhan,+91 98206 47907,dealer_1702@gmail.com,Hindi,43.2,CRITICAL_SURGE,0.1,42.32142857142857,1.9,True,52.0,52,MODERATE_STOCKOUT_RISK
DLR-REG-1860,Krushi Vikas Krushi Kendra (Borsad),Anand,GJ-CENTRAL-02,UB-URBN-01,AgroSphere Plant Revival Tonic,31,21,Dinesh Pandya,+91 97351 11352,dealer_1860@kisanagro.in,Gujarati,43.2,CRITICAL_SURGE,0.1,42.32142857142857,1.9,True,60.0,59,MODERATE_STOCKOUT_RISK
DLR-REG-1869,Kisan Seva Krushi Kendra (Petlad),Anand,GJ-CENTRAL-02,UB-URBN-01,AgroSphere Plant Revival Tonic,55,47,Dinesh Patel,+91 98460 83512,dealer_1869@kisanagro.in,English,43.2,CRITICAL_SURGE,0.1,42.32142857142857,1.9,True,135.0,147,MODERATE_STOCKOUT_RISK
DLR-REG-1994,Patel Agro Krushi Kendra (Borsad),Anand,GJ-CENTRAL-02,UB-URBN-01,AgroSphere Plant Revival Tonic,33,24,Hasmukh Gohil,+91 98470 20802,dealer_1994@kisanagro.in,Hindi,43.2,CRITICAL_SURGE,0.1,42.32142857142857,1.9,True,69.0,70,MODERATE_STOCKOUT_RISK
DLR-REG-2045,Patel Agro Krushi Kendra (Umreth),Anand,GJ-CENTRAL-02,UB-URBN-01,AgroSphere Plant Revival Tonic,133,74,Hasmukh Gohil,+91 98674 15089,dealer_2045@gmail.com,Hindi,43.2,CRITICAL_SURGE,0.1,42.32142857142857,1.9,True,212.0,185,MODERATE_STOCKOUT_RISK
DLR-REG-2334,Vrundavan Krushi Kendra (Umreth),Anand,GJ-CENTRAL-02,UB-URBN-01,AgroSphere Plant Revival Tonic,109,65,Kishor Panchal,+91 97665 59976,dealer_2334@kisanagro.in,Gujarati,43.2,CRITICAL_SURGE,0.1,42.32142857142857,1.9,True,186.0,170,MODERATE_STOCKOUT_RISK
DLR-REG-1043,Green Earth Krushi Kendra (Waghodia),Vadodara,GJ-CENTRAL-01,UB-STIM-01,AgroSphere Bio-Zyme Gold,93,67,Ramesh Pandya,+91 97969 31299,dealer_1043@gmail.com,Gujarati,38.9,CRITICAL_SURGE,0.1,49.714285714285715,2.9,True,186.0,186,MODERATE_STOCKOUT_RISK
DLR-REG-1409,Agro Care Krushi Kendra (Padra),Vadodara,GJ-CENTRAL-01,UB-STIM-01,AgroSphere Bio-Zyme Gold,77,54,Haresh Chauhan,+91 99261 52746,dealer_1409@kisanagro.in,English,38.9,CRITICAL_SURGE,0.1,49.714285714285715,2.9,True,150.0,148,MODERATE_STOCKOUT_RISK
DLR-REG-1419,Bharat Krushi Krushi Kendra (Dabhoi),Vadodara,GJ-CENTRAL-01,UB-STIM-01,AgroSphere Bio-Zyme Gold,54,31,Hasmukh Chauhan,+91 99790 14005,dealer_1419@gmail.com,English,38.9,CRITICAL_SURGE,0.1,49.714285714285715,2.9,True,86.0,75,MODERATE_STOCKOUT_RISK
DLR-REG-1439,Navjivan Krushi Kendra (Waghodia),Vadodara,GJ-CENTRAL-01,UB-STIM-01,AgroSphere Bio-Zyme Gold,56,43,Pravin Patel,+91 99566 42613,dealer_1439@gmail.com,Gujarati,38.9,CRITICAL_SURGE,0.1,49.714285714285715,2.9,True,119.0,123,MODERATE_STOCKOUT_RISK
DLR-REG-1487,Vrundavan Krushi Kendra (Karjan),Vadodara,GJ-CENTRAL-01,UB-STIM-01,AgroSphere Bio-Zyme Gold,24,15,Dinesh Shah,+91 99299 95105,dealer_1487@gmail.com,Gujarati,38.9,CRITICAL_SURGE,0.1,49.714285714285715,2.9,True,42.0,39,MODERATE_STOCKOUT_RISK
DLR-REG-1595,Krushi Vikas Krushi Kendra (Padra),Vadodara,GJ-CENTRAL-01,UB-STIM-01,AgroSphere Bio-Zyme Gold,17,14,Hasmukh Savaliya,+91 97053 37359,dealer_1595@agrosphere.ai,Gujarati,38.9,CRITICAL_SURGE,0.1,49.714285714285715,2.9,True,39.0,41,MODERATE_STOCKOUT_RISK
DLR-REG-1664,Krushi Vikas Krushi Kendra (Waghodia),Vadodara,GJ-CENTRAL-01,UB-STIM-01,AgroSphere Bio-Zyme Gold,15,10,Pravin Shah,+91 97853 85680,dealer_1664@agrosphere.ai,Gujarati,38.9,CRITICAL_SURGE,0.1,49.714285714285715,2.9,True,28.0,27,MODERATE_STOCKOUT_RISK
DLR-REG-1719,Patel Agro Krushi Kendra (Padra),Vadodara,GJ-CENTRAL-01,UB-STIM-01,AgroSphere Bio-Zyme Gold,114,75,Kishor Parmar,+91 97728 67747,dealer_1719@gmail.com,Gujarati,38.9,CRITICAL_SURGE,0.1,49.714285714285715,2.9,True,208.0,198,MODERATE_STOCKOUT_RISK
DLR-REG-1742,Navjivan Krushi Kendra (Padra),Vadodara,GJ-CENTRAL-01,UB-STIM-01,AgroSphere Bio-Zyme Gold,51,43,Ramesh Sharma,+91 99806 72182,dealer_1742@kisanagro.in,Gujarati,38.9,CRITICAL_SURGE,0.1,49.714285714285715,2.9,True,119.0,128,MODERATE_STOCKOUT_RISK
DLR-REG-1804,Shree Ram Krushi Kendra (Waghodia),Vadodara,GJ-CENTRAL-01,UB-STIM-01,AgroSphere Bio-Zyme Gold,93,78,Hasmukh Desai,+91 97740 56507,dealer_1804@kisanagro.in,Gujarati,38.9,CRITICAL_SURGE,0.1,49.714285714285715,2.9,True,217.0,232,MODERATE_STOCKOUT_RISK
DLR-REG-1950,Krushi Vikas Krushi Kendra (Karjan),Vadodara,GJ-CENTRAL-01,UB-STIM-01,AgroSphere Bio-Zyme Gold,50,44,Mukesh Verma,+91 98883 88579,dealer_1950@kisanagro.in,Gujarati,38.9,CRITICAL_SURGE,0.1,49.714285714285715,2.9,True,122.0,133,MODERATE_STOCKOUT_RISK
DLR-REG-1984,Shree Ram Krushi Kendra (Savli),Vadodara,GJ-CENTRAL-01,UB-STIM-01,AgroSphere Bio-Zyme Gold,51,42,Haresh Shah,+91 99912 18569,dealer_1984@gmail.com,Gujarati,38.9,CRITICAL_SURGE,0.1,49.714285714285715,2.9,True,117.0,124,MODERATE_STOCKOUT_RISK
DLR-REG-2002,Kisan Sahay Krushi Kendra (Waghodia),Vadodara,GJ-CENTRAL-01,UB-STIM-01,AgroSphere Bio-Zyme Gold,32,22,Pravin Pandya,+91 97569 30144,dealer_2002@kisanagro.in,Hindi,38.9,CRITICAL_SURGE,0.1,49.714285714285715,2.9,True,61.0,60,MODERATE_STOCKOUT_RISK
DLR-REG-2020,Bharat Krushi Krushi Kendra (Padra),Vadodara,GJ-CENTRAL-01,UB-STIM-01,AgroSphere Bio-Zyme Gold,45,31,Haresh Panchal,+91 97689 20169,dealer_2020@agrosphere.ai,Gujarati,38.9,CRITICAL_SURGE,0.1,49.714285714285715,2.9,True,86.0,84,MODERATE_STOCKOUT_RISK
DLR-REG-2195,Kisan Seva Krushi Kendra (Dabhoi),Vadodara,GJ-CENTRAL-01,UB-STIM-01,AgroSphere Bio-Zyme Gold,64,55,Dinesh Gohil,+91 97446 21248,dealer_2195@gmail.com,English,38.9,CRITICAL_SURGE,0.1,49.714285714285715,2.9,True,153.0,165,MODERATE_STOCKOUT_RISK
DLR-REG-2205,Kisan Sahay Krushi Kendra (Waghodia),Vadodara,GJ-CENTRAL-01,UB-STIM-01,AgroSphere Bio-Zyme Gold,47,31,Ramesh Desai,+91 99598 68894,dealer_2205@agrosphere.ai,Gujarati,38.9,CRITICAL_SURGE,0.1,49.714285714285715,2.9,True,86.0,82,MODERATE_STOCKOUT_RISK
DLR-REG-2284,Kisan Seva Krushi Kendra (Waghodia),Vadodara,GJ-CENTRAL-01,UB-STIM-01,AgroSphere Bio-Zyme Gold,66,52,Ramesh Shah,+91 98539 67264,dealer_2284@gmail.com,Hindi,38.9,CRITICAL_SURGE,0.1,49.714285714285715,2.9,True,144.0,150,MODERATE_STOCKOUT_RISK
DLR-REG-2377,Shree Ram Krushi Kendra (Dabhoi),Vadodara,GJ-CENTRAL-01,UB-STIM-01,AgroSphere Bio-Zyme Gold,96,64,Dinesh Zala,+91 99003 88781,dealer_2377@kisanagro.in,Gujarati,38.9,CRITICAL_SURGE,0.1,49.714285714285715,2.9,True,178.0,171,MODERATE_STOCKOUT_RISK
DLR-REG-2413,Agro Care Krushi Kendra (Waghodia),Vadodara,GJ-CENTRAL-01,UB-STIM-01,AgroSphere Bio-Zyme Gold,17,10,Mukesh Pandya,+91 97680 93069,dealer_2413@kisanagro.in,English,38.9,CRITICAL_SURGE,0.1,49.714285714285715,2.9,True,28.0,25,MODERATE_STOCKOUT_RISK
DLR-REG-2465,Kisan Seva Krushi Kendra (Waghodia),Vadodara,GJ-CENTRAL-01,UB-STIM-01,AgroSphere Bio-Zyme Gold,34,24,Haresh Savaliya,+91 98125 34341,dealer_2465@kisanagro.in,Gujarati,38.9,CRITICAL_SURGE,0.1,49.714285714285715,2.9,True,67.0,66,MODERATE_STOCKOUT_RISK
DLR-REG-1026,Agro Care Krushi Kendra (Khambhat),Anand,GJ-CENTRAL-02,UB-BULK-01,AgroSphere Tech-Grade Amino 80%,103,59,Mukesh Savaliya,+91 97779 80292,dealer_1026@kisanagro.in,English,28.1,CRITICAL_SURGE,0.1,42.32142857142857,1.9,True,151.0,124,MODERATE_STOCKOUT_RISK
DLR-REG-1187,Agro Care Krushi Kendra (Petlad),Anand,GJ-CENTRAL-02,UB-BULK-01,AgroSphere Tech-Grade Amino 80%,30,20,Dinesh Parmar,+91 99444 80261,dealer_1187@gmail.com,Hindi,28.1,CRITICAL_SURGE,0.1,42.32142857142857,1.9,True,51.0,47,MODERATE_STOCKOUT_RISK
DLR-REG-1283,Vrundavan Krushi Kendra (Umreth),Anand,GJ-CENTRAL-02,UB-BULK-01,AgroSphere Tech-Grade Amino 80%,118,76,Mukesh Savaliya,+91 98228 99658,dealer_1283@gmail.com,Gujarati,28.1,CRITICAL_SURGE,0.1,42.32142857142857,1.9,True,195.0,174,MODERATE_STOCKOUT_RISK
DLR-REG-1464,Bharat Krushi Krushi Kendra (Petlad),Anand,GJ-CENTRAL-02,UB-BULK-01,AgroSphere Tech-Grade Amino 80%,115,65,Pravin Shah,+91 97372 89194,dealer_1464@agrosphere.ai,Hindi,28.1,CRITICAL_SURGE,0.1,42.32142857142857,1.9,True,167.0,135,MODERATE_STOCKOUT_RISK
DLR-REG-1596,Krushi Vikas Krushi Kendra (Petlad),Anand,GJ-CENTRAL-02,UB-BULK-01,AgroSphere Tech-Grade Amino 80%,25,20,Haresh Shah,+91 98511 17641,dealer_1596@agrosphere.ai,Hindi,28.1,CRITICAL_SURGE,0.1,42.32142857142857,1.9,True,51.0,52,MODERATE_STOCKOUT_RISK
DLR-REG-1599,Vrundavan Krushi Kendra (Petlad),Anand,GJ-CENTRAL-02,UB-BULK-01,AgroSphere Tech-Grade Amino 80%,17,16,Dinesh Verma,+91 99877 97194,dealer_1599@kisanagro.in,Gujarati,28.1,CRITICAL_SURGE,0.1,42.32142857142857,1.9,True,41.0,44,MODERATE_STOCKOUT_RISK
DLR-REG-1609,Navjivan Krushi Kendra (Petlad),Anand,GJ-CENTRAL-02,UB-BULK-01,AgroSphere Tech-Grade Amino 80%,72,47,Pravin Panchal,+91 99596 92862,dealer_1609@kisanagro.in,Gujarati,28.1,CRITICAL_SURGE,0.1,42.32142857142857,1.9,True,120.0,108,MODERATE_STOCKOUT_RISK
DLR-REG-1619,Kisan Sahay Krushi Kendra (Umreth),Anand,GJ-CENTRAL-02,UB-BULK-01,AgroSphere Tech-Grade Amino 80%,119,70,Mukesh Verma,+91 99203 37770,dealer_1619@gmail.com,Hindi,28.1,CRITICAL_SURGE,0.1,42.32142857142857,1.9,True,179.0,150,MODERATE_STOCKOUT_RISK
DLR-REG-1667,Kisan Seva Krushi Kendra (Petlad),Anand,GJ-CENTRAL-02,UB-BULK-01,AgroSphere Tech-Grade Amino 80%,64,47,Bharat Savaliya,+91 98851 49666,dealer_1667@gmail.com,Gujarati,28.1,CRITICAL_SURGE,0.1,42.32142857142857,1.9,True,120.0,116,MODERATE_STOCKOUT_RISK
DLR-REG-1693,Green Earth Krushi Kendra (Umreth),Anand,GJ-CENTRAL-02,UB-BULK-01,AgroSphere Tech-Grade Amino 80%,82,49,Mukesh Shah,+91 99713 32729,dealer_1693@kisanagro.in,Gujarati,28.1,CRITICAL_SURGE,0.1,42.32142857142857,1.9,True,126.0,107,MODERATE_STOCKOUT_RISK
DLR-REG-1729,Agro Care Krushi Kendra (Umreth),Anand,GJ-CENTRAL-02,UB-BULK-01,AgroSphere Tech-Grade Amino 80%,48,33,Kishor Zala,+91 99046 79984,dealer_1729@kisanagro.in,Gujarati,28.1,CRITICAL_SURGE,0.1,42.32142857142857,1.9,True,85.0,79,MODERATE_STOCKOUT_RISK
DLR-REG-1766,Navjivan Krushi Kendra (Borsad),Anand,GJ-CENTRAL-02,UB-BULK-01,AgroSphere Tech-Grade Amino 80%,42,39,Pravin Shah,+91 98200 64596,dealer_1766@agrosphere.ai,Gujarati,28.1,CRITICAL_SURGE,0.1,42.32142857142857,1.9,True,100.0,108,MODERATE_STOCKOUT_RISK
DLR-REG-1775,Vrundavan Krushi Kendra (Khambhat),Anand,GJ-CENTRAL-02,UB-BULK-01,AgroSphere Tech-Grade Amino 80%,89,59,Ramesh Gohil,+91 99315 67947,dealer_1775@kisanagro.in,English,28.1,CRITICAL_SURGE,0.1,42.32142857142857,1.9,True,151.0,138,MODERATE_STOCKOUT_RISK
DLR-REG-1837,Bharat Krushi Krushi Kendra (Umreth),Anand,GJ-CENTRAL-02,UB-BULK-01,AgroSphere Tech-Grade Amino 80%,28,17,Haresh Chauhan,+91 99649 14850,dealer_1837@gmail.com,Gujarati,28.1,CRITICAL_SURGE,0.1,42.32142857142857,1.9,True,44.0,38,MODERATE_STOCKOUT_RISK
DLR-REG-1872,Navjivan Krushi Kendra (Petlad),Anand,GJ-CENTRAL-02,UB-BULK-01,AgroSphere Tech-Grade Amino 80%,26,16,Dinesh Zala,+91 99772 22360,dealer_1872@kisanagro.in,Gujarati,28.1,CRITICAL_SURGE,0.1,42.32142857142857,1.9,True,41.0,35,MODERATE_STOCKOUT_RISK
DLR-REG-1941,Patel Agro Krushi Kendra (Khambhat),Anand,GJ-CENTRAL-02,UB-BULK-01,AgroSphere Tech-Grade Amino 80%,130,75,Hasmukh Chauhan,+91 97212 36549,dealer_1941@gmail.com,Hindi,28.1,CRITICAL_SURGE,0.1,42.32142857142857,1.9,True,192.0,158,MODERATE_STOCKOUT_RISK
DLR-REG-2013,Vrundavan Krushi Kendra (Borsad),Anand,GJ-CENTRAL-02,UB-BULK-01,AgroSphere Tech-Grade Amino 80%,19,11,Haresh Sharma,+91 99861 15723,dealer_2013@gmail.com,Gujarati,28.1,CRITICAL_SURGE,0.1,42.32142857142857,1.9,True,28.0,23,MODERATE_STOCKOUT_RISK
DLR-REG-2109,Shree Ram Krushi Kendra (Tarapur),Anand,GJ-CENTRAL-02,UB-BULK-01,AgroSphere Tech-Grade Amino 80%,44,29,Dinesh Desai,+91 99109 99800,dealer_2109@agrosphere.ai,Gujarati,28.1,CRITICAL_SURGE,0.1,42.32142857142857,1.9,True,74.0,67,MODERATE_STOCKOUT_RISK
DLR-REG-2135,Agro Care Krushi Kendra (Petlad),Anand,GJ-CENTRAL-02,UB-BULK-01,AgroSphere Tech-Grade Amino 80%,16,12,Hasmukh Gajera,+91 97168 86881,dealer_2135@agrosphere.ai,Gujarati,28.1,CRITICAL_SURGE,0.1,42.32142857142857,1.9,True,31.0,30,MODERATE_STOCKOUT_RISK
DLR-REG-2226,Kisan Seva Krushi Kendra (Khambhat),Anand,GJ-CENTRAL-02,UB-BULK-01,AgroSphere Tech-Grade Amino 80%,78,45,Ramesh Zala,+91 97736 49158,dealer_2226@gmail.com,Hindi,28.1,CRITICAL_SURGE,0.1,42.32142857142857,1.9,True,115.0,95,MODERATE_STOCKOUT_RISK
DLR-REG-2232,Vrundavan Krushi Kendra (Petlad),Anand,GJ-CENTRAL-02,UB-BULK-01,AgroSphere Tech-Grade Amino 80%,131,78,Kishor Zala,+91 97678 36978,dealer_2232@agrosphere.ai,English,28.1,CRITICAL_SURGE,0.1,42.32142857142857,1.9,True,200.0,169,MODERATE_STOCKOUT_RISK
DLR-REG-2358,Green Earth Krushi Kendra (Umreth),Anand,GJ-CENTRAL-02,UB-BULK-01,AgroSphere Tech-Grade Amino 80%,107,66,Dinesh Donga,+91 99867 27643,dealer_2358@agrosphere.ai,Hindi,28.1,CRITICAL_SURGE,0.1,42.32142857142857,1.9,True,169.0,147,MODERATE_STOCKOUT_RISK
DLR-REG-2376,Navjivan Krushi Kendra (Khambhat),Anand,GJ-CENTRAL-02,UB-BULK-01,AgroSphere Tech-Grade Amino 80%,66,42,Haresh Gohil,+91 97474 33094,dealer_2376@kisanagro.in,Gujarati,28.1,CRITICAL_SURGE,0.1,42.32142857142857,1.9,True,108.0,96,MODERATE_STOCKOUT_RISK
DLR-REG-2461,Krushi Vikas Krushi Kendra (Khambhat),Anand,GJ-CENTRAL-02,UB-BULK-01,AgroSphere Tech-Grade Amino 80%,63,41,Mukesh Desai,+91 99144 84588,dealer_2461@kisanagro.in,Gujarati,28.1,CRITICAL_SURGE,0.1,42.32142857142857,1.9,True,105.0,95,MODERATE_STOCKOUT_RISK
DLR-REG-1067,Shree Ram Krushi Kendra (Hansot),Bharuch,GJ-SOUTH-02,UB-BIO-01,AgroSphere Bio-Shield,70,53,Dinesh Parmar,+91 97744 16590,dealer_1067@kisanagro.in,Gujarati,27.3,CRITICAL_SURGE,0.1,51.4,8.2,True,135.0,132,MODERATE_STOCKOUT_RISK
DLR-REG-1199,Vrundavan Krushi Kendra (Amod),Bharuch,GJ-SOUTH-02,UB-BIO-01,AgroSphere Bio-Shield,69,43,Kishor Chauhan,+91 99619 17518,dealer_1199@gmail.com,Gujarati,27.3,CRITICAL_SURGE,0.1,51.4,8.2,True,109.0,95,MODERATE_STOCKOUT_RISK
DLR-REG-1249,Kisan Seva Krushi Kendra (Ankleshwar),Bharuch,GJ-SOUTH-02,UB-BIO-01,AgroSphere Bio-Shield,99,58,Ramesh Donga,+91 98660 99925,dealer_1249@agrosphere.ai,Gujarati,27.3,CRITICAL_SURGE,0.1,51.4,8.2,True,148.0,123,MODERATE_STOCKOUT_RISK
DLR-REG-1263,Green Earth Krushi Kendra (Ankleshwar),Bharuch,GJ-SOUTH-02,UB-BIO-01,AgroSphere Bio-Shield,15,10,Mukesh Desai,+91 99210 38477,dealer_1263@gmail.com,Hindi,27.3,CRITICAL_SURGE,0.1,51.4,8.2,True,25.0,23,MODERATE_STOCKOUT_RISK
DLR-REG-1333,Green Earth Krushi Kendra (Amod),Bharuch,GJ-SOUTH-02,UB-BIO-01,AgroSphere Bio-Shield,29,20,Dinesh Chauhan,+91 97309 93050,dealer_1333@gmail.com,Hindi,27.3,CRITICAL_SURGE,0.1,51.4,8.2,True,51.0,47,MODERATE_STOCKOUT_RISK
DLR-REG-1444,Bharat Krushi Krushi Kendra (Amod),Bharuch,GJ-SOUTH-02,UB-BIO-01,AgroSphere Bio-Shield,86,75,Pravin Pandya,+91 99432 16286,dealer_1444@agrosphere.ai,Gujarati,27.3,CRITICAL_SURGE,0.1,51.4,8.2,True,191.0,200,MODERATE_STOCKOUT_RISK
DLR-REG-1482,Shree Ram Krushi Kendra (Ankleshwar),Bharuch,GJ-SOUTH-02,UB-BIO-01,AgroSphere Bio-Shield,28,17,Hasmukh Gajera,+91 98545 15326,dealer_1482@kisanagro.in,Hindi,27.3,CRITICAL_SURGE,0.1,51.4,8.2,True,43.0,37,MODERATE_STOCKOUT_RISK
DLR-REG-1522,Kisan Seva Krushi Kendra (Amod),Bharuch,GJ-SOUTH-02,UB-BIO-01,AgroSphere Bio-Shield,102,80,Hasmukh Pandya,+91 97941 59572,dealer_1522@kisanagro.in,Gujarati,27.3,CRITICAL_SURGE,0.1,51.4,8.2,True,204.0,204,MODERATE_STOCKOUT_RISK
DLR-REG-1626,Navjivan Krushi Kendra (Amod),Bharuch,GJ-SOUTH-02,UB-BIO-01,AgroSphere Bio-Shield,26,15,Kishor Shah,+91 97253 92023,dealer_1626@kisanagro.in,Gujarati,27.3,CRITICAL_SURGE,0.1,51.4,8.2,True,38.0,31,MODERATE_STOCKOUT_RISK
DLR-REG-1688,Agro Care Krushi Kendra (Ankleshwar),Bharuch,GJ-SOUTH-02,UB-BIO-01,AgroSphere Bio-Shield,31,20,Ramesh Savaliya,+91 99378 93379,dealer_1688@gmail.com,Gujarati,27.3,CRITICAL_SURGE,0.1,51.4,8.2,True,51.0,45,MODERATE_STOCKOUT_RISK
DLR-REG-1703,Vrundavan Krushi Kendra (Amod),Bharuch,GJ-SOUTH-02,UB-BIO-01,AgroSphere Bio-Shield,108,78,Pravin Donga,+91 99577 72018,dealer_1703@agrosphere.ai,Hindi,27.3,CRITICAL_SURGE,0.1,51.4,8.2,True,199.0,190,MODERATE_STOCKOUT_RISK
DLR-REG-1764,Kisan Seva Krushi Kendra (Amod),Bharuch,GJ-SOUTH-02,UB-BIO-01,AgroSphere Bio-Shield,100,63,Bharat Pandya,+91 99757 18601,dealer_1764@gmail.com,Gujarati,27.3,CRITICAL_SURGE,0.1,51.4,8.2,True,160.0,140,MODERATE_STOCKOUT_RISK
DLR-REG-1803,Patel Agro Krushi Kendra (Jambusar),Bharuch,GJ-SOUTH-02,UB-BIO-01,AgroSphere Bio-Shield,59,49,Pravin Gajera,+91 99971 22934,dealer_1803@gmail.com,English,27.3,CRITICAL_SURGE,0.1,51.4,8.2,True,125.0,128,MODERATE_STOCKOUT_RISK
DLR-REG-1826,Vrundavan Krushi Kendra (Hansot),Bharuch,GJ-SOUTH-02,UB-BIO-01,AgroSphere Bio-Shield,128,78,Bharat Patel,+91 98547 84757,dealer_1826@kisanagro.in,Hindi,27.3,CRITICAL_SURGE,0.1,51.4,8.2,True,199.0,170,MODERATE_STOCKOUT_RISK
DLR-REG-1861,Navjivan Krushi Kendra (Hansot),Bharuch,GJ-SOUTH-02,UB-BIO-01,AgroSphere Bio-Shield,76,53,Haresh Panchal,+91 99901 65481,dealer_1861@agrosphere.ai,Gujarati,27.3,CRITICAL_SURGE,0.1,51.4,8.2,True,135.0,126,MODERATE_STOCKOUT_RISK
DLR-REG-1863,Kisan Sahay Krushi Kendra (Ankleshwar),Bharuch,GJ-SOUTH-02,UB-BIO-01,AgroSphere Bio-Shield,80,49,Haresh Donga,+91 98239 61733,dealer_1863@agrosphere.ai,Gujarati,27.3,CRITICAL_SURGE,0.1,51.4,8.2,True,125.0,107,MODERATE_STOCKOUT_RISK
DLR-REG-1915,Bharat Krushi Krushi Kendra (Jambusar),Bharuch,GJ-SOUTH-02,UB-BIO-01,AgroSphere Bio-Shield,81,48,Dinesh Pandya,+91 99856 55252,dealer_1915@agrosphere.ai,Gujarati,27.3,CRITICAL_SURGE,0.1,51.4,8.2,True,122.0,102,MODERATE_STOCKOUT_RISK
DLR-REG-1952,Green Earth Krushi Kendra (Hansot),Bharuch,GJ-SOUTH-02,UB-BIO-01,AgroSphere Bio-Shield,70,44,Hasmukh Shah,+91 99658 95362,dealer_1952@gmail.com,Gujarati,27.3,CRITICAL_SURGE,0.1,51.4,8.2,True,112.0,98,MODERATE_STOCKOUT_RISK
DLR-REG-1955,Navjivan Krushi Kendra (Amod),Bharuch,GJ-SOUTH-02,UB-BIO-01,AgroSphere Bio-Shield,27,17,Kishor Sharma,+91 99940 38986,dealer_1955@gmail.com,Gujarati,27.3,CRITICAL_SURGE,0.1,51.4,8.2,True,43.0,38,MODERATE_STOCKOUT_RISK
DLR-REG-2026,Vrundavan Krushi Kendra (Jambusar),Bharuch,GJ-SOUTH-02,UB-BIO-01,AgroSphere Bio-Shield,19,14,Haresh Savaliya,+91 98752 25834,dealer_2026@gmail.com,Gujarati,27.3,CRITICAL_SURGE,0.1,51.4,8.2,True,36.0,35,MODERATE_STOCKOUT_RISK
DLR-REG-2085,Green Earth Krushi Kendra (Jambusar),Bharuch,GJ-SOUTH-02,UB-BIO-01,AgroSphere Bio-Shield,86,51,Hasmukh Zala,+91 98899 95237,dealer_2085@kisanagro.in,English,27.3,CRITICAL_SURGE,0.1,51.4,8.2,True,130.0,109,MODERATE_STOCKOUT_RISK
DLR-REG-2105,Shree Ram Krushi Kendra (Jambusar),Bharuch,GJ-SOUTH-02,UB-BIO-01,AgroSphere Bio-Shield,60,54,Haresh Gajera,+91 99324 45044,dealer_2105@gmail.com,Gujarati,27.3,CRITICAL_SURGE,0.1,51.4,8.2,True,137.0,146,MODERATE_STOCKOUT_RISK
DLR-REG-2150,Kisan Sahay Krushi Kendra (Amod),Bharuch,GJ-SOUTH-02,UB-BIO-01,AgroSphere Bio-Shield,72,50,Ramesh Donga,+91 97727 61668,dealer_2150@agrosphere.ai,Gujarati,27.3,CRITICAL_SURGE,0.1,51.4,8.2,True,127.0,119,MODERATE_STOCKOUT_RISK
DLR-REG-2175,Vrundavan Krushi Kendra (Amod),Bharuch,GJ-SOUTH-02,UB-BIO-01,AgroSphere Bio-Shield,17,10,Kishor Shah,+91 99905 39794,dealer_2175@kisanagro.in,Gujarati,27.3,CRITICAL_SURGE,0.1,51.4,8.2,True,25.0,21,MODERATE_STOCKOUT_RISK
DLR-REG-2208,Kisan Seva Krushi Kendra (Hansot),Bharuch,GJ-SOUTH-02,UB-BIO-01,AgroSphere Bio-Shield,12,10,Haresh Chauhan,+91 98440 56165,dealer_2208@agrosphere.ai,Hindi,27.3,CRITICAL_SURGE,0.1,51.4,8.2,True,25.0,26,MODERATE_STOCKOUT_RISK
DLR-REG-2341,Vrundavan Krushi Kendra (Hansot),Bharuch,GJ-SOUTH-02,UB-BIO-01,AgroSphere Bio-Shield,48,45,Pravin Verma,+91 99266 39878,dealer_2341@gmail.com,Gujarati,27.3,CRITICAL_SURGE,0.1,51.4,8.2,True,115.0,124,MODERATE_STOCKOUT_RISK
DLR-REG-2370,Kisan Sahay Krushi Kendra (Ankleshwar),Bharuch,GJ-SOUTH-02,UB-BIO-01,AgroSphere Bio-Shield,61,34,Ramesh Savaliya,+91 99401 59310,dealer_2370@gmail.com,Gujarati,27.3,CRITICAL_SURGE,0.1,51.4,8.2,True,87.0,69,MODERATE_STOCKOUT_RISK
DLR-REG-2488,Kisan Seva Krushi Kendra (Ankleshwar),Bharuch,GJ-SOUTH-02,UB-BIO-01,AgroSphere Bio-Shield,125,74,Pravin Desai,+91 98199 62218,dealer_2488@agrosphere.ai,Gujarati,27.3,CRITICAL_SURGE,0.1,51.4,8.2,True,188.0,157,MODERATE_STOCKOUT_RISK
DLR-REG-2490,Krushi Vikas Krushi Kendra (Jambusar),Bharuch,GJ-SOUTH-02,UB-BIO-01,AgroSphere Bio-Shield,52,40,Bharat Chauhan,+91 97581 41859,dealer_2490@kisanagro.in,Gujarati,27.3,CRITICAL_SURGE,0.1,51.4,8.2,True,102.0,101,MODERATE_STOCKOUT_RISK
DLR-REG-1007,Patel Agro Krushi Kendra (Jambusar),Bharuch,GJ-SOUTH-02,UB-NUTR-01,AgroSphere Aqua-Gel Polymer,37,28,Mukesh Sharma,+91 97413 59823,dealer_1007@kisanagro.in,Gujarati,25.8,CRITICAL_SURGE,0.1,51.4,8.2,True,70.0,68,MODERATE_STOCKOUT_RISK
DLR-REG-1052,Vrundavan Krushi Kendra (Jambusar),Bharuch,GJ-SOUTH-02,UB-NUTR-01,AgroSphere Aqua-Gel Polymer,39,38,Kishor Pandya,+91 98663 81819,dealer_1052@gmail.com,Gujarati,25.8,CRITICAL_SURGE,0.1,51.4,8.2,True,96.0,105,MODERATE_STOCKOUT_RISK
DLR-REG-1067,Shree Ram Krushi Kendra (Hansot),Bharuch,GJ-SOUTH-02,UB-NUTR-01,AgroSphere Aqua-Gel Polymer,105,92,Dinesh Parmar,+91 97744 16590,dealer_1067@kisanagro.in,Gujarati,25.8,CRITICAL_SURGE,0.1,51.4,8.2,True,231.0,242,MODERATE_STOCKOUT_RISK
DLR-REG-1086,Kisan Seva Krushi Kendra (Jambusar),Bharuch,GJ-SOUTH-02,UB-NUTR-01,AgroSphere Aqua-Gel Polymer,108,73,Pravin Sharma,+91 99351 47268,dealer_1086@kisanagro.in,English,25.8,CRITICAL_SURGE,0.1,51.4,8.2,True,184.0,168,MODERATE_STOCKOUT_RISK
DLR-REG-1128,Kisan Seva Krushi Kendra (Jambusar),Bharuch,GJ-SOUTH-02,UB-NUTR-01,AgroSphere Aqua-Gel Polymer,78,55,Bharat Patel,+91 99498 39015,dealer_1128@agrosphere.ai,English,25.8,CRITICAL_SURGE,0.1,51.4,8.2,True,138.0,129,MODERATE_STOCKOUT_RISK
DLR-REG-1138,Bharat Krushi Krushi Kendra (Hansot),Bharuch,GJ-SOUTH-02,UB-NUTR-01,AgroSphere Aqua-Gel Polymer,113,76,Hasmukh Sharma,+91 98950 68756,dealer_1138@kisanagro.in,Hindi,25.8,CRITICAL_SURGE,0.1,51.4,8.2,True,191.0,174,MODERATE_STOCKOUT_RISK
DLR-REG-1249,Kisan Seva Krushi Kendra (Ankleshwar),Bharuch,GJ-SOUTH-02,UB-NUTR-01,AgroSphere Aqua-Gel Polymer,22,16,Ramesh Donga,+91 98660 99925,dealer_1249@agrosphere.ai,Gujarati,25.8,CRITICAL_SURGE,0.1,51.4,8.2,True,40.0,38,MODERATE_STOCKOUT_RISK
DLR-REG-1263,Green Earth Krushi Kendra (Ankleshwar),Bharuch,GJ-SOUTH-02,UB-NUTR-01,AgroSphere Aqua-Gel Polymer,70,45,Mukesh Desai,+91 99210 38477,dealer_1263@gmail.com,Hindi,25.8,CRITICAL_SURGE,0.1,51.4,8.2,True,113.0,100,MODERATE_STOCKOUT_RISK
DLR-REG-1313,Navjivan Krushi Kendra (Jambusar),Bharuch,GJ-SOUTH-02,UB-NUTR-01,AgroSphere Aqua-Gel Polymer,59,33,Ramesh Shah,+91 99260 30989,dealer_1313@kisanagro.in,English,25.8,CRITICAL_SURGE,0.1,51.4,8.2,True,83.0,66,MODERATE_STOCKOUT_RISK
DLR-REG-1353,Navjivan Krushi Kendra (Hansot),Bharuch,GJ-SOUTH-02,UB-NUTR-01,AgroSphere Aqua-Gel Polymer,82,63,Mukesh Patel,+91 97353 66948,dealer_1353@gmail.com,Hindi,25.8,CRITICAL_SURGE,0.1,51.4,8.2,True,159.0,156,MODERATE_STOCKOUT_RISK
DLR-REG-1444,Bharat Krushi Krushi Kendra (Amod),Bharuch,GJ-SOUTH-02,UB-NUTR-01,AgroSphere Aqua-Gel Polymer,21,19,Pravin Pandya,+91 99432 16286,dealer_1444@agrosphere.ai,Gujarati,25.8,CRITICAL_SURGE,0.1,51.4,8.2,True,48.0,51,MODERATE_STOCKOUT_RISK
DLR-REG-1447,Green Earth Krushi Kendra (Jambusar),Bharuch,GJ-SOUTH-02,UB-NUTR-01,AgroSphere Aqua-Gel Polymer,29,28,Hasmukh Parmar,+91 99095 90962,dealer_1447@gmail.com,Gujarati,25.8,CRITICAL_SURGE,0.1,51.4,8.2,True,70.0,76,MODERATE_STOCKOUT_RISK
DLR-REG-1498,Kisan Sahay Krushi Kendra (Amod),Bharuch,GJ-SOUTH-02,UB-NUTR-01,AgroSphere Aqua-Gel Polymer,65,59,Ramesh Shah,+91 97504 15475,dealer_1498@gmail.com,Hindi,25.8,CRITICAL_SURGE,0.1,51.4,8.2,True,148.0,157,MODERATE_STOCKOUT_RISK
DLR-REG-1586,Shree Ram Krushi Kendra (Ankleshwar),Bharuch,GJ-SOUTH-02,UB-NUTR-01,AgroSphere Aqua-Gel Polymer,30,21,Mukesh Desai,+91 98297 83184,dealer_1586@agrosphere.ai,English,25.8,CRITICAL_SURGE,0.1,51.4,8.2,True,53.0,49,MODERATE_STOCKOUT_RISK
DLR-REG-1771,Shree Ram Krushi Kendra (Amod),Bharuch,GJ-SOUTH-02,UB-NUTR-01,AgroSphere Aqua-Gel Polymer,97,62,Ramesh Gajera,+91 97660 41182,dealer_1771@gmail.com,Gujarati,25.8,CRITICAL_SURGE,0.1,51.4,8.2,True,156.0,137,MODERATE_STOCKOUT_RISK
DLR-REG-1826,Vrundavan Krushi Kendra (Hansot),Bharuch,GJ-SOUTH-02,UB-NUTR-01,AgroSphere Aqua-Gel Polymer,23,13,Bharat Patel,+91 98547 84757,dealer_1826@kisanagro.in,Hindi,25.8,CRITICAL_SURGE,0.1,51.4,8.2,True,33.0,26,MODERATE_STOCKOUT_RISK
DLR-REG-1858,Green Earth Krushi Kendra (Hansot),Bharuch,GJ-SOUTH-02,UB-NUTR-01,AgroSphere Aqua-Gel Polymer,37,25,Haresh Gajera,+91 97846 88654,dealer_1858@gmail.com,Gujarati,25.8,CRITICAL_SURGE,0.1,51.4,8.2,True,63.0,57,MODERATE_STOCKOUT_RISK
DLR-REG-1863,Kisan Sahay Krushi Kendra (Ankleshwar),Bharuch,GJ-SOUTH-02,UB-NUTR-01,AgroSphere Aqua-Gel Polymer,79,69,Haresh Donga,+91 98239 61733,dealer_1863@agrosphere.ai,Gujarati,25.8,CRITICAL_SURGE,0.1,51.4,8.2,True,174.0,182,MODERATE_STOCKOUT_RISK
DLR-REG-1889,Kisan Seva Krushi Kendra (Hansot),Bharuch,GJ-SOUTH-02,UB-NUTR-01,AgroSphere Aqua-Gel Polymer,57,37,Haresh Panchal,+91 99694 88890,dealer_1889@agrosphere.ai,Gujarati,25.8,CRITICAL_SURGE,0.1,51.4,8.2,True,93.0,83,MODERATE_STOCKOUT_RISK
DLR-REG-1955,Navjivan Krushi Kendra (Amod),Bharuch,GJ-SOUTH-02,UB-NUTR-01,AgroSphere Aqua-Gel Polymer,141,113,Kishor Sharma,+91 99940 38986,dealer_1955@gmail.com,Gujarati,25.8,CRITICAL_SURGE,0.1,51.4,8.2,True,284.0,285,MODERATE_STOCKOUT_RISK
DLR-REG-1963,Green Earth Krushi Kendra (Jambusar),Bharuch,GJ-SOUTH-02,UB-NUTR-01,AgroSphere Aqua-Gel Polymer,113,76,Mukesh Sharma,+91 97806 31558,dealer_1963@kisanagro.in,Gujarati,25.8,CRITICAL_SURGE,0.1,51.4,8.2,True,191.0,174,MODERATE_STOCKOUT_RISK
DLR-REG-2105,Shree Ram Krushi Kendra (Jambusar),Bharuch,GJ-SOUTH-02,UB-NUTR-01,AgroSphere Aqua-Gel Polymer,79,78,Haresh Gajera,+91 99324 45044,dealer_2105@gmail.com,Gujarati,25.8,CRITICAL_SURGE,0.1,51.4,8.2,True,196.0,215,MODERATE_STOCKOUT_RISK
DLR-REG-2106,Kisan Seva Krushi Kendra (Hansot),Bharuch,GJ-SOUTH-02,UB-NUTR-01,AgroSphere Aqua-Gel Polymer,31,19,Dinesh Gajera,+91 98449 71428,dealer_2106@agrosphere.ai,Gujarati,25.8,CRITICAL_SURGE,0.1,51.4,8.2,True,48.0,41,MODERATE_STOCKOUT_RISK
DLR-REG-2127,Navjivan Krushi Kendra (Jambusar),Bharuch,GJ-SOUTH-02,UB-NUTR-01,AgroSphere Aqua-Gel Polymer,33,22,Ramesh Parmar,+91 97939 25789,dealer_2127@gmail.com,Gujarati,25.8,CRITICAL_SURGE,0.1,51.4,8.2,True,55.0,50,MODERATE_STOCKOUT_RISK
DLR-REG-2134,Vrundavan Krushi Kendra (Amod),Bharuch,GJ-SOUTH-02,UB-NUTR-01,AgroSphere Aqua-Gel Polymer,176,98,Bharat Shah,+91 97975 95229,dealer_2134@kisanagro.in,Hindi,25.8,CRITICAL_SURGE,0.1,51.4,8.2,True,247.0,194,MODERATE_STOCKOUT_RISK
DLR-REG-2146,Krushi Vikas Krushi Kendra (Ankleshwar),Bharuch,GJ-SOUTH-02,UB-NUTR-01,AgroSphere Aqua-Gel Polymer,87,71,Kishor Savaliya,+91 97723 43552,dealer_2146@gmail.com,Hindi,25.8,CRITICAL_SURGE,0.1,51.4,8.2,True,179.0,181,MODERATE_STOCKOUT_RISK
DLR-REG-2183,Krushi Vikas Krushi Kendra (Ankleshwar),Bharuch,GJ-SOUTH-02,UB-NUTR-01,AgroSphere Aqua-Gel Polymer,36,27,Hasmukh Chauhan,+91 99056 29685,dealer_2183@gmail.com,English,25.8,CRITICAL_SURGE,0.1,51.4,8.2,True,68.0,66,MODERATE_STOCKOUT_RISK
DLR-REG-2273,Krushi Vikas Krushi Kendra (Hansot),Bharuch,GJ-SOUTH-02,UB-NUTR-01,AgroSphere Aqua-Gel Polymer,70,50,Hasmukh Savaliya,+91 97793 59516,dealer_2273@agrosphere.ai,Gujarati,25.8,CRITICAL_SURGE,0.1,51.4,8.2,True,126.0,119,MODERATE_STOCKOUT_RISK
DLR-REG-2329,Agro Care Krushi Kendra (Hansot),Bharuch,GJ-SOUTH-02,UB-NUTR-01,AgroSphere Aqua-Gel Polymer,100,77,Dinesh Patel,+91 97138 45428,dealer_2329@kisanagro.in,English,25.8,CRITICAL_SURGE,0.1,51.4,8.2,True,194.0,191,MODERATE_STOCKOUT_RISK
DLR-REG-2463,Green Earth Krushi Kendra (Amod),Bharuch,GJ-SOUTH-02,UB-NUTR-01,AgroSphere Aqua-Gel Polymer,32,19,Pravin Chauhan,+91 97753 43666,dealer_2463@agrosphere.ai,English,25.8,CRITICAL_SURGE,0.1,51.4,8.2,True,48.0,40,MODERATE_STOCKOUT_RISK
DLR-REG-1112,Krushi Vikas Krushi Kendra (Khambhat),Anand,GJ-CENTRAL-02,UB-BIO-02,AgroSphere Larvi-Kill,81,79,Haresh Pandya,+91 99661 20527,dealer_1112@kisanagro.in,English,25.6,CRITICAL_SURGE,0.1,42.32142857142857,1.9,True,198.0,216,MODERATE_STOCKOUT_RISK
DLR-REG-1267,Bharat Krushi Krushi Kendra (Borsad),Anand,GJ-CENTRAL-02,UB-BIO-02,AgroSphere Larvi-Kill,68,51,Mukesh Desai,+91 97923 49418,dealer_1267@agrosphere.ai,English,25.6,CRITICAL_SURGE,0.1,42.32142857142857,1.9,True,128.0,124,MODERATE_STOCKOUT_RISK
DLR-REG-1351,Agro Care Krushi Kendra (Umreth),Anand,GJ-CENTRAL-02,UB-BIO-02,AgroSphere Larvi-Kill,44,42,Ramesh Gohil,+91 98136 20957,dealer_1351@kisanagro.in,Hindi,25.6,CRITICAL_SURGE,0.1,42.32142857142857,1.9,True,106.0,115,MODERATE_STOCKOUT_RISK
DLR-REG-1438,Green Earth Krushi Kendra (Umreth),Anand,GJ-CENTRAL-02,UB-BIO-02,AgroSphere Larvi-Kill,20,19,Pravin Patel,+91 99186 36137,dealer_1438@agrosphere.ai,Gujarati,25.6,CRITICAL_SURGE,0.1,42.32142857142857,1.9,True,48.0,52,MODERATE_STOCKOUT_RISK
DLR-REG-1473,Patel Agro Krushi Kendra (Khambhat),Anand,GJ-CENTRAL-02,UB-BIO-02,AgroSphere Larvi-Kill,41,26,Ramesh Desai,+91 97565 64099,dealer_1473@agrosphere.ai,Gujarati,25.6,CRITICAL_SURGE,0.1,42.32142857142857,1.9,True,65.0,57,MODERATE_STOCKOUT_RISK
DLR-REG-1480,Krushi Vikas Krushi Kendra (Umreth),Anand,GJ-CENTRAL-02,UB-BIO-02,AgroSphere Larvi-Kill,83,58,Pravin Shah,+91 97053 42943,dealer_1480@gmail.com,English,25.6,CRITICAL_SURGE,0.1,42.32142857142857,1.9,True,146.0,136,MODERATE_STOCKOUT_RISK
DLR-REG-1494,Kisan Seva Krushi Kendra (Umreth),Anand,GJ-CENTRAL-02,UB-BIO-02,AgroSphere Larvi-Kill,18,12,Haresh Gohil,+91 98773 51471,dealer_1494@gmail.com,Gujarati,25.6,CRITICAL_SURGE,0.1,42.32142857142857,1.9,True,30.0,27,MODERATE_STOCKOUT_RISK
DLR-REG-1546,Navjivan Krushi Kendra (Borsad),Anand,GJ-CENTRAL-02,UB-BIO-02,AgroSphere Larvi-Kill,40,26,Mukesh Panchal,+91 98087 37102,dealer_1546@gmail.com,Gujarati,25.6,CRITICAL_SURGE,0.1,42.32142857142857,1.9,True,65.0,58,MODERATE_STOCKOUT_RISK
DLR-REG-1554,Vrundavan Krushi Kendra (Borsad),Anand,GJ-CENTRAL-02,UB-BIO-02,AgroSphere Larvi-Kill,57,36,Mukesh Gajera,+91 97409 45382,dealer_1554@gmail.com,English,25.6,CRITICAL_SURGE,0.1,42.32142857142857,1.9,True,90.0,78,MODERATE_STOCKOUT_RISK
DLR-REG-1561,Vrundavan Krushi Kendra (Tarapur),Anand,GJ-CENTRAL-02,UB-BIO-02,AgroSphere Larvi-Kill,51,30,Hasmukh Chauhan,+91 97324 31233,dealer_1561@kisanagro.in,Gujarati,25.6,CRITICAL_SURGE,0.1,42.32142857142857,1.9,True,75.0,62,MODERATE_STOCKOUT_RISK
DLR-REG-1598,Navjivan Krushi Kendra (Borsad),Anand,GJ-CENTRAL-02,UB-BIO-02,AgroSphere Larvi-Kill,102,58,Mukesh Shah,+91 99334 91962,dealer_1598@gmail.com,Hindi,25.6,CRITICAL_SURGE,0.1,42.32142857142857,1.9,True,146.0,117,MODERATE_STOCKOUT_RISK
DLR-REG-1619,Kisan Sahay Krushi Kendra (Umreth),Anand,GJ-CENTRAL-02,UB-BIO-02,AgroSphere Larvi-Kill,69,47,Mukesh Verma,+91 99203 37770,dealer_1619@gmail.com,Hindi,25.6,CRITICAL_SURGE,0.1,42.32142857142857,1.9,True,118.0,108,MODERATE_STOCKOUT_RISK
DLR-REG-1693,Green Earth Krushi Kendra (Umreth),Anand,GJ-CENTRAL-02,UB-BIO-02,AgroSphere Larvi-Kill,97,70,Mukesh Shah,+91 99713 32729,dealer_1693@kisanagro.in,Gujarati,25.6,CRITICAL_SURGE,0.1,42.32142857142857,1.9,True,176.0,167,MODERATE_STOCKOUT_RISK
DLR-REG-1784,Shree Ram Krushi Kendra (Tarapur),Anand,GJ-CENTRAL-02,UB-BIO-02,AgroSphere Larvi-Kill,97,76,Ramesh Savaliya,+91 98563 47940,dealer_1784@agrosphere.ai,Gujarati,25.6,CRITICAL_SURGE,0.1,42.32142857142857,1.9,True,191.0,189,MODERATE_STOCKOUT_RISK
DLR-REG-1848,Green Earth Krushi Kendra (Khambhat),Anand,GJ-CENTRAL-02,UB-BIO-02,AgroSphere Larvi-Kill,30,20,Pravin Zala,+91 98122 20498,dealer_1848@kisanagro.in,English,25.6,CRITICAL_SURGE,0.1,42.32142857142857,1.9,True,50.0,45,MODERATE_STOCKOUT_RISK
DLR-REG-1860,Krushi Vikas Krushi Kendra (Borsad),Anand,GJ-CENTRAL-02,UB-BIO-02,AgroSphere Larvi-Kill,64,60,Dinesh Pandya,+91 97351 11352,dealer_1860@kisanagro.in,Gujarati,25.6,CRITICAL_SURGE,0.1,42.32142857142857,1.9,True,151.0,162,MODERATE_STOCKOUT_RISK
DLR-REG-1911,Krushi Vikas Krushi Kendra (Tarapur),Anand,GJ-CENTRAL-02,UB-BIO-02,AgroSphere Larvi-Kill,71,58,Dinesh Patel,+91 97596 11303,dealer_1911@agrosphere.ai,Gujarati,25.6,CRITICAL_SURGE,0.1,42.32142857142857,1.9,True,146.0,148,MODERATE_STOCKOUT_RISK
DLR-REG-1931,Green Earth Krushi Kendra (Khambhat),Anand,GJ-CENTRAL-02,UB-BIO-02,AgroSphere Larvi-Kill,70,56,Ramesh Desai,+91 97567 76160,dealer_1931@agrosphere.ai,English,25.6,CRITICAL_SURGE,0.1,42.32142857142857,1.9,True,141.0,141,MODERATE_STOCKOUT_RISK
DLR-REG-2001,Krushi Vikas Krushi Kendra (Khambhat),Anand,GJ-CENTRAL-02,UB-BIO-02,AgroSphere Larvi-Kill,30,21,Haresh Savaliya,+91 98743 99884,dealer_2001@kisanagro.in,Gujarati,25.6,CRITICAL_SURGE,0.1,42.32142857142857,1.9,True,53.0,49,MODERATE_STOCKOUT_RISK
DLR-REG-2045,Patel Agro Krushi Kendra (Umreth),Anand,GJ-CENTRAL-02,UB-BIO-02,AgroSphere Larvi-Kill,90,58,Hasmukh Gohil,+91 98674 15089,dealer_2045@gmail.com,Hindi,25.6,CRITICAL_SURGE,0.1,42.32142857142857,1.9,True,146.0,129,MODERATE_STOCKOUT_RISK
DLR-REG-2109,Shree Ram Krushi Kendra (Tarapur),Anand,GJ-CENTRAL-02,UB-BIO-02,AgroSphere Larvi-Kill,63,60,Dinesh Desai,+91 99109 99800,dealer_2109@agrosphere.ai,Gujarati,25.6,CRITICAL_SURGE,0.1,42.32142857142857,1.9,True,151.0,163,MODERATE_STOCKOUT_RISK
DLR-REG-2270,Bharat Krushi Krushi Kendra (Khambhat),Anand,GJ-CENTRAL-02,UB-BIO-02,AgroSphere Larvi-Kill,91,54,Dinesh Donga,+91 98038 57748,dealer_2270@kisanagro.in,Gujarati,25.6,CRITICAL_SURGE,0.1,42.32142857142857,1.9,True,136.0,113,MODERATE_STOCKOUT_RISK
DLR-REG-2334,Vrundavan Krushi Kendra (Umreth),Anand,GJ-CENTRAL-02,UB-BIO-02,AgroSphere Larvi-Kill,114,70,Kishor Panchal,+91 97665 59976,dealer_2334@kisanagro.in,Gujarati,25.6,CRITICAL_SURGE,0.1,42.32142857142857,1.9,True,176.0,150,MODERATE_STOCKOUT_RISK
DLR-REG-2453,Green Earth Krushi Kendra (Umreth),Anand,GJ-CENTRAL-02,UB-BIO-02,AgroSphere Larvi-Kill,25,14,Pravin Zala,+91 98240 65703,dealer_2453@kisanagro.in,Hindi,25.6,CRITICAL_SURGE,0.1,42.32142857142857,1.9,True,35.0,28,MODERATE_STOCKOUT_RISK
DLR-REG-2461,Krushi Vikas Krushi Kendra (Khambhat),Anand,GJ-CENTRAL-02,UB-BIO-02,AgroSphere Larvi-Kill,121,75,Mukesh Desai,+91 99144 84588,dealer_2461@kisanagro.in,Gujarati,25.6,CRITICAL_SURGE,0.1,42.32142857142857,1.9,True,188.0,161,MODERATE_STOCKOUT_RISK
DLR-REG-1007,Patel Agro Krushi Kendra (Jambusar),Bharuch,GJ-SOUTH-02,UB-NUTR-02,AgroSphere Solu-NPK 19:19:19,61,51,Mukesh Sharma,+91 97413 59823,dealer_1007@kisanagro.in,Gujarati,54.4,CRITICAL_SURGE,0.1,51.4,8.2,True,157.0,175,SEVERE_STOCKOUT_RISK
DLR-REG-1061,Navjivan Krushi Kendra (Amod),Bharuch,GJ-SOUTH-02,UB-NUTR-02,AgroSphere Solu-NPK 19:19:19,5,22,Bharat Donga,+91 98309 80798,dealer_1061@gmail.com,Gujarati,54.4,CRITICAL_SURGE,0.1,51.4,8.2,True,68.0,97,SEVERE_STOCKOUT_RISK
DLR-REG-1128,Kisan Seva Krushi Kendra (Jambusar),Bharuch,GJ-SOUTH-02,UB-NUTR-02,AgroSphere Solu-NPK 19:19:19,62,76,Bharat Patel,+91 99498 39015,dealer_1128@agrosphere.ai,English,54.4,CRITICAL_SURGE,0.1,51.4,8.2,True,235.0,290,SEVERE_STOCKOUT_RISK
DLR-REG-1138,Bharat Krushi Krushi Kendra (Hansot),Bharuch,GJ-SOUTH-02,UB-NUTR-02,AgroSphere Solu-NPK 19:19:19,18,82,Hasmukh Sharma,+91 98950 68756,dealer_1138@kisanagro.in,Hindi,54.4,CRITICAL_SURGE,0.1,51.4,8.2,True,253.0,362,SEVERE_STOCKOUT_RISK
DLR-REG-1140,Kisan Sahay Krushi Kendra (Ankleshwar),Bharuch,GJ-SOUTH-02,UB-NUTR-02,AgroSphere Solu-NPK 19:19:19,74,65,Haresh Desai,+91 98746 99928,dealer_1140@gmail.com,English,54.4,CRITICAL_SURGE,0.1,51.4,8.2,True,201.0,227,SEVERE_STOCKOUT_RISK
DLR-REG-1206,Krushi Vikas Krushi Kendra (Jambusar),Bharuch,GJ-SOUTH-02,UB-NUTR-02,AgroSphere Solu-NPK 19:19:19,17,27,Mukesh Shah,+91 97497 36342,dealer_1206@gmail.com,English,54.4,CRITICAL_SURGE,0.1,51.4,8.2,True,83.0,108,SEVERE_STOCKOUT_RISK
DLR-REG-1251,Green Earth Krushi Kendra (Amod),Bharuch,GJ-SOUTH-02,UB-NUTR-02,AgroSphere Solu-NPK 19:19:19,7,41,Dinesh Panchal,+91 99201 97044,dealer_1251@gmail.com,Hindi,54.4,CRITICAL_SURGE,0.1,51.4,8.2,True,127.0,183,SEVERE_STOCKOUT_RISK
DLR-REG-1263,Green Earth Krushi Kendra (Ankleshwar),Bharuch,GJ-SOUTH-02,UB-NUTR-02,AgroSphere Solu-NPK 19:19:19,22,30,Mukesh Desai,+91 99210 38477,dealer_1263@gmail.com,Hindi,54.4,CRITICAL_SURGE,0.1,51.4,8.2,True,93.0,117,SEVERE_STOCKOUT_RISK
DLR-REG-1333,Green Earth Krushi Kendra (Amod),Bharuch,GJ-SOUTH-02,UB-NUTR-02,AgroSphere Solu-NPK 19:19:19,80,77,Dinesh Chauhan,+91 97309 93050,dealer_1333@gmail.com,Hindi,54.4,CRITICAL_SURGE,0.1,51.4,8.2,True,238.0,277,SEVERE_STOCKOUT_RISK
DLR-REG-1338,Patel Agro Krushi Kendra (Jambusar),Bharuch,GJ-SOUTH-02,UB-NUTR-02,AgroSphere Solu-NPK 19:19:19,52,65,Kishor Gajera,+91 97382 95798,dealer_1338@kisanagro.in,Gujarati,54.4,CRITICAL_SURGE,0.1,51.4,8.2,True,201.0,249,SEVERE_STOCKOUT_RISK
DLR-REG-1357,Kisan Seva Krushi Kendra (Ankleshwar),Bharuch,GJ-SOUTH-02,UB-NUTR-02,AgroSphere Solu-NPK 19:19:19,8,10,Bharat Desai,+91 97227 75484,dealer_1357@agrosphere.ai,Gujarati,54.4,CRITICAL_SURGE,0.1,51.4,8.2,True,31.0,38,SEVERE_STOCKOUT_RISK
DLR-REG-1511,Krushi Vikas Krushi Kendra (Hansot),Bharuch,GJ-SOUTH-02,UB-NUTR-02,AgroSphere Solu-NPK 19:19:19,37,47,Mukesh Patel,+91 98997 40375,dealer_1511@gmail.com,Gujarati,54.4,CRITICAL_SURGE,0.1,51.4,8.2,True,145.0,181,SEVERE_STOCKOUT_RISK
DLR-REG-1577,Kisan Sahay Krushi Kendra (Hansot),Bharuch,GJ-SOUTH-02,UB-NUTR-02,AgroSphere Solu-NPK 19:19:19,9,73,Hasmukh Savaliya,+91 97617 11930,dealer_1577@kisanagro.in,Gujarati,54.4,CRITICAL_SURGE,0.1,51.4,8.2,True,225.0,329,SEVERE_STOCKOUT_RISK
DLR-REG-1587,Kisan Sahay Krushi Kendra (Jambusar),Bharuch,GJ-SOUTH-02,UB-NUTR-02,AgroSphere Solu-NPK 19:19:19,11,61,Haresh Panchal,+91 98467 27659,dealer_1587@kisanagro.in,English,54.4,CRITICAL_SURGE,0.1,51.4,8.2,True,188.0,271,SEVERE_STOCKOUT_RISK
DLR-REG-1637,Kisan Seva Krushi Kendra (Amod),Bharuch,GJ-SOUTH-02,UB-NUTR-02,AgroSphere Solu-NPK 19:19:19,35,29,Haresh Savaliya,+91 98658 15482,dealer_1637@agrosphere.ai,Gujarati,54.4,CRITICAL_SURGE,0.1,51.4,8.2,True,90.0,100,SEVERE_STOCKOUT_RISK
DLR-REG-1688,Agro Care Krushi Kendra (Ankleshwar),Bharuch,GJ-SOUTH-02,UB-NUTR-02,AgroSphere Solu-NPK 19:19:19,24,57,Ramesh Savaliya,+91 99378 93379,dealer_1688@gmail.com,Gujarati,54.4,CRITICAL_SURGE,0.1,51.4,8.2,True,176.0,240,SEVERE_STOCKOUT_RISK
DLR-REG-1696,Kisan Seva Krushi Kendra (Hansot),Bharuch,GJ-SOUTH-02,UB-NUTR-02,AgroSphere Solu-NPK 19:19:19,53,57,Haresh Zala,+91 99552 33566,dealer_1696@kisanagro.in,English,54.4,CRITICAL_SURGE,0.1,51.4,8.2,True,176.0,211,SEVERE_STOCKOUT_RISK
DLR-REG-1703,Vrundavan Krushi Kendra (Amod),Bharuch,GJ-SOUTH-02,UB-NUTR-02,AgroSphere Solu-NPK 19:19:19,36,32,Pravin Donga,+91 99577 72018,dealer_1703@agrosphere.ai,Hindi,54.4,CRITICAL_SURGE,0.1,51.4,8.2,True,99.0,112,SEVERE_STOCKOUT_RISK
DLR-REG-1716,Agro Care Krushi Kendra (Ankleshwar),Bharuch,GJ-SOUTH-02,UB-NUTR-02,AgroSphere Solu-NPK 19:19:19,9,16,Ramesh Sharma,+91 98539 96034,dealer_1716@agrosphere.ai,Gujarati,54.4,CRITICAL_SURGE,0.1,51.4,8.2,True,49.0,65,SEVERE_STOCKOUT_RISK
DLR-REG-1731,Vrundavan Krushi Kendra (Jambusar),Bharuch,GJ-SOUTH-02,UB-NUTR-02,AgroSphere Solu-NPK 19:19:19,9,23,Hasmukh Savaliya,+91 97151 28558,dealer_1731@kisanagro.in,English,54.4,CRITICAL_SURGE,0.1,51.4,8.2,True,71.0,98,SEVERE_STOCKOUT_RISK
DLR-REG-1764,Kisan Seva Krushi Kendra (Amod),Bharuch,GJ-SOUTH-02,UB-NUTR-02,AgroSphere Solu-NPK 19:19:19,37,63,Bharat Pandya,+91 99757 18601,dealer_1764@gmail.com,Gujarati,54.4,CRITICAL_SURGE,0.1,51.4,8.2,True,195.0,255,SEVERE_STOCKOUT_RISK
DLR-REG-1769,Kisan Seva Krushi Kendra (Hansot),Bharuch,GJ-SOUTH-02,UB-NUTR-02,AgroSphere Solu-NPK 19:19:19,24,28,Ramesh Donga,+91 98255 32509,dealer_1769@kisanagro.in,English,54.4,CRITICAL_SURGE,0.1,51.4,8.2,True,86.0,105,SEVERE_STOCKOUT_RISK
DLR-REG-1803,Patel Agro Krushi Kendra (Jambusar),Bharuch,GJ-SOUTH-02,UB-NUTR-02,AgroSphere Solu-NPK 19:19:19,18,30,Pravin Gajera,+91 99971 22934,dealer_1803@gmail.com,English,54.4,CRITICAL_SURGE,0.1,51.4,8.2,True,93.0,121,SEVERE_STOCKOUT_RISK
DLR-REG-1861,Navjivan Krushi Kendra (Hansot),Bharuch,GJ-SOUTH-02,UB-NUTR-02,AgroSphere Solu-NPK 19:19:19,37,34,Haresh Panchal,+91 99901 65481,dealer_1861@agrosphere.ai,Gujarati,54.4,CRITICAL_SURGE,0.1,51.4,8.2,True,105.0,120,SEVERE_STOCKOUT_RISK
DLR-REG-1879,Krushi Vikas Krushi Kendra (Ankleshwar),Bharuch,GJ-SOUTH-02,UB-NUTR-02,AgroSphere Solu-NPK 19:19:19,38,51,Mukesh Shah,+91 99005 68385,dealer_1879@kisanagro.in,Gujarati,54.4,CRITICAL_SURGE,0.1,51.4,8.2,True,157.0,198,SEVERE_STOCKOUT_RISK
DLR-REG-1915,Bharat Krushi Krushi Kendra (Jambusar),Bharuch,GJ-SOUTH-02,UB-NUTR-02,AgroSphere Solu-NPK 19:19:19,23,23,Dinesh Pandya,+91 99856 55252,dealer_1915@agrosphere.ai,Gujarati,54.4,CRITICAL_SURGE,0.1,51.4,8.2,True,71.0,84,SEVERE_STOCKOUT_RISK
DLR-REG-1925,Green Earth Krushi Kendra (Hansot),Bharuch,GJ-SOUTH-02,UB-NUTR-02,AgroSphere Solu-NPK 19:19:19,23,24,Ramesh Parmar,+91 97591 76294,dealer_1925@gmail.com,English,54.4,CRITICAL_SURGE,0.1,51.4,8.2,True,74.0,88,SEVERE_STOCKOUT_RISK
DLR-REG-1955,Navjivan Krushi Kendra (Amod),Bharuch,GJ-SOUTH-02,UB-NUTR-02,AgroSphere Solu-NPK 19:19:19,98,115,Kishor Sharma,+91 99940 38986,dealer_1955@gmail.com,Gujarati,54.4,CRITICAL_SURGE,0.1,51.4,8.2,True,355.0,435,SEVERE_STOCKOUT_RISK
DLR-REG-1961,Kisan Seva Krushi Kendra (Hansot),Bharuch,GJ-SOUTH-02,UB-NUTR-02,AgroSphere Solu-NPK 19:19:19,26,75,Pravin Verma,+91 99954 39431,dealer_1961@gmail.com,English,54.4,CRITICAL_SURGE,0.1,51.4,8.2,True,232.0,322,SEVERE_STOCKOUT_RISK
DLR-REG-1964,Kisan Sahay Krushi Kendra (Ankleshwar),Bharuch,GJ-SOUTH-02,UB-NUTR-02,AgroSphere Solu-NPK 19:19:19,11,44,Haresh Desai,+91 97098 87664,dealer_1964@agrosphere.ai,Gujarati,54.4,CRITICAL_SURGE,0.1,51.4,8.2,True,136.0,193,SEVERE_STOCKOUT_RISK
DLR-REG-1986,Kisan Sahay Krushi Kendra (Jambusar),Bharuch,GJ-SOUTH-02,UB-NUTR-02,AgroSphere Solu-NPK 19:19:19,54,63,Mukesh Zala,+91 99193 48559,dealer_1986@gmail.com,Gujarati,54.4,CRITICAL_SURGE,0.1,51.4,8.2,True,195.0,238,SEVERE_STOCKOUT_RISK
DLR-REG-2018,Kisan Seva Krushi Kendra (Hansot),Bharuch,GJ-SOUTH-02,UB-NUTR-02,AgroSphere Solu-NPK 19:19:19,19,49,Hasmukh Desai,+91 97338 81883,dealer_2018@agrosphere.ai,English,54.4,CRITICAL_SURGE,0.1,51.4,8.2,True,151.0,208,SEVERE_STOCKOUT_RISK
DLR-REG-2026,Vrundavan Krushi Kendra (Jambusar),Bharuch,GJ-SOUTH-02,UB-NUTR-02,AgroSphere Solu-NPK 19:19:19,59,62,Haresh Savaliya,+91 98752 25834,dealer_2026@gmail.com,Gujarati,54.4,CRITICAL_SURGE,0.1,51.4,8.2,True,191.0,228,SEVERE_STOCKOUT_RISK
DLR-REG-2329,Agro Care Krushi Kendra (Hansot),Bharuch,GJ-SOUTH-02,UB-NUTR-02,AgroSphere Solu-NPK 19:19:19,15,98,Dinesh Patel,+91 97138 45428,dealer_2329@kisanagro.in,English,54.4,CRITICAL_SURGE,0.1,51.4,8.2,True,303.0,439,SEVERE_STOCKOUT_RISK
DLR-REG-2341,Vrundavan Krushi Kendra (Hansot),Bharuch,GJ-SOUTH-02,UB-NUTR-02,AgroSphere Solu-NPK 19:19:19,27,95,Pravin Verma,+91 99266 39878,dealer_2341@gmail.com,Gujarati,54.4,CRITICAL_SURGE,0.1,51.4,8.2,True,293.0,413,SEVERE_STOCKOUT_RISK
DLR-REG-2463,Green Earth Krushi Kendra (Amod),Bharuch,GJ-SOUTH-02,UB-NUTR-02,AgroSphere Solu-NPK 19:19:19,25,79,Pravin Chauhan,+91 97753 43666,dealer_2463@agrosphere.ai,English,54.4,CRITICAL_SURGE,0.1,51.4,8.2,True,244.0,341,SEVERE_STOCKOUT_RISK
DLR-REG-1099,Green Earth Krushi Kendra (Khambhat),Anand,GJ-CENTRAL-02,UB-URBN-01,AgroSphere Plant Revival Tonic,15,20,Bharat Verma,+91 99744 23710,dealer_1099@gmail.com,English,43.2,CRITICAL_SURGE,0.1,42.32142857142857,1.9,True,57.0,71,SEVERE_STOCKOUT_RISK
DLR-REG-1109,Navjivan Krushi Kendra (Khambhat),Anand,GJ-CENTRAL-02,UB-URBN-01,AgroSphere Plant Revival Tonic,26,59,Mukesh Panchal,+91 99342 60196,dealer_1109@gmail.com,Gujarati,43.2,CRITICAL_SURGE,0.1,42.32142857142857,1.9,True,169.0,227,SEVERE_STOCKOUT_RISK
DLR-REG-1158,Green Earth Krushi Kendra (Petlad),Anand,GJ-CENTRAL-02,UB-URBN-01,AgroSphere Plant Revival Tonic,41,44,Dinesh Patel,+91 97318 51033,dealer_1158@agrosphere.ai,Hindi,43.2,CRITICAL_SURGE,0.1,42.32142857142857,1.9,True,126.0,148,SEVERE_STOCKOUT_RISK
DLR-REG-1159,Patel Agro Krushi Kendra (Umreth),Anand,GJ-CENTRAL-02,UB-URBN-01,AgroSphere Plant Revival Tonic,21,23,Haresh Sharma,+91 97085 52568,dealer_1159@gmail.com,English,43.2,CRITICAL_SURGE,0.1,42.32142857142857,1.9,True,66.0,78,SEVERE_STOCKOUT_RISK
DLR-REG-1234,Shree Ram Krushi Kendra (Khambhat),Anand,GJ-CENTRAL-02,UB-URBN-01,AgroSphere Plant Revival Tonic,35,73,Bharat Desai,+91 99237 56437,dealer_1234@agrosphere.ai,Hindi,43.2,CRITICAL_SURGE,0.1,42.32142857142857,1.9,True,209.0,279,SEVERE_STOCKOUT_RISK
DLR-REG-1265,Patel Agro Krushi Kendra (Khambhat),Anand,GJ-CENTRAL-02,UB-URBN-01,AgroSphere Plant Revival Tonic,8,10,Ramesh Patel,+91 99564 98965,dealer_1265@kisanagro.in,English,43.2,CRITICAL_SURGE,0.1,42.32142857142857,1.9,True,29.0,35,SEVERE_STOCKOUT_RISK
DLR-REG-1276,Navjivan Krushi Kendra (Tarapur),Anand,GJ-CENTRAL-02,UB-URBN-01,AgroSphere Plant Revival Tonic,112,101,Bharat Desai,+91 98054 74044,dealer_1276@agrosphere.ai,English,43.2,CRITICAL_SURGE,0.1,42.32142857142857,1.9,True,289.0,322,SEVERE_STOCKOUT_RISK
DLR-REG-1291,Krushi Vikas Krushi Kendra (Borsad),Anand,GJ-CENTRAL-02,UB-URBN-01,AgroSphere Plant Revival Tonic,33,58,Haresh Shah,+91 98768 34345,dealer_1291@agrosphere.ai,English,43.2,CRITICAL_SURGE,0.1,42.32142857142857,1.9,True,166.0,216,SEVERE_STOCKOUT_RISK
DLR-REG-1324,Agro Care Krushi Kendra (Borsad),Anand,GJ-CENTRAL-02,UB-URBN-01,AgroSphere Plant Revival Tonic,66,76,Pravin Pandya,+91 97903 48284,dealer_1324@gmail.com,Gujarati,43.2,CRITICAL_SURGE,0.1,42.32142857142857,1.9,True,218.0,261,SEVERE_STOCKOUT_RISK
DLR-REG-1351,Agro Care Krushi Kendra (Umreth),Anand,GJ-CENTRAL-02,UB-URBN-01,AgroSphere Plant Revival Tonic,26,43,Ramesh Gohil,+91 98136 20957,dealer_1351@kisanagro.in,Hindi,43.2,CRITICAL_SURGE,0.1,42.32142857142857,1.9,True,123.0,159,SEVERE_STOCKOUT_RISK
DLR-REG-1398,Kisan Sahay Krushi Kendra (Borsad),Anand,GJ-CENTRAL-02,UB-URBN-01,AgroSphere Plant Revival Tonic,101,103,Bharat Sharma,+91 97841 34901,dealer_1398@kisanagro.in,Hindi,43.2,CRITICAL_SURGE,0.1,42.32142857142857,1.9,True,295.0,341,SEVERE_STOCKOUT_RISK
DLR-REG-1472,Vrundavan Krushi Kendra (Tarapur),Anand,GJ-CENTRAL-02,UB-URBN-01,AgroSphere Plant Revival Tonic,44,48,Haresh Verma,+91 98714 89822,dealer_1472@agrosphere.ai,Gujarati,43.2,CRITICAL_SURGE,0.1,42.32142857142857,1.9,True,137.0,162,SEVERE_STOCKOUT_RISK
DLR-REG-1515,Krushi Vikas Krushi Kendra (Khambhat),Anand,GJ-CENTRAL-02,UB-URBN-01,AgroSphere Plant Revival Tonic,57,117,Dinesh Desai,+91 99474 10864,dealer_1515@agrosphere.ai,English,43.2,CRITICAL_SURGE,0.1,42.32142857142857,1.9,True,335.0,446,SEVERE_STOCKOUT_RISK
DLR-REG-1554,Vrundavan Krushi Kendra (Borsad),Anand,GJ-CENTRAL-02,UB-URBN-01,AgroSphere Plant Revival Tonic,23,63,Mukesh Gajera,+91 97409 45382,dealer_1554@gmail.com,English,43.2,CRITICAL_SURGE,0.1,42.32142857142857,1.9,True,180.0,247,SEVERE_STOCKOUT_RISK
DLR-REG-1609,Navjivan Krushi Kendra (Petlad),Anand,GJ-CENTRAL-02,UB-URBN-01,AgroSphere Plant Revival Tonic,15,19,Pravin Panchal,+91 99596 92862,dealer_1609@kisanagro.in,Gujarati,43.2,CRITICAL_SURGE,0.1,42.32142857142857,1.9,True,54.0,66,SEVERE_STOCKOUT_RISK
DLR-REG-1640,Patel Agro Krushi Kendra (Umreth),Anand,GJ-CENTRAL-02,UB-URBN-01,AgroSphere Plant Revival Tonic,17,53,Kishor Zala,+91 98889 31821,dealer_1640@kisanagro.in,Hindi,43.2,CRITICAL_SURGE,0.1,42.32142857142857,1.9,True,152.0,211,SEVERE_STOCKOUT_RISK
DLR-REG-1648,Bharat Krushi Krushi Kendra (Umreth),Anand,GJ-CENTRAL-02,UB-URBN-01,AgroSphere Plant Revival Tonic,27,50,Pravin Zala,+91 99490 74679,dealer_1648@gmail.com,Hindi,43.2,CRITICAL_SURGE,0.1,42.32142857142857,1.9,True,143.0,188,SEVERE_STOCKOUT_RISK
DLR-REG-1724,Green Earth Krushi Kendra (Umreth),Anand,GJ-CENTRAL-02,UB-URBN-01,AgroSphere Plant Revival Tonic,27,40,Hasmukh Parmar,+91 99212 39602,dealer_1724@gmail.com,English,43.2,CRITICAL_SURGE,0.1,42.32142857142857,1.9,True,115.0,145,SEVERE_STOCKOUT_RISK
DLR-REG-1775,Vrundavan Krushi Kendra (Khambhat),Anand,GJ-CENTRAL-02,UB-URBN-01,AgroSphere Plant Revival Tonic,28,74,Ramesh Gohil,+91 99315 67947,dealer_1775@kisanagro.in,English,43.2,CRITICAL_SURGE,0.1,42.32142857142857,1.9,True,212.0,290,SEVERE_STOCKOUT_RISK
DLR-REG-1848,Green Earth Krushi Kendra (Khambhat),Anand,GJ-CENTRAL-02,UB-URBN-01,AgroSphere Plant Revival Tonic,11,14,Pravin Zala,+91 98122 20498,dealer_1848@kisanagro.in,English,43.2,CRITICAL_SURGE,0.1,42.32142857142857,1.9,True,40.0,49,SEVERE_STOCKOUT_RISK
DLR-REG-1859,Green Earth Krushi Kendra (Borsad),Anand,GJ-CENTRAL-02,UB-URBN-01,AgroSphere Plant Revival Tonic,14,76,Ramesh Zala,+91 97117 48036,dealer_1859@kisanagro.in,Hindi,43.2,CRITICAL_SURGE,0.1,42.32142857142857,1.9,True,218.0,313,SEVERE_STOCKOUT_RISK
DLR-REG-2013,Vrundavan Krushi Kendra (Borsad),Anand,GJ-CENTRAL-02,UB-URBN-01,AgroSphere Plant Revival Tonic,33,66,Haresh Sharma,+91 99861 15723,dealer_2013@gmail.com,Gujarati,43.2,CRITICAL_SURGE,0.1,42.32142857142857,1.9,True,189.0,251,SEVERE_STOCKOUT_RISK
DLR-REG-2041,Green Earth Krushi Kendra (Umreth),Anand,GJ-CENTRAL-02,UB-URBN-01,AgroSphere Plant Revival Tonic,24,25,Haresh Shah,+91 97638 73176,dealer_2041@gmail.com,English,43.2,CRITICAL_SURGE,0.1,42.32142857142857,1.9,True,72.0,84,SEVERE_STOCKOUT_RISK
DLR-REG-2109,Shree Ram Krushi Kendra (Tarapur),Anand,GJ-CENTRAL-02,UB-URBN-01,AgroSphere Plant Revival Tonic,26,73,Dinesh Desai,+91 99109 99800,dealer_2109@agrosphere.ai,Gujarati,43.2,CRITICAL_SURGE,0.1,42.32142857142857,1.9,True,209.0,288,SEVERE_STOCKOUT_RISK
DLR-REG-2168,Agro Care Krushi Kendra (Borsad),Anand,GJ-CENTRAL-02,UB-URBN-01,AgroSphere Plant Revival Tonic,14,35,Bharat Patel,+91 98478 28264,dealer_2168@kisanagro.in,Gujarati,43.2,CRITICAL_SURGE,0.1,42.32142857142857,1.9,True,100.0,136,SEVERE_STOCKOUT_RISK
DLR-REG-2199,Kisan Sahay Krushi Kendra (Borsad),Anand,GJ-CENTRAL-02,UB-URBN-01,AgroSphere Plant Revival Tonic,26,45,Pravin Savaliya,+91 99800 65433,dealer_2199@kisanagro.in,Gujarati,43.2,CRITICAL_SURGE,0.1,42.32142857142857,1.9,True,129.0,167,SEVERE_STOCKOUT_RISK
DLR-REG-2214,Kisan Sahay Krushi Kendra (Umreth),Anand,GJ-CENTRAL-02,UB-URBN-01,AgroSphere Plant Revival Tonic,7,41,Mukesh Verma,+91 99078 47172,dealer_2214@kisanagro.in,Gujarati,43.2,CRITICAL_SURGE,0.1,42.32142857142857,1.9,True,117.0,169,SEVERE_STOCKOUT_RISK
DLR-REG-2220,Vrundavan Krushi Kendra (Petlad),Anand,GJ-CENTRAL-02,UB-URBN-01,AgroSphere Plant Revival Tonic,5,27,Pravin Gajera,+91 99531 81260,dealer_2220@gmail.com,English,43.2,CRITICAL_SURGE,0.1,42.32142857142857,1.9,True,77.0,111,SEVERE_STOCKOUT_RISK
DLR-REG-2234,Vrundavan Krushi Kendra (Borsad),Anand,GJ-CENTRAL-02,UB-URBN-01,AgroSphere Plant Revival Tonic,20,56,Bharat Verma,+91 99591 18423,dealer_2234@kisanagro.in,Gujarati,43.2,CRITICAL_SURGE,0.1,42.32142857142857,1.9,True,160.0,220,SEVERE_STOCKOUT_RISK
DLR-REG-2259,Krushi Vikas Krushi Kendra (Tarapur),Anand,GJ-CENTRAL-02,UB-URBN-01,AgroSphere Plant Revival Tonic,28,49,Dinesh Patel,+91 98116 58467,dealer_2259@gmail.com,English,43.2,CRITICAL_SURGE,0.1,42.32142857142857,1.9,True,140.0,182,SEVERE_STOCKOUT_RISK
DLR-REG-2293,Kisan Sahay Krushi Kendra (Umreth),Anand,GJ-CENTRAL-02,UB-URBN-01,AgroSphere Plant Revival Tonic,68,74,Kishor Sharma,+91 98657 73402,dealer_2293@gmail.com,Hindi,43.2,CRITICAL_SURGE,0.1,42.32142857142857,1.9,True,212.0,250,SEVERE_STOCKOUT_RISK
DLR-REG-2322,Vrundavan Krushi Kendra (Tarapur),Anand,GJ-CENTRAL-02,UB-URBN-01,AgroSphere Plant Revival Tonic,54,65,Pravin Patel,+91 99948 42757,dealer_2322@gmail.com,Gujarati,43.2,CRITICAL_SURGE,0.1,42.32142857142857,1.9,True,186.0,225,SEVERE_STOCKOUT_RISK
DLR-REG-2358,Green Earth Krushi Kendra (Umreth),Anand,GJ-CENTRAL-02,UB-URBN-01,AgroSphere Plant Revival Tonic,7,10,Dinesh Donga,+91 99867 27643,dealer_2358@agrosphere.ai,Hindi,43.2,CRITICAL_SURGE,0.1,42.32142857142857,1.9,True,29.0,36,SEVERE_STOCKOUT_RISK
DLR-REG-2379,Kisan Seva Krushi Kendra (Umreth),Anand,GJ-CENTRAL-02,UB-URBN-01,AgroSphere Plant Revival Tonic,23,46,Haresh Chauhan,+91 98067 17160,dealer_2379@kisanagro.in,Gujarati,43.2,CRITICAL_SURGE,0.1,42.32142857142857,1.9,True,132.0,175,SEVERE_STOCKOUT_RISK
DLR-REG-2442,Shree Ram Krushi Kendra (Petlad),Anand,GJ-CENTRAL-02,UB-URBN-01,AgroSphere Plant Revival Tonic,28,39,Ramesh Savaliya,+91 98234 50308,dealer_2442@gmail.com,Gujarati,43.2,CRITICAL_SURGE,0.1,42.32142857142857,1.9,True,112.0,140,SEVERE_STOCKOUT_RISK
DLR-REG-2453,Green Earth Krushi Kendra (Umreth),Anand,GJ-CENTRAL-02,UB-URBN-01,AgroSphere Plant Revival Tonic,45,41,Pravin Zala,+91 98240 65703,dealer_2453@kisanagro.in,Hindi,43.2,CRITICAL_SURGE,0.1,42.32142857142857,1.9,True,117.0,131,SEVERE_STOCKOUT_RISK
DLR-REG-1017,Bharat Krushi Krushi Kendra (Karjan),Vadodara,GJ-CENTRAL-01,UB-STIM-01,AgroSphere Bio-Zyme Gold,16,17,Pravin Zala,+91 99453 52487,dealer_1017@kisanagro.in,Gujarati,38.9,CRITICAL_SURGE,0.1,49.714285714285715,2.9,True,47.0,55,SEVERE_STOCKOUT_RISK
DLR-REG-1072,Vrundavan Krushi Kendra (Padra),Vadodara,GJ-CENTRAL-01,UB-STIM-01,AgroSphere Bio-Zyme Gold,58,65,Kishor Patel,+91 99358 98781,dealer_1072@kisanagro.in,Gujarati,38.9,CRITICAL_SURGE,0.1,49.714285714285715,2.9,True,181.0,213,SEVERE_STOCKOUT_RISK
DLR-REG-1074,Green Earth Krushi Kendra (Waghodia),Vadodara,GJ-CENTRAL-01,UB-STIM-01,AgroSphere Bio-Zyme Gold,30,36,Bharat Gohil,+91 97282 76317,dealer_1074@agrosphere.ai,Gujarati,38.9,CRITICAL_SURGE,0.1,49.714285714285715,2.9,True,100.0,120,SEVERE_STOCKOUT_RISK
DLR-REG-1077,Agro Care Krushi Kendra (Karjan),Vadodara,GJ-CENTRAL-01,UB-STIM-01,AgroSphere Bio-Zyme Gold,34,42,Dinesh Donga,+91 97998 70910,dealer_1077@agrosphere.ai,English,38.9,CRITICAL_SURGE,0.1,49.714285714285715,2.9,True,117.0,141,SEVERE_STOCKOUT_RISK
DLR-REG-1107,Krushi Vikas Krushi Kendra (Dabhoi),Vadodara,GJ-CENTRAL-01,UB-STIM-01,AgroSphere Bio-Zyme Gold,47,65,Kishor Zala,+91 97010 47072,dealer_1107@agrosphere.ai,Hindi,38.9,CRITICAL_SURGE,0.1,49.714285714285715,2.9,True,181.0,224,SEVERE_STOCKOUT_RISK
DLR-REG-1152,Krushi Vikas Krushi Kendra (Savli),Vadodara,GJ-CENTRAL-01,UB-STIM-01,AgroSphere Bio-Zyme Gold,12,47,Hasmukh Zala,+91 97215 30392,dealer_1152@gmail.com,Gujarati,38.9,CRITICAL_SURGE,0.1,49.714285714285715,2.9,True,131.0,184,SEVERE_STOCKOUT_RISK
DLR-REG-1198,Patel Agro Krushi Kendra (Savli),Vadodara,GJ-CENTRAL-01,UB-STIM-01,AgroSphere Bio-Zyme Gold,5,15,Haresh Desai,+91 97682 68183,dealer_1198@kisanagro.in,Gujarati,38.9,CRITICAL_SURGE,0.1,49.714285714285715,2.9,True,42.0,58,SEVERE_STOCKOUT_RISK
DLR-REG-1290,Vrundavan Krushi Kendra (Waghodia),Vadodara,GJ-CENTRAL-01,UB-STIM-01,AgroSphere Bio-Zyme Gold,37,119,Haresh Pandya,+91 98336 13883,dealer_1290@agrosphere.ai,English,38.9,CRITICAL_SURGE,0.1,49.714285714285715,2.9,True,331.0,459,SEVERE_STOCKOUT_RISK
DLR-REG-1310,Kisan Seva Krushi Kendra (Padra),Vadodara,GJ-CENTRAL-01,UB-STIM-01,AgroSphere Bio-Zyme Gold,5,16,Kishor Sharma,+91 98703 21253,dealer_1310@gmail.com,Gujarati,38.9,CRITICAL_SURGE,0.1,49.714285714285715,2.9,True,44.0,61,SEVERE_STOCKOUT_RISK
DLR-REG-1402,Kisan Seva Krushi Kendra (Dabhoi),Vadodara,GJ-CENTRAL-01,UB-STIM-01,AgroSphere Bio-Zyme Gold,13,67,Kishor Desai,+91 97373 94130,dealer_1402@agrosphere.ai,Gujarati,38.9,CRITICAL_SURGE,0.1,49.714285714285715,2.9,True,186.0,266,SEVERE_STOCKOUT_RISK
DLR-REG-1425,Vrundavan Krushi Kendra (Waghodia),Vadodara,GJ-CENTRAL-01,UB-STIM-01,AgroSphere Bio-Zyme Gold,5,106,Hasmukh Chauhan,+91 97030 77045,dealer_1425@agrosphere.ai,Hindi,38.9,CRITICAL_SURGE,0.1,49.714285714285715,2.9,True,294.0,436,SEVERE_STOCKOUT_RISK
DLR-REG-1449,Kisan Sahay Krushi Kendra (Karjan),Vadodara,GJ-CENTRAL-01,UB-STIM-01,AgroSphere Bio-Zyme Gold,15,20,Dinesh Shah,+91 97850 73001,dealer_1449@kisanagro.in,Gujarati,38.9,CRITICAL_SURGE,0.1,49.714285714285715,2.9,True,56.0,69,SEVERE_STOCKOUT_RISK
DLR-REG-1531,Bharat Krushi Krushi Kendra (Waghodia),Vadodara,GJ-CENTRAL-01,UB-STIM-01,AgroSphere Bio-Zyme Gold,9,21,Kishor Desai,+91 98256 85713,dealer_1531@kisanagro.in,Gujarati,38.9,CRITICAL_SURGE,0.1,49.714285714285715,2.9,True,58.0,78,SEVERE_STOCKOUT_RISK
DLR-REG-1575,Kisan Seva Krushi Kendra (Padra),Vadodara,GJ-CENTRAL-01,UB-STIM-01,AgroSphere Bio-Zyme Gold,42,68,Dinesh Pandya,+91 98114 91625,dealer_1575@kisanagro.in,Gujarati,38.9,CRITICAL_SURGE,0.1,49.714285714285715,2.9,True,189.0,241,SEVERE_STOCKOUT_RISK
DLR-REG-1601,Bharat Krushi Krushi Kendra (Savli),Vadodara,GJ-CENTRAL-01,UB-STIM-01,AgroSphere Bio-Zyme Gold,17,37,Bharat Verma,+91 98688 93000,dealer_1601@kisanagro.in,Hindi,38.9,CRITICAL_SURGE,0.1,49.714285714285715,2.9,True,103.0,137,SEVERE_STOCKOUT_RISK
DLR-REG-1630,Shree Ram Krushi Kendra (Waghodia),Vadodara,GJ-CENTRAL-01,UB-STIM-01,AgroSphere Bio-Zyme Gold,40,42,Ramesh Chauhan,+91 99687 84035,dealer_1630@gmail.com,Gujarati,38.9,CRITICAL_SURGE,0.1,49.714285714285715,2.9,True,117.0,135,SEVERE_STOCKOUT_RISK
DLR-REG-1632,Patel Agro Krushi Kendra (Dabhoi),Vadodara,GJ-CENTRAL-01,UB-STIM-01,AgroSphere Bio-Zyme Gold,26,46,Mukesh Gajera,+91 97437 27241,dealer_1632@gmail.com,Hindi,38.9,CRITICAL_SURGE,0.1,49.714285714285715,2.9,True,128.0,166,SEVERE_STOCKOUT_RISK
DLR-REG-1675,Patel Agro Krushi Kendra (Karjan),Vadodara,GJ-CENTRAL-01,UB-STIM-01,AgroSphere Bio-Zyme Gold,47,43,Mukesh Pandya,+91 97701 19337,dealer_1675@kisanagro.in,Gujarati,38.9,CRITICAL_SURGE,0.1,49.714285714285715,2.9,True,119.0,132,SEVERE_STOCKOUT_RISK
DLR-REG-1730,Krushi Vikas Krushi Kendra (Padra),Vadodara,GJ-CENTRAL-01,UB-STIM-01,AgroSphere Bio-Zyme Gold,29,30,Pravin Zala,+91 98660 25491,dealer_1730@gmail.com,English,38.9,CRITICAL_SURGE,0.1,49.714285714285715,2.9,True,83.0,96,SEVERE_STOCKOUT_RISK
DLR-REG-1808,Navjivan Krushi Kendra (Dabhoi),Vadodara,GJ-CENTRAL-01,UB-STIM-01,AgroSphere Bio-Zyme Gold,5,30,Hasmukh Parmar,+91 98948 99015,dealer_1808@kisanagro.in,Gujarati,38.9,CRITICAL_SURGE,0.1,49.714285714285715,2.9,True,83.0,120,SEVERE_STOCKOUT_RISK
DLR-REG-1825,Kisan Seva Krushi Kendra (Padra),Vadodara,GJ-CENTRAL-01,UB-STIM-01,AgroSphere Bio-Zyme Gold,85,80,Haresh Gohil,+91 99326 77470,dealer_1825@kisanagro.in,Gujarati,38.9,CRITICAL_SURGE,0.1,49.714285714285715,2.9,True,222.0,248,SEVERE_STOCKOUT_RISK
DLR-REG-1920,Kisan Sahay Krushi Kendra (Waghodia),Vadodara,GJ-CENTRAL-01,UB-STIM-01,AgroSphere Bio-Zyme Gold,11,149,Bharat Desai,+91 97967 86230,dealer_1920@agrosphere.ai,Hindi,38.9,CRITICAL_SURGE,0.1,49.714285714285715,2.9,True,414.0,610,SEVERE_STOCKOUT_RISK
DLR-REG-1992,Vrundavan Krushi Kendra (Karjan),Vadodara,GJ-CENTRAL-01,UB-STIM-01,AgroSphere Bio-Zyme Gold,5,11,Dinesh Patel,+91 99098 91412,dealer_1992@kisanagro.in,English,38.9,CRITICAL_SURGE,0.1,49.714285714285715,2.9,True,31.0,41,SEVERE_STOCKOUT_RISK
DLR-REG-2039,Navjivan Krushi Kendra (Karjan),Vadodara,GJ-CENTRAL-01,UB-STIM-01,AgroSphere Bio-Zyme Gold,26,37,Haresh Savaliya,+91 97722 89410,dealer_2039@gmail.com,Gujarati,38.9,CRITICAL_SURGE,0.1,49.714285714285715,2.9,True,103.0,128,SEVERE_STOCKOUT_RISK
DLR-REG-2052,Green Earth Krushi Kendra (Karjan),Vadodara,GJ-CENTRAL-01,UB-STIM-01,AgroSphere Bio-Zyme Gold,14,38,Kishor Panchal,+91 97026 32072,dealer_2052@kisanagro.in,Gujarati,38.9,CRITICAL_SURGE,0.1,49.714285714285715,2.9,True,106.0,145,SEVERE_STOCKOUT_RISK
DLR-REG-2100,Bharat Krushi Krushi Kendra (Padra),Vadodara,GJ-CENTRAL-01,UB-STIM-01,AgroSphere Bio-Zyme Gold,50,62,Haresh Sharma,+91 97270 53169,dealer_2100@agrosphere.ai,Gujarati,38.9,CRITICAL_SURGE,0.1,49.714285714285715,2.9,True,172.0,208,SEVERE_STOCKOUT_RISK
DLR-REG-2142,Patel Agro Krushi Kendra (Karjan),Vadodara,GJ-CENTRAL-01,UB-STIM-01,AgroSphere Bio-Zyme Gold,33,40,Kishor Panchal,+91 99261 25611,dealer_2142@gmail.com,Gujarati,38.9,CRITICAL_SURGE,0.1,49.714285714285715,2.9,True,111.0,134,SEVERE_STOCKOUT_RISK
DLR-REG-2145,Bharat Krushi Krushi Kendra (Padra),Vadodara,GJ-CENTRAL-01,UB-STIM-01,AgroSphere Bio-Zyme Gold,16,17,Ramesh Donga,+91 98672 90148,dealer_2145@kisanagro.in,Gujarati,38.9,CRITICAL_SURGE,0.1,49.714285714285715,2.9,True,47.0,55,SEVERE_STOCKOUT_RISK
DLR-REG-2291,Kisan Sahay Krushi Kendra (Savli),Vadodara,GJ-CENTRAL-01,UB-STIM-01,AgroSphere Bio-Zyme Gold,38,68,Dinesh Zala,+91 99554 36306,dealer_2291@gmail.com,Gujarati,38.9,CRITICAL_SURGE,0.1,49.714285714285715,2.9,True,189.0,245,SEVERE_STOCKOUT_RISK
DLR-REG-2299,Shree Ram Krushi Kendra (Padra),Vadodara,GJ-CENTRAL-01,UB-STIM-01,AgroSphere Bio-Zyme Gold,15,99,Mukesh Verma,+91 98428 78820,dealer_2299@kisanagro.in,Gujarati,38.9,CRITICAL_SURGE,0.1,49.714285714285715,2.9,True,275.0,398,SEVERE_STOCKOUT_RISK
DLR-REG-2327,Vrundavan Krushi Kendra (Dabhoi),Vadodara,GJ-CENTRAL-01,UB-STIM-01,AgroSphere Bio-Zyme Gold,52,54,Kishor Desai,+91 97321 36680,dealer_2327@gmail.com,Gujarati,38.9,CRITICAL_SURGE,0.1,49.714285714285715,2.9,True,150.0,173,SEVERE_STOCKOUT_RISK
DLR-REG-2357,Vrundavan Krushi Kendra (Savli),Vadodara,GJ-CENTRAL-01,UB-STIM-01,AgroSphere Bio-Zyme Gold,35,80,Hasmukh Pandya,+91 99958 15929,dealer_2357@gmail.com,English,38.9,CRITICAL_SURGE,0.1,49.714285714285715,2.9,True,222.0,298,SEVERE_STOCKOUT_RISK
DLR-REG-2378,Bharat Krushi Krushi Kendra (Savli),Vadodara,GJ-CENTRAL-01,UB-STIM-01,AgroSphere Bio-Zyme Gold,15,17,Haresh Savaliya,+91 97249 83696,dealer_2378@kisanagro.in,Gujarati,38.9,CRITICAL_SURGE,0.1,49.714285714285715,2.9,True,47.0,56,SEVERE_STOCKOUT_RISK
DLR-REG-2431,Bharat Krushi Krushi Kendra (Savli),Vadodara,GJ-CENTRAL-01,UB-STIM-01,AgroSphere Bio-Zyme Gold,38,63,Ramesh Desai,+91 97150 86706,dealer_2431@kisanagro.in,Hindi,38.9,CRITICAL_SURGE,0.1,49.714285714285715,2.9,True,175.0,225,SEVERE_STOCKOUT_RISK
DLR-REG-2462,Kisan Sahay Krushi Kendra (Savli),Vadodara,GJ-CENTRAL-01,UB-STIM-01,AgroSphere Bio-Zyme Gold,5,38,Hasmukh Gajera,+91 98564 77191,dealer_2462@agrosphere.ai,Gujarati,38.9,CRITICAL_SURGE,0.1,49.714285714285715,2.9,True,106.0,154,SEVERE_STOCKOUT_RISK
DLR-REG-1020,Bharat Krushi Krushi Kendra (Borsad),Anand,GJ-CENTRAL-02,UB-BULK-01,AgroSphere Tech-Grade Amino 80%,20,38,Mukesh Zala,+91 99920 50857,dealer_1020@kisanagro.in,English,28.1,CRITICAL_SURGE,0.1,42.32142857142857,1.9,True,97.0,126,SEVERE_STOCKOUT_RISK
DLR-REG-1050,Krushi Vikas Krushi Kendra (Petlad),Anand,GJ-CENTRAL-02,UB-BULK-01,AgroSphere Tech-Grade Amino 80%,60,64,Bharat Pandya,+91 99717 26334,dealer_1050@agrosphere.ai,Hindi,28.1,CRITICAL_SURGE,0.1,42.32142857142857,1.9,True,164.0,186,SEVERE_STOCKOUT_RISK
DLR-REG-1095,Kisan Seva Krushi Kendra (Petlad),Anand,GJ-CENTRAL-02,UB-BULK-01,AgroSphere Tech-Grade Amino 80%,26,40,Kishor Panchal,+91 99866 62757,dealer_1095@kisanagro.in,Hindi,28.1,CRITICAL_SURGE,0.1,42.32142857142857,1.9,True,102.0,127,SEVERE_STOCKOUT_RISK
DLR-REG-1099,Green Earth Krushi Kendra (Khambhat),Anand,GJ-CENTRAL-02,UB-BULK-01,AgroSphere Tech-Grade Amino 80%,17,79,Bharat Verma,+91 99744 23710,dealer_1099@gmail.com,English,28.1,CRITICAL_SURGE,0.1,42.32142857142857,1.9,True,202.0,286,SEVERE_STOCKOUT_RISK
DLR-REG-1116,Shree Ram Krushi Kendra (Tarapur),Anand,GJ-CENTRAL-02,UB-BULK-01,AgroSphere Tech-Grade Amino 80%,36,46,Ramesh Gajera,+91 97323 89887,dealer_1116@kisanagro.in,Gujarati,28.1,CRITICAL_SURGE,0.1,42.32142857142857,1.9,True,118.0,141,SEVERE_STOCKOUT_RISK
DLR-REG-1183,Krushi Vikas Krushi Kendra (Petlad),Anand,GJ-CENTRAL-02,UB-BULK-01,AgroSphere Tech-Grade Amino 80%,32,74,Pravin Savaliya,+91 98305 22987,dealer_1183@agrosphere.ai,Gujarati,28.1,CRITICAL_SURGE,0.1,42.32142857142857,1.9,True,190.0,253,SEVERE_STOCKOUT_RISK
DLR-REG-1216,Kisan Seva Krushi Kendra (Umreth),Anand,GJ-CENTRAL-02,UB-BULK-01,AgroSphere Tech-Grade Amino 80%,49,53,Mukesh Desai,+91 98393 89516,dealer_1216@gmail.com,Gujarati,28.1,CRITICAL_SURGE,0.1,42.32142857142857,1.9,True,136.0,155,SEVERE_STOCKOUT_RISK
DLR-REG-1285,Krushi Vikas Krushi Kendra (Umreth),Anand,GJ-CENTRAL-02,UB-BULK-01,AgroSphere Tech-Grade Amino 80%,51,52,Hasmukh Pandya,+91 99163 15577,dealer_1285@gmail.com,Hindi,28.1,CRITICAL_SURGE,0.1,42.32142857142857,1.9,True,133.0,149,SEVERE_STOCKOUT_RISK
DLR-REG-1286,Kisan Sahay Krushi Kendra (Khambhat),Anand,GJ-CENTRAL-02,UB-BULK-01,AgroSphere Tech-Grade Amino 80%,30,31,Kishor Sharma,+91 99224 83860,dealer_1286@agrosphere.ai,Gujarati,28.1,CRITICAL_SURGE,0.1,42.32142857142857,1.9,True,79.0,89,SEVERE_STOCKOUT_RISK
DLR-REG-1370,Bharat Krushi Krushi Kendra (Petlad),Anand,GJ-CENTRAL-02,UB-BULK-01,AgroSphere Tech-Grade Amino 80%,45,57,Mukesh Verma,+91 98851 50410,dealer_1370@kisanagro.in,Gujarati,28.1,CRITICAL_SURGE,0.1,42.32142857142857,1.9,True,146.0,174,SEVERE_STOCKOUT_RISK
DLR-REG-1398,Kisan Sahay Krushi Kendra (Borsad),Anand,GJ-CENTRAL-02,UB-BULK-01,AgroSphere Tech-Grade Amino 80%,23,33,Bharat Sharma,+91 97841 34901,dealer_1398@kisanagro.in,Hindi,28.1,CRITICAL_SURGE,0.1,42.32142857142857,1.9,True,85.0,104,SEVERE_STOCKOUT_RISK
DLR-REG-1490,Kisan Sahay Krushi Kendra (Umreth),Anand,GJ-CENTRAL-02,UB-BULK-01,AgroSphere Tech-Grade Amino 80%,7,15,Mukesh Donga,+91 98312 77357,dealer_1490@gmail.com,Gujarati,28.1,CRITICAL_SURGE,0.1,42.32142857142857,1.9,True,38.0,50,SEVERE_STOCKOUT_RISK
DLR-REG-1515,Krushi Vikas Krushi Kendra (Khambhat),Anand,GJ-CENTRAL-02,UB-BULK-01,AgroSphere Tech-Grade Amino 80%,56,91,Dinesh Desai,+91 99474 10864,dealer_1515@agrosphere.ai,English,28.1,CRITICAL_SURGE,0.1,42.32142857142857,1.9,True,233.0,294,SEVERE_STOCKOUT_RISK
DLR-REG-1561,Vrundavan Krushi Kendra (Tarapur),Anand,GJ-CENTRAL-02,UB-BULK-01,AgroSphere Tech-Grade Amino 80%,57,59,Hasmukh Chauhan,+91 97324 31233,dealer_1561@kisanagro.in,Gujarati,28.1,CRITICAL_SURGE,0.1,42.32142857142857,1.9,True,151.0,170,SEVERE_STOCKOUT_RISK
DLR-REG-1636,Navjivan Krushi Kendra (Borsad),Anand,GJ-CENTRAL-02,UB-BULK-01,AgroSphere Tech-Grade Amino 80%,33,70,Mukesh Zala,+91 97270 33209,dealer_1636@kisanagro.in,English,28.1,CRITICAL_SURGE,0.1,42.32142857142857,1.9,True,179.0,236,SEVERE_STOCKOUT_RISK
DLR-REG-1638,Vrundavan Krushi Kendra (Tarapur),Anand,GJ-CENTRAL-02,UB-BULK-01,AgroSphere Tech-Grade Amino 80%,14,90,Pravin Pandya,+91 99132 24328,dealer_1638@kisanagro.in,Gujarati,28.1,CRITICAL_SURGE,0.1,42.32142857142857,1.9,True,231.0,332,SEVERE_STOCKOUT_RISK
DLR-REG-1702,Krushi Vikas Krushi Kendra (Tarapur),Anand,GJ-CENTRAL-02,UB-BULK-01,AgroSphere Tech-Grade Amino 80%,129,128,Bharat Chauhan,+91 98206 47907,dealer_1702@gmail.com,Hindi,28.1,CRITICAL_SURGE,0.1,42.32142857142857,1.9,True,328.0,363,SEVERE_STOCKOUT_RISK
DLR-REG-1860,Krushi Vikas Krushi Kendra (Borsad),Anand,GJ-CENTRAL-02,UB-BULK-01,AgroSphere Tech-Grade Amino 80%,57,86,Dinesh Pandya,+91 97351 11352,dealer_1860@kisanagro.in,Gujarati,28.1,CRITICAL_SURGE,0.1,42.32142857142857,1.9,True,220.0,273,SEVERE_STOCKOUT_RISK
DLR-REG-1967,Agro Care Krushi Kendra (Khambhat),Anand,GJ-CENTRAL-02,UB-BULK-01,AgroSphere Tech-Grade Amino 80%,33,79,Ramesh Zala,+91 97253 67923,dealer_1967@gmail.com,Hindi,28.1,CRITICAL_SURGE,0.1,42.32142857142857,1.9,True,202.0,270,SEVERE_STOCKOUT_RISK
DLR-REG-2001,Krushi Vikas Krushi Kendra (Khambhat),Anand,GJ-CENTRAL-02,UB-BULK-01,AgroSphere Tech-Grade Amino 80%,20,29,Haresh Savaliya,+91 98743 99884,dealer_2001@kisanagro.in,Gujarati,28.1,CRITICAL_SURGE,0.1,42.32142857142857,1.9,True,74.0,91,SEVERE_STOCKOUT_RISK
DLR-REG-2041,Green Earth Krushi Kendra (Umreth),Anand,GJ-CENTRAL-02,UB-BULK-01,AgroSphere Tech-Grade Amino 80%,47,76,Haresh Shah,+91 97638 73176,dealer_2041@gmail.com,English,28.1,CRITICAL_SURGE,0.1,42.32142857142857,1.9,True,195.0,245,SEVERE_STOCKOUT_RISK
DLR-REG-2045,Patel Agro Krushi Kendra (Umreth),Anand,GJ-CENTRAL-02,UB-BULK-01,AgroSphere Tech-Grade Amino 80%,30,52,Hasmukh Gohil,+91 98674 15089,dealer_2045@gmail.com,Hindi,28.1,CRITICAL_SURGE,0.1,42.32142857142857,1.9,True,133.0,170,SEVERE_STOCKOUT_RISK
DLR-REG-2084,Green Earth Krushi Kendra (Borsad),Anand,GJ-CENTRAL-02,UB-BULK-01,AgroSphere Tech-Grade Amino 80%,26,30,Pravin Savaliya,+91 97486 41569,dealer_2084@kisanagro.in,Gujarati,28.1,CRITICAL_SURGE,0.1,42.32142857142857,1.9,True,77.0,89,SEVERE_STOCKOUT_RISK
DLR-REG-2089,Bharat Krushi Krushi Kendra (Tarapur),Anand,GJ-CENTRAL-02,UB-BULK-01,AgroSphere Tech-Grade Amino 80%,6,74,Dinesh Zala,+91 97261 78013,dealer_2089@agrosphere.ai,Gujarati,28.1,CRITICAL_SURGE,0.1,42.32142857142857,1.9,True,190.0,279,SEVERE_STOCKOUT_RISK
DLR-REG-2168,Agro Care Krushi Kendra (Borsad),Anand,GJ-CENTRAL-02,UB-BULK-01,AgroSphere Tech-Grade Amino 80%,14,15,Bharat Patel,+91 98478 28264,dealer_2168@kisanagro.in,Gujarati,28.1,CRITICAL_SURGE,0.1,42.32142857142857,1.9,True,38.0,43,SEVERE_STOCKOUT_RISK
DLR-REG-2173,Krushi Vikas Krushi Kendra (Umreth),Anand,GJ-CENTRAL-02,UB-BULK-01,AgroSphere Tech-Grade Amino 80%,17,26,Pravin Desai,+91 98174 24583,dealer_2173@gmail.com,Gujarati,28.1,CRITICAL_SURGE,0.1,42.32142857142857,1.9,True,67.0,83,SEVERE_STOCKOUT_RISK
DLR-REG-2245,Kisan Sahay Krushi Kendra (Tarapur),Anand,GJ-CENTRAL-02,UB-BULK-01,AgroSphere Tech-Grade Amino 80%,21,63,Kishor Chauhan,+91 99852 69582,dealer_2245@kisanagro.in,Gujarati,28.1,CRITICAL_SURGE,0.1,42.32142857142857,1.9,True,161.0,221,SEVERE_STOCKOUT_RISK
DLR-REG-2282,Patel Agro Krushi Kendra (Petlad),Anand,GJ-CENTRAL-02,UB-BULK-01,AgroSphere Tech-Grade Amino 80%,38,97,Kishor Donga,+91 97709 83912,dealer_2282@kisanagro.in,Hindi,28.1,CRITICAL_SURGE,0.1,42.32142857142857,1.9,True,249.0,335,SEVERE_STOCKOUT_RISK
DLR-REG-2293,Kisan Sahay Krushi Kendra (Umreth),Anand,GJ-CENTRAL-02,UB-BULK-01,AgroSphere Tech-Grade Amino 80%,19,29,Kishor Sharma,+91 98657 73402,dealer_2293@gmail.com,Hindi,28.1,CRITICAL_SURGE,0.1,42.32142857142857,1.9,True,74.0,92,SEVERE_STOCKOUT_RISK
DLR-REG-2322,Vrundavan Krushi Kendra (Tarapur),Anand,GJ-CENTRAL-02,UB-BULK-01,AgroSphere Tech-Grade Amino 80%,80,94,Pravin Patel,+91 99948 42757,dealer_2322@gmail.com,Gujarati,28.1,CRITICAL_SURGE,0.1,42.32142857142857,1.9,True,241.0,281,SEVERE_STOCKOUT_RISK
DLR-REG-2338,Krushi Vikas Krushi Kendra (Petlad),Anand,GJ-CENTRAL-02,UB-BULK-01,AgroSphere Tech-Grade Amino 80%,21,61,Mukesh Desai,+91 98673 17678,dealer_2338@agrosphere.ai,Gujarati,28.1,CRITICAL_SURGE,0.1,42.32142857142857,1.9,True,156.0,213,SEVERE_STOCKOUT_RISK
DLR-REG-2367,Patel Agro Krushi Kendra (Umreth),Anand,GJ-CENTRAL-02,UB-BULK-01,AgroSphere Tech-Grade Amino 80%,5,17,Ramesh Sharma,+91 98140 97649,dealer_2367@gmail.com,Gujarati,28.1,CRITICAL_SURGE,0.1,42.32142857142857,1.9,True,44.0,61,SEVERE_STOCKOUT_RISK
DLR-REG-2379,Kisan Seva Krushi Kendra (Umreth),Anand,GJ-CENTRAL-02,UB-BULK-01,AgroSphere Tech-Grade Amino 80%,20,84,Haresh Chauhan,+91 98067 17160,dealer_2379@kisanagro.in,Gujarati,28.1,CRITICAL_SURGE,0.1,42.32142857142857,1.9,True,215.0,303,SEVERE_STOCKOUT_RISK
DLR-REG-2442,Shree Ram Krushi Kendra (Petlad),Anand,GJ-CENTRAL-02,UB-BULK-01,AgroSphere Tech-Grade Amino 80%,22,53,Ramesh Savaliya,+91 98234 50308,dealer_2442@gmail.com,Gujarati,28.1,CRITICAL_SURGE,0.1,42.32142857142857,1.9,True,136.0,182,SEVERE_STOCKOUT_RISK
DLR-REG-1004,Krushi Vikas Krushi Kendra (Hansot),Bharuch,GJ-SOUTH-02,UB-BIO-01,AgroSphere Bio-Shield,53,62,Ramesh Donga,+91 97881 54118,dealer_1004@gmail.com,English,27.3,CRITICAL_SURGE,0.1,51.4,8.2,True,158.0,184,SEVERE_STOCKOUT_RISK
DLR-REG-1015,Krushi Vikas Krushi Kendra (Amod),Bharuch,GJ-SOUTH-02,UB-BIO-01,AgroSphere Bio-Shield,8,15,Kishor Sharma,+91 98780 30730,dealer_1015@kisanagro.in,Gujarati,27.3,CRITICAL_SURGE,0.1,51.4,8.2,True,38.0,49,SEVERE_STOCKOUT_RISK
DLR-REG-1047,Kisan Sahay Krushi Kendra (Amod),Bharuch,GJ-SOUTH-02,UB-BIO-01,AgroSphere Bio-Shield,7,22,Kishor Sharma,+91 97731 86099,dealer_1047@kisanagro.in,Gujarati,27.3,CRITICAL_SURGE,0.1,51.4,8.2,True,56.0,77,SEVERE_STOCKOUT_RISK
DLR-REG-1061,Navjivan Krushi Kendra (Amod),Bharuch,GJ-SOUTH-02,UB-BIO-01,AgroSphere Bio-Shield,41,60,Bharat Donga,+91 98309 80798,dealer_1061@gmail.com,Gujarati,27.3,CRITICAL_SURGE,0.1,51.4,8.2,True,153.0,188,SEVERE_STOCKOUT_RISK
DLR-REG-1162,Bharat Krushi Krushi Kendra (Ankleshwar),Bharuch,GJ-SOUTH-02,UB-BIO-01,AgroSphere Bio-Shield,16,16,Mukesh Shah,+91 98431 56019,dealer_1162@agrosphere.ai,Gujarati,27.3,CRITICAL_SURGE,0.1,51.4,8.2,True,41.0,45,SEVERE_STOCKOUT_RISK
DLR-REG-1245,Shree Ram Krushi Kendra (Amod),Bharuch,GJ-SOUTH-02,UB-BIO-01,AgroSphere Bio-Shield,15,34,Bharat Patel,+91 98208 84420,dealer_1245@agrosphere.ai,Gujarati,27.3,CRITICAL_SURGE,0.1,51.4,8.2,True,87.0,115,SEVERE_STOCKOUT_RISK
DLR-REG-1338,Patel Agro Krushi Kendra (Jambusar),Bharuch,GJ-SOUTH-02,UB-BIO-01,AgroSphere Bio-Shield,79,105,Kishor Gajera,+91 97382 95798,dealer_1338@kisanagro.in,Gujarati,27.3,CRITICAL_SURGE,0.1,51.4,8.2,True,267.0,322,SEVERE_STOCKOUT_RISK
DLR-REG-1344,Shree Ram Krushi Kendra (Jambusar),Bharuch,GJ-SOUTH-02,UB-BIO-01,AgroSphere Bio-Shield,7,10,Dinesh Chauhan,+91 97889 21362,dealer_1344@gmail.com,Gujarati,27.3,CRITICAL_SURGE,0.1,51.4,8.2,True,25.0,31,SEVERE_STOCKOUT_RISK
DLR-REG-1353,Navjivan Krushi Kendra (Hansot),Bharuch,GJ-SOUTH-02,UB-BIO-01,AgroSphere Bio-Shield,14,38,Mukesh Patel,+91 97353 66948,dealer_1353@gmail.com,Hindi,27.3,CRITICAL_SURGE,0.1,51.4,8.2,True,97.0,131,SEVERE_STOCKOUT_RISK
DLR-REG-1447,Green Earth Krushi Kendra (Jambusar),Bharuch,GJ-SOUTH-02,UB-BIO-01,AgroSphere Bio-Shield,20,42,Hasmukh Parmar,+91 99095 90962,dealer_1447@gmail.com,Gujarati,27.3,CRITICAL_SURGE,0.1,51.4,8.2,True,107.0,140,SEVERE_STOCKOUT_RISK
DLR-REG-1587,Kisan Sahay Krushi Kendra (Jambusar),Bharuch,GJ-SOUTH-02,UB-BIO-01,AgroSphere Bio-Shield,85,143,Haresh Panchal,+91 98467 27659,dealer_1587@kisanagro.in,English,27.3,CRITICAL_SURGE,0.1,51.4,8.2,True,364.0,461,SEVERE_STOCKOUT_RISK
DLR-REG-1607,Krushi Vikas Krushi Kendra (Ankleshwar),Bharuch,GJ-SOUTH-02,UB-BIO-01,AgroSphere Bio-Shield,14,59,Dinesh Zala,+91 97708 73999,dealer_1607@agrosphere.ai,Gujarati,27.3,CRITICAL_SURGE,0.1,51.4,8.2,True,150.0,211,SEVERE_STOCKOUT_RISK
DLR-REG-1643,Kisan Seva Krushi Kendra (Jambusar),Bharuch,GJ-SOUTH-02,UB-BIO-01,AgroSphere Bio-Shield,10,30,Kishor Sharma,+91 98327 95010,dealer_1643@agrosphere.ai,Gujarati,27.3,CRITICAL_SURGE,0.1,51.4,8.2,True,76.0,104,SEVERE_STOCKOUT_RISK
DLR-REG-1656,Green Earth Krushi Kendra (Amod),Bharuch,GJ-SOUTH-02,UB-BIO-01,AgroSphere Bio-Shield,57,57,Bharat Pandya,+91 98063 78864,dealer_1656@agrosphere.ai,Gujarati,27.3,CRITICAL_SURGE,0.1,51.4,8.2,True,145.0,161,SEVERE_STOCKOUT_RISK
DLR-REG-1769,Kisan Seva Krushi Kendra (Hansot),Bharuch,GJ-SOUTH-02,UB-BIO-01,AgroSphere Bio-Shield,57,62,Ramesh Donga,+91 98255 32509,dealer_1769@kisanagro.in,English,27.3,CRITICAL_SURGE,0.1,51.4,8.2,True,158.0,180,SEVERE_STOCKOUT_RISK
DLR-REG-1809,Agro Care Krushi Kendra (Hansot),Bharuch,GJ-SOUTH-02,UB-BIO-01,AgroSphere Bio-Shield,24,54,Dinesh Chauhan,+91 99140 96317,dealer_1809@agrosphere.ai,Gujarati,27.3,CRITICAL_SURGE,0.1,51.4,8.2,True,137.0,182,SEVERE_STOCKOUT_RISK
DLR-REG-1924,Vrundavan Krushi Kendra (Hansot),Bharuch,GJ-SOUTH-02,UB-BIO-01,AgroSphere Bio-Shield,9,90,Haresh Shah,+91 98080 86585,dealer_1924@kisanagro.in,English,27.3,CRITICAL_SURGE,0.1,51.4,8.2,True,229.0,335,SEVERE_STOCKOUT_RISK
DLR-REG-1961,Kisan Seva Krushi Kendra (Hansot),Bharuch,GJ-SOUTH-02,UB-BIO-01,AgroSphere Bio-Shield,38,54,Pravin Verma,+91 99954 39431,dealer_1961@gmail.com,English,27.3,CRITICAL_SURGE,0.1,51.4,8.2,True,137.0,168,SEVERE_STOCKOUT_RISK
DLR-REG-1968,Agro Care Krushi Kendra (Hansot),Bharuch,GJ-SOUTH-02,UB-BIO-01,AgroSphere Bio-Shield,66,74,Pravin Sharma,+91 99290 16842,dealer_1968@kisanagro.in,English,27.3,CRITICAL_SURGE,0.1,51.4,8.2,True,188.0,216,SEVERE_STOCKOUT_RISK
DLR-REG-2063,Kisan Sahay Krushi Kendra (Amod),Bharuch,GJ-SOUTH-02,UB-BIO-01,AgroSphere Bio-Shield,6,71,Bharat Zala,+91 99776 68236,dealer_2063@gmail.com,English,27.3,CRITICAL_SURGE,0.1,51.4,8.2,True,181.0,265,SEVERE_STOCKOUT_RISK
DLR-REG-2103,Bharat Krushi Krushi Kendra (Amod),Bharuch,GJ-SOUTH-02,UB-BIO-01,AgroSphere Bio-Shield,15,39,Hasmukh Donga,+91 97196 32380,dealer_2103@kisanagro.in,Gujarati,27.3,CRITICAL_SURGE,0.1,51.4,8.2,True,99.0,134,SEVERE_STOCKOUT_RISK
DLR-REG-2106,Kisan Seva Krushi Kendra (Hansot),Bharuch,GJ-SOUTH-02,UB-BIO-01,AgroSphere Bio-Shield,15,37,Dinesh Gajera,+91 98449 71428,dealer_2106@agrosphere.ai,Gujarati,27.3,CRITICAL_SURGE,0.1,51.4,8.2,True,94.0,126,SEVERE_STOCKOUT_RISK
DLR-REG-2134,Vrundavan Krushi Kendra (Amod),Bharuch,GJ-SOUTH-02,UB-BIO-01,AgroSphere Bio-Shield,41,111,Bharat Shah,+91 97975 95229,dealer_2134@kisanagro.in,Hindi,27.3,CRITICAL_SURGE,0.1,51.4,8.2,True,283.0,383,SEVERE_STOCKOUT_RISK
DLR-REG-2185,Navjivan Krushi Kendra (Jambusar),Bharuch,GJ-SOUTH-02,UB-BIO-01,AgroSphere Bio-Shield,26,54,Ramesh Zala,+91 99943 31108,dealer_2185@agrosphere.ai,Hindi,27.3,CRITICAL_SURGE,0.1,51.4,8.2,True,137.0,180,SEVERE_STOCKOUT_RISK
DLR-REG-2227,Agro Care Krushi Kendra (Ankleshwar),Bharuch,GJ-SOUTH-02,UB-BIO-01,AgroSphere Bio-Shield,61,63,Bharat Verma,+91 98982 90478,dealer_2227@agrosphere.ai,Gujarati,27.3,CRITICAL_SURGE,0.1,51.4,8.2,True,160.0,179,SEVERE_STOCKOUT_RISK
DLR-REG-2251,Patel Agro Krushi Kendra (Hansot),Bharuch,GJ-SOUTH-02,UB-BIO-01,AgroSphere Bio-Shield,22,75,Dinesh Verma,+91 97925 22032,dealer_2251@kisanagro.in,Gujarati,27.3,CRITICAL_SURGE,0.1,51.4,8.2,True,191.0,264,SEVERE_STOCKOUT_RISK
DLR-REG-2309,Navjivan Krushi Kendra (Hansot),Bharuch,GJ-SOUTH-02,UB-BIO-01,AgroSphere Bio-Shield,17,41,Mukesh Parmar,+91 99336 72093,dealer_2309@agrosphere.ai,Gujarati,27.3,CRITICAL_SURGE,0.1,51.4,8.2,True,104.0,139,SEVERE_STOCKOUT_RISK
DLR-REG-2333,Green Earth Krushi Kendra (Hansot),Bharuch,GJ-SOUTH-02,UB-BIO-01,AgroSphere Bio-Shield,13,17,Pravin Zala,+91 97447 82521,dealer_2333@kisanagro.in,Hindi,27.3,CRITICAL_SURGE,0.1,51.4,8.2,True,43.0,52,SEVERE_STOCKOUT_RISK
DLR-REG-2391,Green Earth Krushi Kendra (Jambusar),Bharuch,GJ-SOUTH-02,UB-BIO-01,AgroSphere Bio-Shield,11,39,Dinesh Patel,+91 99980 61595,dealer_2391@kisanagro.in,Gujarati,27.3,CRITICAL_SURGE,0.1,51.4,8.2,True,99.0,138,SEVERE_STOCKOUT_RISK
DLR-REG-2397,Krushi Vikas Krushi Kendra (Jambusar),Bharuch,GJ-SOUTH-02,UB-BIO-01,AgroSphere Bio-Shield,20,57,Dinesh Desai,+91 99107 82719,dealer_2397@agrosphere.ai,Gujarati,27.3,CRITICAL_SURGE,0.1,51.4,8.2,True,145.0,198,SEVERE_STOCKOUT_RISK
DLR-REG-2402,Bharat Krushi Krushi Kendra (Amod),Bharuch,GJ-SOUTH-02,UB-BIO-01,AgroSphere Bio-Shield,12,23,Kishor Pandya,+91 98933 70670,dealer_2402@gmail.com,Gujarati,27.3,CRITICAL_SURGE,0.1,51.4,8.2,True,59.0,76,SEVERE_STOCKOUT_RISK
DLR-REG-2423,Bharat Krushi Krushi Kendra (Amod),Bharuch,GJ-SOUTH-02,UB-BIO-01,AgroSphere Bio-Shield,20,49,Haresh Patel,+91 98705 97519,dealer_2423@agrosphere.ai,Gujarati,27.3,CRITICAL_SURGE,0.1,51.4,8.2,True,125.0,167,SEVERE_STOCKOUT_RISK
DLR-REG-1100,Patel Agro Krushi Kendra (Hansot),Bharuch,GJ-SOUTH-02,UB-NUTR-01,AgroSphere Aqua-Gel Polymer,30,37,Haresh Gohil,+91 99253 14809,dealer_1100@kisanagro.in,Gujarati,25.8,CRITICAL_SURGE,0.1,51.4,8.2,True,93.0,110,SEVERE_STOCKOUT_RISK
DLR-REG-1153,Patel Agro Krushi Kendra (Ankleshwar),Bharuch,GJ-SOUTH-02,UB-NUTR-01,AgroSphere Aqua-Gel Polymer,12,35,Haresh Desai,+91 98989 89570,dealer_1153@kisanagro.in,Gujarati,25.8,CRITICAL_SURGE,0.1,51.4,8.2,True,88.0,120,SEVERE_STOCKOUT_RISK
DLR-REG-1162,Bharat Krushi Krushi Kendra (Ankleshwar),Bharuch,GJ-SOUTH-02,UB-NUTR-01,AgroSphere Aqua-Gel Polymer,38,74,Mukesh Shah,+91 98431 56019,dealer_1162@agrosphere.ai,Gujarati,25.8,CRITICAL_SURGE,0.1,51.4,8.2,True,186.0,241,SEVERE_STOCKOUT_RISK
DLR-REG-1250,Krushi Vikas Krushi Kendra (Amod),Bharuch,GJ-SOUTH-02,UB-NUTR-01,AgroSphere Aqua-Gel Polymer,51,52,Mukesh Pandya,+91 97897 27507,dealer_1250@kisanagro.in,English,25.8,CRITICAL_SURGE,0.1,51.4,8.2,True,131.0,145,SEVERE_STOCKOUT_RISK
DLR-REG-1338,Patel Agro Krushi Kendra (Jambusar),Bharuch,GJ-SOUTH-02,UB-NUTR-01,AgroSphere Aqua-Gel Polymer,17,85,Kishor Gajera,+91 97382 95798,dealer_1338@kisanagro.in,Gujarati,25.8,CRITICAL_SURGE,0.1,51.4,8.2,True,214.0,304,SEVERE_STOCKOUT_RISK
DLR-REG-1344,Shree Ram Krushi Kendra (Jambusar),Bharuch,GJ-SOUTH-02,UB-NUTR-01,AgroSphere Aqua-Gel Polymer,9,56,Dinesh Chauhan,+91 97889 21362,dealer_1344@gmail.com,Gujarati,25.8,CRITICAL_SURGE,0.1,51.4,8.2,True,141.0,202,SEVERE_STOCKOUT_RISK
DLR-REG-1426,Patel Agro Krushi Kendra (Amod),Bharuch,GJ-SOUTH-02,UB-NUTR-01,AgroSphere Aqua-Gel Polymer,16,121,Hasmukh Gohil,+91 98973 18367,dealer_1426@kisanagro.in,Gujarati,25.8,CRITICAL_SURGE,0.1,51.4,8.2,True,304.0,440,SEVERE_STOCKOUT_RISK
DLR-REG-1507,Agro Care Krushi Kendra (Ankleshwar),Bharuch,GJ-SOUTH-02,UB-NUTR-01,AgroSphere Aqua-Gel Polymer,46,93,Pravin Patel,+91 99383 85877,dealer_1507@kisanagro.in,Gujarati,25.8,CRITICAL_SURGE,0.1,51.4,8.2,True,234.0,305,SEVERE_STOCKOUT_RISK
DLR-REG-1511,Krushi Vikas Krushi Kendra (Hansot),Bharuch,GJ-SOUTH-02,UB-NUTR-01,AgroSphere Aqua-Gel Polymer,14,15,Mukesh Patel,+91 98997 40375,dealer_1511@gmail.com,Gujarati,25.8,CRITICAL_SURGE,0.1,51.4,8.2,True,38.0,43,SEVERE_STOCKOUT_RISK
DLR-REG-1615,Agro Care Krushi Kendra (Ankleshwar),Bharuch,GJ-SOUTH-02,UB-NUTR-01,AgroSphere Aqua-Gel Polymer,13,95,Haresh Gohil,+91 98734 57876,dealer_1615@kisanagro.in,Gujarati,25.8,CRITICAL_SURGE,0.1,51.4,8.2,True,239.0,346,SEVERE_STOCKOUT_RISK
DLR-REG-1621,Patel Agro Krushi Kendra (Ankleshwar),Bharuch,GJ-SOUTH-02,UB-NUTR-01,AgroSphere Aqua-Gel Polymer,8,12,Pravin Gajera,+91 98163 36305,dealer_1621@agrosphere.ai,Gujarati,25.8,CRITICAL_SURGE,0.1,51.4,8.2,True,30.0,37,SEVERE_STOCKOUT_RISK
DLR-REG-1626,Navjivan Krushi Kendra (Amod),Bharuch,GJ-SOUTH-02,UB-NUTR-01,AgroSphere Aqua-Gel Polymer,51,76,Kishor Shah,+91 97253 92023,dealer_1626@kisanagro.in,Gujarati,25.8,CRITICAL_SURGE,0.1,51.4,8.2,True,191.0,236,SEVERE_STOCKOUT_RISK
DLR-REG-1643,Kisan Seva Krushi Kendra (Jambusar),Bharuch,GJ-SOUTH-02,UB-NUTR-01,AgroSphere Aqua-Gel Polymer,8,106,Kishor Sharma,+91 98327 95010,dealer_1643@agrosphere.ai,Gujarati,25.8,CRITICAL_SURGE,0.1,51.4,8.2,True,267.0,392,SEVERE_STOCKOUT_RISK
DLR-REG-1655,Vrundavan Krushi Kendra (Jambusar),Bharuch,GJ-SOUTH-02,UB-NUTR-01,AgroSphere Aqua-Gel Polymer,43,96,Hasmukh Patel,+91 99340 92441,dealer_1655@agrosphere.ai,English,25.8,CRITICAL_SURGE,0.1,51.4,8.2,True,242.0,320,SEVERE_STOCKOUT_RISK
DLR-REG-1716,Agro Care Krushi Kendra (Ankleshwar),Bharuch,GJ-SOUTH-02,UB-NUTR-01,AgroSphere Aqua-Gel Polymer,109,131,Ramesh Sharma,+91 98539 96034,dealer_1716@agrosphere.ai,Gujarati,25.8,CRITICAL_SURGE,0.1,51.4,8.2,True,330.0,386,SEVERE_STOCKOUT_RISK
DLR-REG-1731,Vrundavan Krushi Kendra (Jambusar),Bharuch,GJ-SOUTH-02,UB-NUTR-01,AgroSphere Aqua-Gel Polymer,33,45,Hasmukh Savaliya,+91 97151 28558,dealer_1731@kisanagro.in,English,25.8,CRITICAL_SURGE,0.1,51.4,8.2,True,113.0,137,SEVERE_STOCKOUT_RISK
DLR-REG-1764,Kisan Seva Krushi Kendra (Amod),Bharuch,GJ-SOUTH-02,UB-NUTR-01,AgroSphere Aqua-Gel Polymer,54,69,Bharat Pandya,+91 99757 18601,dealer_1764@gmail.com,Gujarati,25.8,CRITICAL_SURGE,0.1,51.4,8.2,True,174.0,207,SEVERE_STOCKOUT_RISK
DLR-REG-1795,Green Earth Krushi Kendra (Ankleshwar),Bharuch,GJ-SOUTH-02,UB-NUTR-01,AgroSphere Aqua-Gel Polymer,41,47,Hasmukh Desai,+91 97477 27200,dealer_1795@gmail.com,Gujarati,25.8,CRITICAL_SURGE,0.1,51.4,8.2,True,118.0,136,SEVERE_STOCKOUT_RISK
DLR-REG-1803,Patel Agro Krushi Kendra (Jambusar),Bharuch,GJ-SOUTH-02,UB-NUTR-01,AgroSphere Aqua-Gel Polymer,30,61,Pravin Gajera,+91 99971 22934,dealer_1803@gmail.com,English,25.8,CRITICAL_SURGE,0.1,51.4,8.2,True,153.0,200,SEVERE_STOCKOUT_RISK
DLR-REG-1809,Agro Care Krushi Kendra (Hansot),Bharuch,GJ-SOUTH-02,UB-NUTR-01,AgroSphere Aqua-Gel Polymer,19,60,Dinesh Chauhan,+91 99140 96317,dealer_1809@agrosphere.ai,Gujarati,25.8,CRITICAL_SURGE,0.1,51.4,8.2,True,151.0,207,SEVERE_STOCKOUT_RISK
DLR-REG-1949,Green Earth Krushi Kendra (Amod),Bharuch,GJ-SOUTH-02,UB-NUTR-01,AgroSphere Aqua-Gel Polymer,48,78,Bharat Savaliya,+91 99793 54909,dealer_1949@agrosphere.ai,English,25.8,CRITICAL_SURGE,0.1,51.4,8.2,True,196.0,246,SEVERE_STOCKOUT_RISK
DLR-REG-1961,Kisan Seva Krushi Kendra (Hansot),Bharuch,GJ-SOUTH-02,UB-NUTR-01,AgroSphere Aqua-Gel Polymer,32,91,Pravin Verma,+91 99954 39431,dealer_1961@gmail.com,English,25.8,CRITICAL_SURGE,0.1,51.4,8.2,True,229.0,311,SEVERE_STOCKOUT_RISK
DLR-REG-2158,Agro Care Krushi Kendra (Hansot),Bharuch,GJ-SOUTH-02,UB-NUTR-01,AgroSphere Aqua-Gel Polymer,10,57,Ramesh Desai,+91 97451 39428,dealer_2158@gmail.com,Gujarati,25.8,CRITICAL_SURGE,0.1,51.4,8.2,True,143.0,205,SEVERE_STOCKOUT_RISK
DLR-REG-2251,Patel Agro Krushi Kendra (Hansot),Bharuch,GJ-SOUTH-02,UB-NUTR-01,AgroSphere Aqua-Gel Polymer,42,44,Dinesh Verma,+91 97925 22032,dealer_2251@kisanagro.in,Gujarati,25.8,CRITICAL_SURGE,0.1,51.4,8.2,True,111.0,124,SEVERE_STOCKOUT_RISK
DLR-REG-2368,Agro Care Krushi Kendra (Jambusar),Bharuch,GJ-SOUTH-02,UB-NUTR-01,AgroSphere Aqua-Gel Polymer,47,57,Ramesh Verma,+91 99076 53953,dealer_2368@kisanagro.in,Hindi,25.8,CRITICAL_SURGE,0.1,51.4,8.2,True,143.0,168,SEVERE_STOCKOUT_RISK
DLR-REG-2391,Green Earth Krushi Kendra (Jambusar),Bharuch,GJ-SOUTH-02,UB-NUTR-01,AgroSphere Aqua-Gel Polymer,8,21,Dinesh Patel,+91 99980 61595,dealer_2391@kisanagro.in,Gujarati,25.8,CRITICAL_SURGE,0.1,51.4,8.2,True,53.0,71,SEVERE_STOCKOUT_RISK
DLR-REG-2402,Bharat Krushi Krushi Kendra (Amod),Bharuch,GJ-SOUTH-02,UB-NUTR-01,AgroSphere Aqua-Gel Polymer,40,67,Kishor Pandya,+91 98933 70670,dealer_2402@gmail.com,Gujarati,25.8,CRITICAL_SURGE,0.1,51.4,8.2,True,169.0,213,SEVERE_STOCKOUT_RISK
DLR-REG-2406,Navjivan Krushi Kendra (Ankleshwar),Bharuch,GJ-SOUTH-02,UB-NUTR-01,AgroSphere Aqua-Gel Polymer,6,86,Kishor Donga,+91 98745 86607,dealer_2406@agrosphere.ai,Gujarati,25.8,CRITICAL_SURGE,0.1,51.4,8.2,True,216.0,318,SEVERE_STOCKOUT_RISK
DLR-REG-2423,Bharat Krushi Krushi Kendra (Amod),Bharuch,GJ-SOUTH-02,UB-NUTR-01,AgroSphere Aqua-Gel Polymer,15,33,Haresh Patel,+91 98705 97519,dealer_2423@agrosphere.ai,Gujarati,25.8,CRITICAL_SURGE,0.1,51.4,8.2,True,83.0,110,SEVERE_STOCKOUT_RISK
DLR-REG-2485,Navjivan Krushi Kendra (Hansot),Bharuch,GJ-SOUTH-02,UB-NUTR-01,AgroSphere Aqua-Gel Polymer,30,55,Ramesh Zala,+91 98889 75564,dealer_2485@agrosphere.ai,Hindi,25.8,CRITICAL_SURGE,0.1,51.4,8.2,True,138.0,177,SEVERE_STOCKOUT_RISK
DLR-REG-1095,Kisan Seva Krushi Kendra (Petlad),Anand,GJ-CENTRAL-02,UB-BIO-02,AgroSphere Larvi-Kill,23,57,Kishor Panchal,+91 99866 62757,dealer_1095@kisanagro.in,Hindi,25.6,CRITICAL_SURGE,0.1,42.32142857142857,1.9,True,143.0,192,SEVERE_STOCKOUT_RISK
DLR-REG-1117,Shree Ram Krushi Kendra (Tarapur),Anand,GJ-CENTRAL-02,UB-BIO-02,AgroSphere Larvi-Kill,52,63,Dinesh Savaliya,+91 99612 43289,dealer_1117@kisanagro.in,Gujarati,25.6,CRITICAL_SURGE,0.1,42.32142857142857,1.9,True,158.0,185,SEVERE_STOCKOUT_RISK
DLR-REG-1179,Patel Agro Krushi Kendra (Umreth),Anand,GJ-CENTRAL-02,UB-BIO-02,AgroSphere Larvi-Kill,40,46,Haresh Zala,+91 99059 79135,dealer_1179@kisanagro.in,Gujarati,25.6,CRITICAL_SURGE,0.1,42.32142857142857,1.9,True,116.0,134,SEVERE_STOCKOUT_RISK
DLR-REG-1183,Krushi Vikas Krushi Kendra (Petlad),Anand,GJ-CENTRAL-02,UB-BIO-02,AgroSphere Larvi-Kill,32,40,Pravin Savaliya,+91 98305 22987,dealer_1183@agrosphere.ai,Gujarati,25.6,CRITICAL_SURGE,0.1,42.32142857142857,1.9,True,100.0,118,SEVERE_STOCKOUT_RISK
DLR-REG-1237,Shree Ram Krushi Kendra (Khambhat),Anand,GJ-CENTRAL-02,UB-BIO-02,AgroSphere Larvi-Kill,9,49,Pravin Donga,+91 98178 20358,dealer_1237@kisanagro.in,Gujarati,25.6,CRITICAL_SURGE,0.1,42.32142857142857,1.9,True,123.0,176,SEVERE_STOCKOUT_RISK
DLR-REG-1265,Patel Agro Krushi Kendra (Khambhat),Anand,GJ-CENTRAL-02,UB-BIO-02,AgroSphere Larvi-Kill,10,70,Ramesh Patel,+91 99564 98965,dealer_1265@kisanagro.in,English,25.6,CRITICAL_SURGE,0.1,42.32142857142857,1.9,True,176.0,254,SEVERE_STOCKOUT_RISK
DLR-REG-1285,Krushi Vikas Krushi Kendra (Umreth),Anand,GJ-CENTRAL-02,UB-BIO-02,AgroSphere Larvi-Kill,39,67,Hasmukh Pandya,+91 99163 15577,dealer_1285@gmail.com,Hindi,25.6,CRITICAL_SURGE,0.1,42.32142857142857,1.9,True,168.0,213,SEVERE_STOCKOUT_RISK
DLR-REG-1291,Krushi Vikas Krushi Kendra (Borsad),Anand,GJ-CENTRAL-02,UB-BIO-02,AgroSphere Larvi-Kill,15,35,Haresh Shah,+91 98768 34345,dealer_1291@agrosphere.ai,English,25.6,CRITICAL_SURGE,0.1,42.32142857142857,1.9,True,88.0,117,SEVERE_STOCKOUT_RISK
DLR-REG-1312,Krushi Vikas Krushi Kendra (Umreth),Anand,GJ-CENTRAL-02,UB-BIO-02,AgroSphere Larvi-Kill,5,10,Kishor Sharma,+91 97183 25084,dealer_1312@gmail.com,Gujarati,25.6,CRITICAL_SURGE,0.1,42.32142857142857,1.9,True,25.0,33,SEVERE_STOCKOUT_RISK
DLR-REG-1348,Agro Care Krushi Kendra (Tarapur),Anand,GJ-CENTRAL-02,UB-BIO-02,AgroSphere Larvi-Kill,37,144,Pravin Shah,+91 98479 51480,dealer_1348@gmail.com,Hindi,25.6,CRITICAL_SURGE,0.1,42.32142857142857,1.9,True,362.0,506,SEVERE_STOCKOUT_RISK
DLR-REG-1398,Kisan Sahay Krushi Kendra (Borsad),Anand,GJ-CENTRAL-02,UB-BIO-02,AgroSphere Larvi-Kill,23,78,Bharat Sharma,+91 97841 34901,dealer_1398@kisanagro.in,Hindi,25.6,CRITICAL_SURGE,0.1,42.32142857142857,1.9,True,196.0,271,SEVERE_STOCKOUT_RISK
DLR-REG-1638,Vrundavan Krushi Kendra (Tarapur),Anand,GJ-CENTRAL-02,UB-BIO-02,AgroSphere Larvi-Kill,27,107,Pravin Pandya,+91 99132 24328,dealer_1638@kisanagro.in,Gujarati,25.6,CRITICAL_SURGE,0.1,42.32142857142857,1.9,True,269.0,376,SEVERE_STOCKOUT_RISK
DLR-REG-1667,Kisan Seva Krushi Kendra (Petlad),Anand,GJ-CENTRAL-02,UB-BIO-02,AgroSphere Larvi-Kill,84,85,Bharat Savaliya,+91 98851 49666,dealer_1667@gmail.com,Gujarati,25.6,CRITICAL_SURGE,0.1,42.32142857142857,1.9,True,214.0,237,SEVERE_STOCKOUT_RISK
DLR-REG-1698,Bharat Krushi Krushi Kendra (Borsad),Anand,GJ-CENTRAL-02,UB-BIO-02,AgroSphere Larvi-Kill,5,88,Haresh Donga,+91 99237 85543,dealer_1698@kisanagro.in,Gujarati,25.6,CRITICAL_SURGE,0.1,42.32142857142857,1.9,True,221.0,327,SEVERE_STOCKOUT_RISK
DLR-REG-1766,Navjivan Krushi Kendra (Borsad),Anand,GJ-CENTRAL-02,UB-BIO-02,AgroSphere Larvi-Kill,54,58,Pravin Shah,+91 98200 64596,dealer_1766@agrosphere.ai,Gujarati,25.6,CRITICAL_SURGE,0.1,42.32142857142857,1.9,True,146.0,165,SEVERE_STOCKOUT_RISK
DLR-REG-1892,Navjivan Krushi Kendra (Tarapur),Anand,GJ-CENTRAL-02,UB-BIO-02,AgroSphere Larvi-Kill,5,65,Kishor Sharma,+91 98898 29420,dealer_1892@kisanagro.in,Gujarati,25.6,CRITICAL_SURGE,0.1,42.32142857142857,1.9,True,163.0,240,SEVERE_STOCKOUT_RISK
DLR-REG-1933,Green Earth Krushi Kendra (Borsad),Anand,GJ-CENTRAL-02,UB-BIO-02,AgroSphere Larvi-Kill,75,80,Pravin Verma,+91 99746 68077,dealer_1933@agrosphere.ai,Gujarati,25.6,CRITICAL_SURGE,0.1,42.32142857142857,1.9,True,201.0,226,SEVERE_STOCKOUT_RISK
DLR-REG-2012,Shree Ram Krushi Kendra (Tarapur),Anand,GJ-CENTRAL-02,UB-BIO-02,AgroSphere Larvi-Kill,13,18,Mukesh Chauhan,+91 97735 90967,dealer_2012@agrosphere.ai,English,25.6,CRITICAL_SURGE,0.1,42.32142857142857,1.9,True,45.0,55,SEVERE_STOCKOUT_RISK
DLR-REG-2037,Agro Care Krushi Kendra (Petlad),Anand,GJ-CENTRAL-02,UB-BIO-02,AgroSphere Larvi-Kill,39,94,Dinesh Parmar,+91 97286 35226,dealer_2037@gmail.com,Gujarati,25.6,CRITICAL_SURGE,0.1,42.32142857142857,1.9,True,236.0,315,SEVERE_STOCKOUT_RISK
DLR-REG-2041,Green Earth Krushi Kendra (Umreth),Anand,GJ-CENTRAL-02,UB-BIO-02,AgroSphere Larvi-Kill,48,55,Haresh Shah,+91 97638 73176,dealer_2041@gmail.com,English,25.6,CRITICAL_SURGE,0.1,42.32142857142857,1.9,True,138.0,159,SEVERE_STOCKOUT_RISK
DLR-REG-2110,Vrundavan Krushi Kendra (Petlad),Anand,GJ-CENTRAL-02,UB-BIO-02,AgroSphere Larvi-Kill,37,51,Pravin Savaliya,+91 99925 65702,dealer_2110@agrosphere.ai,Gujarati,25.6,CRITICAL_SURGE,0.1,42.32142857142857,1.9,True,128.0,155,SEVERE_STOCKOUT_RISK
DLR-REG-2168,Agro Care Krushi Kendra (Borsad),Anand,GJ-CENTRAL-02,UB-BIO-02,AgroSphere Larvi-Kill,90,133,Bharat Patel,+91 98478 28264,dealer_2168@kisanagro.in,Gujarati,25.6,CRITICAL_SURGE,0.1,42.32142857142857,1.9,True,334.0,411,SEVERE_STOCKOUT_RISK
DLR-REG-2199,Kisan Sahay Krushi Kendra (Borsad),Anand,GJ-CENTRAL-02,UB-BIO-02,AgroSphere Larvi-Kill,15,106,Pravin Savaliya,+91 99800 65433,dealer_2199@kisanagro.in,Gujarati,25.6,CRITICAL_SURGE,0.1,42.32142857142857,1.9,True,266.0,384,SEVERE_STOCKOUT_RISK
DLR-REG-2282,Patel Agro Krushi Kendra (Petlad),Anand,GJ-CENTRAL-02,UB-BIO-02,AgroSphere Larvi-Kill,27,76,Kishor Donga,+91 97709 83912,dealer_2282@kisanagro.in,Hindi,25.6,CRITICAL_SURGE,0.1,42.32142857142857,1.9,True,191.0,259,SEVERE_STOCKOUT_RISK
DLR-REG-2297,Shree Ram Krushi Kendra (Umreth),Anand,GJ-CENTRAL-02,UB-BIO-02,AgroSphere Larvi-Kill,26,37,Kishor Patel,+91 98872 25745,dealer_2297@agrosphere.ai,Gujarati,25.6,CRITICAL_SURGE,0.1,42.32142857142857,1.9,True,93.0,113,SEVERE_STOCKOUT_RISK
DLR-REG-2322,Vrundavan Krushi Kendra (Tarapur),Anand,GJ-CENTRAL-02,UB-BIO-02,AgroSphere Larvi-Kill,6,79,Pravin Patel,+91 99948 42757,dealer_2322@gmail.com,Gujarati,25.6,CRITICAL_SURGE,0.1,42.32142857142857,1.9,True,198.0,291,SEVERE_STOCKOUT_RISK
DLR-REG-2367,Patel Agro Krushi Kendra (Umreth),Anand,GJ-CENTRAL-02,UB-BIO-02,AgroSphere Larvi-Kill,6,17,Ramesh Sharma,+91 98140 97649,dealer_2367@gmail.com,Gujarati,25.6,CRITICAL_SURGE,0.1,42.32142857142857,1.9,True,43.0,58,SEVERE_STOCKOUT_RISK
DLR-REG-2436,Krushi Vikas Krushi Kendra (Khambhat),Anand,GJ-CENTRAL-02,UB-BIO-02,AgroSphere Larvi-Kill,24,71,Hasmukh Gohil,+91 97766 56924,dealer_2436@kisanagro.in,English,25.6,CRITICAL_SURGE,0.1,42.32142857142857,1.9,True,178.0,243,SEVERE_STOCKOUT_RISK
DLR-REG-2438,Patel Agro Krushi Kendra (Borsad),Anand,GJ-CENTRAL-02,UB-BIO-02,AgroSphere Larvi-Kill,14,82,Bharat Panchal,+91 99461 54286,dealer_2438@kisanagro.in,Gujarati,25.6,CRITICAL_SURGE,0.1,42.32142857142857,1.9,True,206.0,295,SEVERE_STOCKOUT_RISK
