date,cluster_id,district,sku_id,product_name,category,unit,predicted_demand_qty,baseline_historical_qty,temperature_c,relative_humidity_pct,precipitation_mm,pest_threat_index,soil_water_stress_index
2026-10-01,GJ-SAURASHTRA-01,Rajkot,UB-BIO-01,AgroSphere Bio-Shield,Green Crop Protection,Liters,754.0,773.7,26.3,82.9,61.2,0.95,0.0
2026-10-02,GJ-SAURASHTRA-01,Rajkot,UB-BIO-01,AgroSphere Bio-Shield,Green Crop Protection,Liters,691.5,773.7,30.2,84.8,27.8,0.95,0.0
2026-10-03,GJ-SAURASHTRA-01,Rajkot,UB-BIO-01,AgroSphere Bio-Shield,Green Crop Protection,Liters,666.1,773.7,30.4,89.4,52.9,0.95,0.0
2026-10-04,GJ-SAURASHTRA-01,Rajkot,UB-BIO-01,AgroSphere Bio-Shield,Green Crop Protection,Liters,582.4,773.7,29.8,82.7,36.3,0.95,0.0
2026-10-05,GJ-SAURASHTRA-01,Rajkot,UB-BIO-01,AgroSphere Bio-Shield,Green Crop Protection,Liters,642.7,773.7,30.7,85.1,56.1,0.95,0.0
2026-10-06,GJ-SAURASHTRA-01,Rajkot,UB-BIO-01,AgroSphere Bio-Shield,Green Crop Protection,Liters,607.9,773.7,26.5,91.3,55.0,0.95,0.0
2026-10-07,GJ-SAURASHTRA-01,Rajkot,UB-BIO-01,AgroSphere Bio-Shield,Green Crop Protection,Liters,623.3,773.7,30.5,84.8,58.1,0.95,0.0
2026-10-08,GJ-SAURASHTRA-01,Rajkot,UB-BIO-01,AgroSphere Bio-Shield,Green Crop Protection,Liters,730.7,773.7,28.9,94.3,63.0,0.95,0.0
2026-10-09,GJ-SAURASHTRA-01,Rajkot,UB-BIO-01,AgroSphere Bio-Shield,Green Crop Protection,Liters,672.5,773.7,29.4,84.9,36.7,0.95,0.0
2026-10-10,GJ-SAURASHTRA-01,Rajkot,UB-BIO-01,AgroSphere Bio-Shield,Green Crop Protection,Liters,611.6,773.7,28.5,81.4,56.6,0.95,0.0
2026-10-11,GJ-SAURASHTRA-01,Rajkot,UB-BIO-01,AgroSphere Bio-Shield,Green Crop Protection,Liters,588.7,773.7,27.8,93.3,42.7,0.95,0.0
2026-10-12,GJ-SAURASHTRA-01,Rajkot,UB-BIO-01,AgroSphere Bio-Shield,Green Crop Protection,Liters,584.7,773.7,29.5,81.3,29.0,0.92,0.0
2026-10-13,GJ-SAURASHTRA-01,Rajkot,UB-BIO-01,AgroSphere Bio-Shield,Green Crop Protection,Liters,641.5,773.7,27.9,94.8,28.4,0.95,0.0
2026-10-14,GJ-SAURASHTRA-01,Rajkot,UB-BIO-01,AgroSphere Bio-Shield,Green Crop Protection,Liters,619.3,773.7,28.1,88.4,56.1,0.95,0.0
2026-10-01,GJ-SAURASHTRA-01,Rajkot,UB-BIO-02,AgroSphere Larvi-Kill,Green Crop Protection,Liters,796.9,705.0,26.3,82.9,61.2,0.95,0.0
2026-10-02,GJ-SAURASHTRA-01,Rajkot,UB-BIO-02,AgroSphere Larvi-Kill,Green Crop Protection,Liters,755.3,705.0,30.2,84.8,27.8,0.95,0.0
2026-10-03,GJ-SAURASHTRA-01,Rajkot,UB-BIO-02,AgroSphere Larvi-Kill,Green Crop Protection,Liters,706.7,705.0,30.4,89.4,52.9,0.95,0.0
2026-10-04,GJ-SAURASHTRA-01,Rajkot,UB-BIO-02,AgroSphere Larvi-Kill,Green Crop Protection,Liters,641.7,705.0,29.8,82.7,36.3,0.95,0.0
2026-10-05,GJ-SAURASHTRA-01,Rajkot,UB-BIO-02,AgroSphere Larvi-Kill,Green Crop Protection,Liters,711.5,705.0,30.7,85.1,56.1,0.95,0.0
2026-10-06,GJ-SAURASHTRA-01,Rajkot,UB-BIO-02,AgroSphere Larvi-Kill,Green Crop Protection,Liters,667.6,705.0,26.5,91.3,55.0,0.95,0.0
2026-10-07,GJ-SAURASHTRA-01,Rajkot,UB-BIO-02,AgroSphere Larvi-Kill,Green Crop Protection,Liters,667.9,705.0,30.5,84.8,58.1,0.95,0.0
2026-10-08,GJ-SAURASHTRA-01,Rajkot,UB-BIO-02,AgroSphere Larvi-Kill,Green Crop Protection,Liters,742.6,705.0,28.9,94.3,63.0,0.95,0.0
2026-10-09,GJ-SAURASHTRA-01,Rajkot,UB-BIO-02,AgroSphere Larvi-Kill,Green Crop Protection,Liters,694.3,705.0,29.4,84.9,36.7,0.95,0.0
2026-10-10,GJ-SAURASHTRA-01,Rajkot,UB-BIO-02,AgroSphere Larvi-Kill,Green Crop Protection,Liters,652.7,705.0,28.5,81.4,56.6,0.95,0.0
2026-10-11,GJ-SAURASHTRA-01,Rajkot,UB-BIO-02,AgroSphere Larvi-Kill,Green Crop Protection,Liters,645.4,705.0,27.8,93.3,42.7,0.95,0.0
2026-10-12,GJ-SAURASHTRA-01,Rajkot,UB-BIO-02,AgroSphere Larvi-Kill,Green Crop Protection,Liters,656.2,705.0,29.5,81.3,29.0,0.92,0.0
2026-10-13,GJ-SAURASHTRA-01,Rajkot,UB-BIO-02,AgroSphere Larvi-Kill,Green Crop Protection,Liters,728.5,705.0,27.9,94.8,28.4,0.95,0.0
2026-10-14,GJ-SAURASHTRA-01,Rajkot,UB-BIO-02,AgroSphere Larvi-Kill,Green Crop Protection,Liters,668.5,705.0,28.1,88.4,56.1,0.95,0.0
2026-10-01,GJ-SAURASHTRA-01,Rajkot,UB-NUTR-01,AgroSphere Aqua-Gel Polymer,Crop Nutrition & Water Management,Kg,785.1,712.6,26.3,82.9,61.2,0.95,0.0
2026-10-02,GJ-SAURASHTRA-01,Rajkot,UB-NUTR-01,AgroSphere Aqua-Gel Polymer,Crop Nutrition & Water Management,Kg,736.2,712.6,30.2,84.8,27.8,0.95,0.0
2026-10-03,GJ-SAURASHTRA-01,Rajkot,UB-NUTR-01,AgroSphere Aqua-Gel Polymer,Crop Nutrition & Water Management,Kg,689.2,712.6,30.4,89.4,52.9,0.95,0.0
2026-10-04,GJ-SAURASHTRA-01,Rajkot,UB-NUTR-01,AgroSphere Aqua-Gel Polymer,Crop Nutrition & Water Management,Kg,669.9,712.6,29.8,82.7,36.3,0.95,0.0
2026-10-05,GJ-SAURASHTRA-01,Rajkot,UB-NUTR-01,AgroSphere Aqua-Gel Polymer,Crop Nutrition & Water Management,Kg,702.5,712.6,30.7,85.1,56.1,0.95,0.0
2026-10-06,GJ-SAURASHTRA-01,Rajkot,UB-NUTR-01,AgroSphere Aqua-Gel Polymer,Crop Nutrition & Water Management,Kg,668.8,712.6,26.5,91.3,55.0,0.95,0.0
2026-10-07,GJ-SAURASHTRA-01,Rajkot,UB-NUTR-01,AgroSphere Aqua-Gel Polymer,Crop Nutrition & Water Management,Kg,617.4,712.6,30.5,84.8,58.1,0.95,0.0
2026-10-08,GJ-SAURASHTRA-01,Rajkot,UB-NUTR-01,AgroSphere Aqua-Gel Polymer,Crop Nutrition & Water Management,Kg,637.9,712.6,28.9,94.3,63.0,0.95,0.0
2026-10-09,GJ-SAURASHTRA-01,Rajkot,UB-NUTR-01,AgroSphere Aqua-Gel Polymer,Crop Nutrition & Water Management,Kg,626.1,712.6,29.4,84.9,36.7,0.95,0.0
2026-10-10,GJ-SAURASHTRA-01,Rajkot,UB-NUTR-01,AgroSphere Aqua-Gel Polymer,Crop Nutrition & Water Management,Kg,594.9,712.6,28.5,81.4,56.6,0.95,0.0
2026-10-11,GJ-SAURASHTRA-01,Rajkot,UB-NUTR-01,AgroSphere Aqua-Gel Polymer,Crop Nutrition & Water Management,Kg,592.2,712.6,27.8,93.3,42.7,0.95,0.0
2026-10-12,GJ-SAURASHTRA-01,Rajkot,UB-NUTR-01,AgroSphere Aqua-Gel Polymer,Crop Nutrition & Water Management,Kg,619.3,712.6,29.5,81.3,29.0,0.92,0.0
2026-10-13,GJ-SAURASHTRA-01,Rajkot,UB-NUTR-01,AgroSphere Aqua-Gel Polymer,Crop Nutrition & Water Management,Kg,687.5,712.6,27.9,94.8,28.4,0.95,0.0
2026-10-14,GJ-SAURASHTRA-01,Rajkot,UB-NUTR-01,AgroSphere Aqua-Gel Polymer,Crop Nutrition & Water Management,Kg,636.4,712.6,28.1,88.4,56.1,0.95,0.0
2026-10-01,GJ-SAURASHTRA-01,Rajkot,UB-NUTR-02,AgroSphere Solu-NPK 19:19:19,Crop Nutrition & Water Management,Kg,568.4,449.3,26.3,82.9,61.2,0.95,0.0
2026-10-02,GJ-SAURASHTRA-01,Rajkot,UB-NUTR-02,AgroSphere Solu-NPK 19:19:19,Crop Nutrition & Water Management,Kg,498.3,449.3,30.2,84.8,27.8,0.95,0.0
2026-10-03,GJ-SAURASHTRA-01,Rajkot,UB-NUTR-02,AgroSphere Solu-NPK 19:19:19,Crop Nutrition & Water Management,Kg,429.2,449.3,30.4,89.4,52.9,0.95,0.0
2026-10-04,GJ-SAURASHTRA-01,Rajkot,UB-NUTR-02,AgroSphere Solu-NPK 19:19:19,Crop Nutrition & Water Management,Kg,439.7,449.3,29.8,82.7,36.3,0.95,0.0
2026-10-05,GJ-SAURASHTRA-01,Rajkot,UB-NUTR-02,AgroSphere Solu-NPK 19:19:19,Crop Nutrition & Water Management,Kg,464.9,449.3,30.7,85.1,56.1,0.95,0.0
2026-10-06,GJ-SAURASHTRA-01,Rajkot,UB-NUTR-02,AgroSphere Solu-NPK 19:19:19,Crop Nutrition & Water Management,Kg,463.7,449.3,26.5,91.3,55.0,0.95,0.0
2026-10-07,GJ-SAURASHTRA-01,Rajkot,UB-NUTR-02,AgroSphere Solu-NPK 19:19:19,Crop Nutrition & Water Management,Kg,415.2,449.3,30.5,84.8,58.1,0.95,0.0
2026-10-08,GJ-SAURASHTRA-01,Rajkot,UB-NUTR-02,AgroSphere Solu-NPK 19:19:19,Crop Nutrition & Water Management,Kg,465.0,449.3,28.9,94.3,63.0,0.95,0.0
2026-10-09,GJ-SAURASHTRA-01,Rajkot,UB-NUTR-02,AgroSphere Solu-NPK 19:19:19,Crop Nutrition & Water Management,Kg,457.6,449.3,29.4,84.9,36.7,0.95,0.0
2026-10-10,GJ-SAURASHTRA-01,Rajkot,UB-NUTR-02,AgroSphere Solu-NPK 19:19:19,Crop Nutrition & Water Management,Kg,410.1,449.3,28.5,81.4,56.6,0.95,0.0
2026-10-11,GJ-SAURASHTRA-01,Rajkot,UB-NUTR-02,AgroSphere Solu-NPK 19:19:19,Crop Nutrition & Water Management,Kg,463.7,449.3,27.8,93.3,42.7,0.95,0.0
2026-10-12,GJ-SAURASHTRA-01,Rajkot,UB-NUTR-02,AgroSphere Solu-NPK 19:19:19,Crop Nutrition & Water Management,Kg,455.2,449.3,29.5,81.3,29.0,0.92,0.0
2026-10-13,GJ-SAURASHTRA-01,Rajkot,UB-NUTR-02,AgroSphere Solu-NPK 19:19:19,Crop Nutrition & Water Management,Kg,456.4,449.3,27.9,94.8,28.4,0.95,0.0
2026-10-14,GJ-SAURASHTRA-01,Rajkot,UB-NUTR-02,AgroSphere Solu-NPK 19:19:19,Crop Nutrition & Water Management,Kg,433.2,449.3,28.1,88.4,56.1,0.95,0.0
2026-10-01,GJ-SAURASHTRA-01,Rajkot,UB-STIM-01,AgroSphere Bio-Zyme Gold,Bio-Organic Formulations,Liters,536.1,363.7,26.3,82.9,61.2,0.95,0.0
2026-10-02,GJ-SAURASHTRA-01,Rajkot,UB-STIM-01,AgroSphere Bio-Zyme Gold,Bio-Organic Formulations,Liters,484.2,363.7,30.2,84.8,27.8,0.95,0.0
2026-10-03,GJ-SAURASHTRA-01,Rajkot,UB-STIM-01,AgroSphere Bio-Zyme Gold,Bio-Organic Formulations,Liters,419.6,363.7,30.4,89.4,52.9,0.95,0.0
2026-10-04,GJ-SAURASHTRA-01,Rajkot,UB-STIM-01,AgroSphere Bio-Zyme Gold,Bio-Organic Formulations,Liters,422.0,363.7,29.8,82.7,36.3,0.95,0.0
2026-10-05,GJ-SAURASHTRA-01,Rajkot,UB-STIM-01,AgroSphere Bio-Zyme Gold,Bio-Organic Formulations,Liters,478.1,363.7,30.7,85.1,56.1,0.95,0.0
2026-10-06,GJ-SAURASHTRA-01,Rajkot,UB-STIM-01,AgroSphere Bio-Zyme Gold,Bio-Organic Formulations,Liters,441.9,363.7,26.5,91.3,55.0,0.95,0.0
2026-10-07,GJ-SAURASHTRA-01,Rajkot,UB-STIM-01,AgroSphere Bio-Zyme Gold,Bio-Organic Formulations,Liters,386.4,363.7,30.5,84.8,58.1,0.95,0.0
2026-10-08,GJ-SAURASHTRA-01,Rajkot,UB-STIM-01,AgroSphere Bio-Zyme Gold,Bio-Organic Formulations,Liters,437.6,363.7,28.9,94.3,63.0,0.95,0.0
2026-10-09,GJ-SAURASHTRA-01,Rajkot,UB-STIM-01,AgroSphere Bio-Zyme Gold,Bio-Organic Formulations,Liters,447.1,363.7,29.4,84.9,36.7,0.95,0.0
2026-10-10,GJ-SAURASHTRA-01,Rajkot,UB-STIM-01,AgroSphere Bio-Zyme Gold,Bio-Organic Formulations,Liters,402.1,363.7,28.5,81.4,56.6,0.95,0.0
2026-10-11,GJ-SAURASHTRA-01,Rajkot,UB-STIM-01,AgroSphere Bio-Zyme Gold,Bio-Organic Formulations,Liters,451.4,363.7,27.8,93.3,42.7,0.95,0.0
2026-10-12,GJ-SAURASHTRA-01,Rajkot,UB-STIM-01,AgroSphere Bio-Zyme Gold,Bio-Organic Formulations,Liters,431.0,363.7,29.5,81.3,29.0,0.92,0.0
2026-10-13,GJ-SAURASHTRA-01,Rajkot,UB-STIM-01,AgroSphere Bio-Zyme Gold,Bio-Organic Formulations,Liters,425.4,363.7,27.9,94.8,28.4,0.95,0.0
2026-10-14,GJ-SAURASHTRA-01,Rajkot,UB-STIM-01,AgroSphere Bio-Zyme Gold,Bio-Organic Formulations,Liters,408.8,363.7,28.1,88.4,56.1,0.95,0.0
2026-10-01,GJ-SAURASHTRA-01,Rajkot,UB-BULK-01,AgroSphere Tech-Grade Amino 80%,Bulk Raw Material Manufacturing,Kg,537.1,469.6,26.3,82.9,61.2,0.95,0.0
2026-10-02,GJ-SAURASHTRA-01,Rajkot,UB-BULK-01,AgroSphere Tech-Grade Amino 80%,Bulk Raw Material Manufacturing,Kg,500.7,469.6,30.2,84.8,27.8,0.95,0.0
2026-10-03,GJ-SAURASHTRA-01,Rajkot,UB-BULK-01,AgroSphere Tech-Grade Amino 80%,Bulk Raw Material Manufacturing,Kg,430.1,469.6,30.4,89.4,52.9,0.95,0.0
2026-10-04,GJ-SAURASHTRA-01,Rajkot,UB-BULK-01,AgroSphere Tech-Grade Amino 80%,Bulk Raw Material Manufacturing,Kg,438.0,469.6,29.8,82.7,36.3,0.95,0.0
2026-10-05,GJ-SAURASHTRA-01,Rajkot,UB-BULK-01,AgroSphere Tech-Grade Amino 80%,Bulk Raw Material Manufacturing,Kg,466.0,469.6,30.7,85.1,56.1,0.95,0.0
2026-10-06,GJ-SAURASHTRA-01,Rajkot,UB-BULK-01,AgroSphere Tech-Grade Amino 80%,Bulk Raw Material Manufacturing,Kg,456.9,469.6,26.5,91.3,55.0,0.95,0.0
2026-10-07,GJ-SAURASHTRA-01,Rajkot,UB-BULK-01,AgroSphere Tech-Grade Amino 80%,Bulk Raw Material Manufacturing,Kg,412.2,469.6,30.5,84.8,58.1,0.95,0.0
2026-10-08,GJ-SAURASHTRA-01,Rajkot,UB-BULK-01,AgroSphere Tech-Grade Amino 80%,Bulk Raw Material Manufacturing,Kg,449.5,469.6,28.9,94.3,63.0,0.95,0.0
2026-10-09,GJ-SAURASHTRA-01,Rajkot,UB-BULK-01,AgroSphere Tech-Grade Amino 80%,Bulk Raw Material Manufacturing,Kg,452.0,469.6,29.4,84.9,36.7,0.95,0.0
2026-10-10,GJ-SAURASHTRA-01,Rajkot,UB-BULK-01,AgroSphere Tech-Grade Amino 80%,Bulk Raw Material Manufacturing,Kg,402.6,469.6,28.5,81.4,56.6,0.95,0.0
2026-10-11,GJ-SAURASHTRA-01,Rajkot,UB-BULK-01,AgroSphere Tech-Grade Amino 80%,Bulk Raw Material Manufacturing,Kg,444.6,469.6,27.8,93.3,42.7,0.95,0.0
2026-10-12,GJ-SAURASHTRA-01,Rajkot,UB-BULK-01,AgroSphere Tech-Grade Amino 80%,Bulk Raw Material Manufacturing,Kg,452.4,469.6,29.5,81.3,29.0,0.92,0.0
2026-10-13,GJ-SAURASHTRA-01,Rajkot,UB-BULK-01,AgroSphere Tech-Grade Amino 80%,Bulk Raw Material Manufacturing,Kg,434.2,469.6,27.9,94.8,28.4,0.95,0.0
2026-10-14,GJ-SAURASHTRA-01,Rajkot,UB-BULK-01,AgroSphere Tech-Grade Amino 80%,Bulk Raw Material Manufacturing,Kg,423.2,469.6,28.1,88.4,56.1,0.95,0.0
2026-10-01,GJ-SAURASHTRA-01,Rajkot,UB-URBN-01,AgroSphere Plant Revival Tonic,Urban Horticulture (Gardenica),Bottles (500ml),542.4,441.1,26.3,82.9,61.2,0.95,0.0
2026-10-02,GJ-SAURASHTRA-01,Rajkot,UB-URBN-01,AgroSphere Plant Revival Tonic,Urban Horticulture (Gardenica),Bottles (500ml),488.2,441.1,30.2,84.8,27.8,0.95,0.0
2026-10-03,GJ-SAURASHTRA-01,Rajkot,UB-URBN-01,AgroSphere Plant Revival Tonic,Urban Horticulture (Gardenica),Bottles (500ml),432.6,441.1,30.4,89.4,52.9,0.95,0.0
2026-10-04,GJ-SAURASHTRA-01,Rajkot,UB-URBN-01,AgroSphere Plant Revival Tonic,Urban Horticulture (Gardenica),Bottles (500ml),443.3,441.1,29.8,82.7,36.3,0.95,0.0
2026-10-05,GJ-SAURASHTRA-01,Rajkot,UB-URBN-01,AgroSphere Plant Revival Tonic,Urban Horticulture (Gardenica),Bottles (500ml),456.8,441.1,30.7,85.1,56.1,0.95,0.0
2026-10-06,GJ-SAURASHTRA-01,Rajkot,UB-URBN-01,AgroSphere Plant Revival Tonic,Urban Horticulture (Gardenica),Bottles (500ml),455.9,441.1,26.5,91.3,55.0,0.95,0.0
2026-10-07,GJ-SAURASHTRA-01,Rajkot,UB-URBN-01,AgroSphere Plant Revival Tonic,Urban Horticulture (Gardenica),Bottles (500ml),408.6,441.1,30.5,84.8,58.1,0.95,0.0
2026-10-08,GJ-SAURASHTRA-01,Rajkot,UB-URBN-01,AgroSphere Plant Revival Tonic,Urban Horticulture (Gardenica),Bottles (500ml),459.1,441.1,28.9,94.3,63.0,0.95,0.0
2026-10-09,GJ-SAURASHTRA-01,Rajkot,UB-URBN-01,AgroSphere Plant Revival Tonic,Urban Horticulture (Gardenica),Bottles (500ml),457.3,441.1,29.4,84.9,36.7,0.95,0.0
2026-10-10,GJ-SAURASHTRA-01,Rajkot,UB-URBN-01,AgroSphere Plant Revival Tonic,Urban Horticulture (Gardenica),Bottles (500ml),414.3,441.1,28.5,81.4,56.6,0.95,0.0
2026-10-11,GJ-SAURASHTRA-01,Rajkot,UB-URBN-01,AgroSphere Plant Revival Tonic,Urban Horticulture (Gardenica),Bottles (500ml),460.1,441.1,27.8,93.3,42.7,0.95,0.0
2026-10-12,GJ-SAURASHTRA-01,Rajkot,UB-URBN-01,AgroSphere Plant Revival Tonic,Urban Horticulture (Gardenica),Bottles (500ml),451.8,441.1,29.5,81.3,29.0,0.92,0.0
2026-10-13,GJ-SAURASHTRA-01,Rajkot,UB-URBN-01,AgroSphere Plant Revival Tonic,Urban Horticulture (Gardenica),Bottles (500ml),447.4,441.1,27.9,94.8,28.4,0.95,0.0
2026-10-14,GJ-SAURASHTRA-01,Rajkot,UB-URBN-01,AgroSphere Plant Revival Tonic,Urban Horticulture (Gardenica),Bottles (500ml),433.8,441.1,28.1,88.4,56.1,0.95,0.0
2026-10-01,GJ-SAURASHTRA-02,Junagadh,UB-BIO-01,AgroSphere Bio-Shield,Green Crop Protection,Liters,715.7,765.7,26.1,89.5,48.2,0.95,0.0
2026-10-02,GJ-SAURASHTRA-02,Junagadh,UB-BIO-01,AgroSphere Bio-Shield,Green Crop Protection,Liters,719.7,765.7,28.5,95.0,28.4,0.95,0.0
2026-10-03,GJ-SAURASHTRA-02,Junagadh,UB-BIO-01,AgroSphere Bio-Shield,Green Crop Protection,Liters,656.2,765.7,30.5,83.1,55.0,0.95,0.0
2026-10-04,GJ-SAURASHTRA-02,Junagadh,UB-BIO-01,AgroSphere Bio-Shield,Green Crop Protection,Liters,566.8,765.7,28.8,87.1,26.5,0.95,0.0
2026-10-05,GJ-SAURASHTRA-02,Junagadh,UB-BIO-01,AgroSphere Bio-Shield,Green Crop Protection,Liters,596.0,765.7,28.8,86.0,42.6,0.95,0.0
2026-10-06,GJ-SAURASHTRA-02,Junagadh,UB-BIO-01,AgroSphere Bio-Shield,Green Crop Protection,Liters,599.6,765.7,27.4,85.6,62.8,0.95,0.0
2026-10-07,GJ-SAURASHTRA-02,Junagadh,UB-BIO-01,AgroSphere Bio-Shield,Green Crop Protection,Liters,630.0,765.7,29.6,82.3,26.0,0.91,0.0
2026-10-08,GJ-SAURASHTRA-02,Junagadh,UB-BIO-01,AgroSphere Bio-Shield,Green Crop Protection,Liters,666.5,765.7,29.4,83.5,33.9,0.95,0.0
2026-10-09,GJ-SAURASHTRA-02,Junagadh,UB-BIO-01,AgroSphere Bio-Shield,Green Crop Protection,Liters,656.5,765.7,26.5,83.6,51.1,0.95,0.0
2026-10-10,GJ-SAURASHTRA-02,Junagadh,UB-BIO-01,AgroSphere Bio-Shield,Green Crop Protection,Liters,674.7,765.7,28.0,92.5,59.2,0.95,0.0
2026-10-11,GJ-SAURASHTRA-02,Junagadh,UB-BIO-01,AgroSphere Bio-Shield,Green Crop Protection,Liters,588.2,765.7,26.1,93.4,36.7,0.95,0.0
2026-10-12,GJ-SAURASHTRA-02,Junagadh,UB-BIO-01,AgroSphere Bio-Shield,Green Crop Protection,Liters,624.3,765.7,27.7,92.3,60.7,0.95,0.0
2026-10-13,GJ-SAURASHTRA-02,Junagadh,UB-BIO-01,AgroSphere Bio-Shield,Green Crop Protection,Liters,578.1,765.7,29.1,84.0,48.6,0.95,0.0
2026-10-14,GJ-SAURASHTRA-02,Junagadh,UB-BIO-01,AgroSphere Bio-Shield,Green Crop Protection,Liters,652.0,765.7,29.8,94.2,36.8,0.95,0.0
2026-10-01,GJ-SAURASHTRA-02,Junagadh,UB-BIO-02,AgroSphere Larvi-Kill,Green Crop Protection,Liters,783.0,638.6,26.1,89.5,48.2,0.95,0.0
2026-10-02,GJ-SAURASHTRA-02,Junagadh,UB-BIO-02,AgroSphere Larvi-Kill,Green Crop Protection,Liters,771.0,638.6,28.5,95.0,28.4,0.95,0.0
2026-10-03,GJ-SAURASHTRA-02,Junagadh,UB-BIO-02,AgroSphere Larvi-Kill,Green Crop Protection,Liters,658.6,638.6,30.5,83.1,55.0,0.95,0.0
2026-10-04,GJ-SAURASHTRA-02,Junagadh,UB-BIO-02,AgroSphere Larvi-Kill,Green Crop Protection,Liters,587.5,638.6,28.8,87.1,26.5,0.95,0.0
2026-10-05,GJ-SAURASHTRA-02,Junagadh,UB-BIO-02,AgroSphere Larvi-Kill,Green Crop Protection,Liters,636.0,638.6,28.8,86.0,42.6,0.95,0.0
2026-10-06,GJ-SAURASHTRA-02,Junagadh,UB-BIO-02,AgroSphere Larvi-Kill,Green Crop Protection,Liters,641.8,638.6,27.4,85.6,62.8,0.95,0.0
2026-10-07,GJ-SAURASHTRA-02,Junagadh,UB-BIO-02,AgroSphere Larvi-Kill,Green Crop Protection,Liters,691.4,638.6,29.6,82.3,26.0,0.91,0.0
2026-10-08,GJ-SAURASHTRA-02,Junagadh,UB-BIO-02,AgroSphere Larvi-Kill,Green Crop Protection,Liters,715.4,638.6,29.4,83.5,33.9,0.95,0.0
2026-10-09,GJ-SAURASHTRA-02,Junagadh,UB-BIO-02,AgroSphere Larvi-Kill,Green Crop Protection,Liters,675.9,638.6,26.5,83.6,51.1,0.95,0.0
2026-10-10,GJ-SAURASHTRA-02,Junagadh,UB-BIO-02,AgroSphere Larvi-Kill,Green Crop Protection,Liters,667.0,638.6,28.0,92.5,59.2,0.95,0.0
2026-10-11,GJ-SAURASHTRA-02,Junagadh,UB-BIO-02,AgroSphere Larvi-Kill,Green Crop Protection,Liters,604.5,638.6,26.1,93.4,36.7,0.95,0.0
2026-10-12,GJ-SAURASHTRA-02,Junagadh,UB-BIO-02,AgroSphere Larvi-Kill,Green Crop Protection,Liters,656.8,638.6,27.7,92.3,60.7,0.95,0.0
2026-10-13,GJ-SAURASHTRA-02,Junagadh,UB-BIO-02,AgroSphere Larvi-Kill,Green Crop Protection,Liters,627.6,638.6,29.1,84.0,48.6,0.95,0.0
2026-10-14,GJ-SAURASHTRA-02,Junagadh,UB-BIO-02,AgroSphere Larvi-Kill,Green Crop Protection,Liters,702.5,638.6,29.8,94.2,36.8,0.95,0.0
2026-10-01,GJ-SAURASHTRA-02,Junagadh,UB-NUTR-01,AgroSphere Aqua-Gel Polymer,Crop Nutrition & Water Management,Kg,774.4,722.1,26.1,89.5,48.2,0.95,0.0
2026-10-02,GJ-SAURASHTRA-02,Junagadh,UB-NUTR-01,AgroSphere Aqua-Gel Polymer,Crop Nutrition & Water Management,Kg,770.8,722.1,28.5,95.0,28.4,0.95,0.0
2026-10-03,GJ-SAURASHTRA-02,Junagadh,UB-NUTR-01,AgroSphere Aqua-Gel Polymer,Crop Nutrition & Water Management,Kg,694.6,722.1,30.5,83.1,55.0,0.95,0.0
2026-10-04,GJ-SAURASHTRA-02,Junagadh,UB-NUTR-01,AgroSphere Aqua-Gel Polymer,Crop Nutrition & Water Management,Kg,654.3,722.1,28.8,87.1,26.5,0.95,0.0
2026-10-05,GJ-SAURASHTRA-02,Junagadh,UB-NUTR-01,AgroSphere Aqua-Gel Polymer,Crop Nutrition & Water Management,Kg,691.0,722.1,28.8,86.0,42.6,0.95,0.0
2026-10-06,GJ-SAURASHTRA-02,Junagadh,UB-NUTR-01,AgroSphere Aqua-Gel Polymer,Crop Nutrition & Water Management,Kg,681.1,722.1,27.4,85.6,62.8,0.95,0.0
2026-10-07,GJ-SAURASHTRA-02,Junagadh,UB-NUTR-01,AgroSphere Aqua-Gel Polymer,Crop Nutrition & Water Management,Kg,611.6,722.1,29.6,82.3,26.0,0.91,0.0
2026-10-08,GJ-SAURASHTRA-02,Junagadh,UB-NUTR-01,AgroSphere Aqua-Gel Polymer,Crop Nutrition & Water Management,Kg,670.1,722.1,29.4,83.5,33.9,0.95,0.0
2026-10-09,GJ-SAURASHTRA-02,Junagadh,UB-NUTR-01,AgroSphere Aqua-Gel Polymer,Crop Nutrition & Water Management,Kg,647.4,722.1,26.5,83.6,51.1,0.95,0.0
2026-10-10,GJ-SAURASHTRA-02,Junagadh,UB-NUTR-01,AgroSphere Aqua-Gel Polymer,Crop Nutrition & Water Management,Kg,629.8,722.1,28.0,92.5,59.2,0.95,0.0
2026-10-11,GJ-SAURASHTRA-02,Junagadh,UB-NUTR-01,AgroSphere Aqua-Gel Polymer,Crop Nutrition & Water Management,Kg,571.4,722.1,26.1,93.4,36.7,0.95,0.0
2026-10-12,GJ-SAURASHTRA-02,Junagadh,UB-NUTR-01,AgroSphere Aqua-Gel Polymer,Crop Nutrition & Water Management,Kg,653.7,722.1,27.7,92.3,60.7,0.95,0.0
2026-10-13,GJ-SAURASHTRA-02,Junagadh,UB-NUTR-01,AgroSphere Aqua-Gel Polymer,Crop Nutrition & Water Management,Kg,616.6,722.1,29.1,84.0,48.6,0.95,0.0
2026-10-14,GJ-SAURASHTRA-02,Junagadh,UB-NUTR-01,AgroSphere Aqua-Gel Polymer,Crop Nutrition & Water Management,Kg,649.9,722.1,29.8,94.2,36.8,0.95,0.0
2026-10-01,GJ-SAURASHTRA-02,Junagadh,UB-NUTR-02,AgroSphere Solu-NPK 19:19:19,Crop Nutrition & Water Management,Kg,593.9,520.4,26.1,89.5,48.2,0.95,0.0
2026-10-02,GJ-SAURASHTRA-02,Junagadh,UB-NUTR-02,AgroSphere Solu-NPK 19:19:19,Crop Nutrition & Water Management,Kg,508.9,520.4,28.5,95.0,28.4,0.95,0.0
2026-10-03,GJ-SAURASHTRA-02,Junagadh,UB-NUTR-02,AgroSphere Solu-NPK 19:19:19,Crop Nutrition & Water Management,Kg,431.0,520.4,30.5,83.1,55.0,0.95,0.0
2026-10-04,GJ-SAURASHTRA-02,Junagadh,UB-NUTR-02,AgroSphere Solu-NPK 19:19:19,Crop Nutrition & Water Management,Kg,441.9,520.4,28.8,87.1,26.5,0.95,0.0
2026-10-05,GJ-SAURASHTRA-02,Junagadh,UB-NUTR-02,AgroSphere Solu-NPK 19:19:19,Crop Nutrition & Water Management,Kg,444.5,520.4,28.8,86.0,42.6,0.95,0.0
2026-10-06,GJ-SAURASHTRA-02,Junagadh,UB-NUTR-02,AgroSphere Solu-NPK 19:19:19,Crop Nutrition & Water Management,Kg,464.4,520.4,27.4,85.6,62.8,0.95,0.0
2026-10-07,GJ-SAURASHTRA-02,Junagadh,UB-NUTR-02,AgroSphere Solu-NPK 19:19:19,Crop Nutrition & Water Management,Kg,418.7,520.4,29.6,82.3,26.0,0.91,0.0
2026-10-08,GJ-SAURASHTRA-02,Junagadh,UB-NUTR-02,AgroSphere Solu-NPK 19:19:19,Crop Nutrition & Water Management,Kg,463.5,520.4,29.4,83.5,33.9,0.95,0.0
2026-10-09,GJ-SAURASHTRA-02,Junagadh,UB-NUTR-02,AgroSphere Solu-NPK 19:19:19,Crop Nutrition & Water Management,Kg,472.1,520.4,26.5,83.6,51.1,0.95,0.0
2026-10-10,GJ-SAURASHTRA-02,Junagadh,UB-NUTR-02,AgroSphere Solu-NPK 19:19:19,Crop Nutrition & Water Management,Kg,428.6,520.4,28.0,92.5,59.2,0.95,0.0
2026-10-11,GJ-SAURASHTRA-02,Junagadh,UB-NUTR-02,AgroSphere Solu-NPK 19:19:19,Crop Nutrition & Water Management,Kg,403.3,520.4,26.1,93.4,36.7,0.95,0.0
2026-10-12,GJ-SAURASHTRA-02,Junagadh,UB-NUTR-02,AgroSphere Solu-NPK 19:19:19,Crop Nutrition & Water Management,Kg,450.4,520.4,27.7,92.3,60.7,0.95,0.0
2026-10-13,GJ-SAURASHTRA-02,Junagadh,UB-NUTR-02,AgroSphere Solu-NPK 19:19:19,Crop Nutrition & Water Management,Kg,430.2,520.4,29.1,84.0,48.6,0.95,0.0
2026-10-14,GJ-SAURASHTRA-02,Junagadh,UB-NUTR-02,AgroSphere Solu-NPK 19:19:19,Crop Nutrition & Water Management,Kg,418.1,520.4,29.8,94.2,36.8,0.95,0.0
2026-10-01,GJ-SAURASHTRA-02,Junagadh,UB-STIM-01,AgroSphere Bio-Zyme Gold,Bio-Organic Formulations,Liters,548.2,437.3,26.1,89.5,48.2,0.95,0.0
2026-10-02,GJ-SAURASHTRA-02,Junagadh,UB-STIM-01,AgroSphere Bio-Zyme Gold,Bio-Organic Formulations,Liters,510.4,437.3,28.5,95.0,28.4,0.95,0.0
2026-10-03,GJ-SAURASHTRA-02,Junagadh,UB-STIM-01,AgroSphere Bio-Zyme Gold,Bio-Organic Formulations,Liters,437.6,437.3,30.5,83.1,55.0,0.95,0.0
2026-10-04,GJ-SAURASHTRA-02,Junagadh,UB-STIM-01,AgroSphere Bio-Zyme Gold,Bio-Organic Formulations,Liters,461.2,437.3,28.8,87.1,26.5,0.95,0.0
2026-10-05,GJ-SAURASHTRA-02,Junagadh,UB-STIM-01,AgroSphere Bio-Zyme Gold,Bio-Organic Formulations,Liters,439.9,437.3,28.8,86.0,42.6,0.95,0.0
2026-10-06,GJ-SAURASHTRA-02,Junagadh,UB-STIM-01,AgroSphere Bio-Zyme Gold,Bio-Organic Formulations,Liters,460.7,437.3,27.4,85.6,62.8,0.95,0.0
2026-10-07,GJ-SAURASHTRA-02,Junagadh,UB-STIM-01,AgroSphere Bio-Zyme Gold,Bio-Organic Formulations,Liters,429.5,437.3,29.6,82.3,26.0,0.91,0.0
2026-10-08,GJ-SAURASHTRA-02,Junagadh,UB-STIM-01,AgroSphere Bio-Zyme Gold,Bio-Organic Formulations,Liters,459.2,437.3,29.4,83.5,33.9,0.95,0.0
2026-10-09,GJ-SAURASHTRA-02,Junagadh,UB-STIM-01,AgroSphere Bio-Zyme Gold,Bio-Organic Formulations,Liters,469.2,437.3,26.5,83.6,51.1,0.95,0.0
2026-10-10,GJ-SAURASHTRA-02,Junagadh,UB-STIM-01,AgroSphere Bio-Zyme Gold,Bio-Organic Formulations,Liters,443.2,437.3,28.0,92.5,59.2,0.95,0.0
2026-10-11,GJ-SAURASHTRA-02,Junagadh,UB-STIM-01,AgroSphere Bio-Zyme Gold,Bio-Organic Formulations,Liters,416.8,437.3,26.1,93.4,36.7,0.95,0.0
2026-10-12,GJ-SAURASHTRA-02,Junagadh,UB-STIM-01,AgroSphere Bio-Zyme Gold,Bio-Organic Formulations,Liters,453.6,437.3,27.7,92.3,60.7,0.95,0.0
2026-10-13,GJ-SAURASHTRA-02,Junagadh,UB-STIM-01,AgroSphere Bio-Zyme Gold,Bio-Organic Formulations,Liters,428.3,437.3,29.1,84.0,48.6,0.95,0.0
2026-10-14,GJ-SAURASHTRA-02,Junagadh,UB-STIM-01,AgroSphere Bio-Zyme Gold,Bio-Organic Formulations,Liters,441.3,437.3,29.8,94.2,36.8,0.95,0.0
2026-10-01,GJ-SAURASHTRA-02,Junagadh,UB-BULK-01,AgroSphere Tech-Grade Amino 80%,Bulk Raw Material Manufacturing,Kg,505.2,409.1,26.1,89.5,48.2,0.95,0.0
2026-10-02,GJ-SAURASHTRA-02,Junagadh,UB-BULK-01,AgroSphere Tech-Grade Amino 80%,Bulk Raw Material Manufacturing,Kg,492.8,409.1,28.5,95.0,28.4,0.95,0.0
2026-10-03,GJ-SAURASHTRA-02,Junagadh,UB-BULK-01,AgroSphere Tech-Grade Amino 80%,Bulk Raw Material Manufacturing,Kg,432.4,409.1,30.5,83.1,55.0,0.95,0.0
2026-10-04,GJ-SAURASHTRA-02,Junagadh,UB-BULK-01,AgroSphere Tech-Grade Amino 80%,Bulk Raw Material Manufacturing,Kg,452.8,409.1,28.8,87.1,26.5,0.95,0.0
2026-10-05,GJ-SAURASHTRA-02,Junagadh,UB-BULK-01,AgroSphere Tech-Grade Amino 80%,Bulk Raw Material Manufacturing,Kg,436.3,409.1,28.8,86.0,42.6,0.95,0.0
2026-10-06,GJ-SAURASHTRA-02,Junagadh,UB-BULK-01,AgroSphere Tech-Grade Amino 80%,Bulk Raw Material Manufacturing,Kg,453.3,409.1,27.4,85.6,62.8,0.95,0.0
2026-10-07,GJ-SAURASHTRA-02,Junagadh,UB-BULK-01,AgroSphere Tech-Grade Amino 80%,Bulk Raw Material Manufacturing,Kg,426.5,409.1,29.6,82.3,26.0,0.91,0.0
2026-10-08,GJ-SAURASHTRA-02,Junagadh,UB-BULK-01,AgroSphere Tech-Grade Amino 80%,Bulk Raw Material Manufacturing,Kg,442.2,409.1,29.4,83.5,33.9,0.95,0.0
2026-10-09,GJ-SAURASHTRA-02,Junagadh,UB-BULK-01,AgroSphere Tech-Grade Amino 80%,Bulk Raw Material Manufacturing,Kg,453.1,409.1,26.5,83.6,51.1,0.95,0.0
2026-10-10,GJ-SAURASHTRA-02,Junagadh,UB-BULK-01,AgroSphere Tech-Grade Amino 80%,Bulk Raw Material Manufacturing,Kg,422.1,409.1,28.0,92.5,59.2,0.95,0.0
2026-10-11,GJ-SAURASHTRA-02,Junagadh,UB-BULK-01,AgroSphere Tech-Grade Amino 80%,Bulk Raw Material Manufacturing,Kg,387.0,409.1,26.1,93.4,36.7,0.95,0.0
2026-10-12,GJ-SAURASHTRA-02,Junagadh,UB-BULK-01,AgroSphere Tech-Grade Amino 80%,Bulk Raw Material Manufacturing,Kg,436.6,409.1,27.7,92.3,60.7,0.95,0.0
2026-10-13,GJ-SAURASHTRA-02,Junagadh,UB-BULK-01,AgroSphere Tech-Grade Amino 80%,Bulk Raw Material Manufacturing,Kg,412.8,409.1,29.1,84.0,48.6,0.95,0.0
2026-10-14,GJ-SAURASHTRA-02,Junagadh,UB-BULK-01,AgroSphere Tech-Grade Amino 80%,Bulk Raw Material Manufacturing,Kg,421.1,409.1,29.8,94.2,36.8,0.95,0.0
2026-10-01,GJ-SAURASHTRA-02,Junagadh,UB-URBN-01,AgroSphere Plant Revival Tonic,Urban Horticulture (Gardenica),Bottles (500ml),518.3,468.1,26.1,89.5,48.2,0.95,0.0
2026-10-02,GJ-SAURASHTRA-02,Junagadh,UB-URBN-01,AgroSphere Plant Revival Tonic,Urban Horticulture (Gardenica),Bottles (500ml),498.7,468.1,28.5,95.0,28.4,0.95,0.0
2026-10-03,GJ-SAURASHTRA-02,Junagadh,UB-URBN-01,AgroSphere Plant Revival Tonic,Urban Horticulture (Gardenica),Bottles (500ml),435.4,468.1,30.5,83.1,55.0,0.95,0.0
2026-10-04,GJ-SAURASHTRA-02,Junagadh,UB-URBN-01,AgroSphere Plant Revival Tonic,Urban Horticulture (Gardenica),Bottles (500ml),458.5,468.1,28.8,87.1,26.5,0.95,0.0
2026-10-05,GJ-SAURASHTRA-02,Junagadh,UB-URBN-01,AgroSphere Plant Revival Tonic,Urban Horticulture (Gardenica),Bottles (500ml),436.0,468.1,28.8,86.0,42.6,0.95,0.0
2026-10-06,GJ-SAURASHTRA-02,Junagadh,UB-URBN-01,AgroSphere Plant Revival Tonic,Urban Horticulture (Gardenica),Bottles (500ml),457.7,468.1,27.4,85.6,62.8,0.95,0.0
2026-10-07,GJ-SAURASHTRA-02,Junagadh,UB-URBN-01,AgroSphere Plant Revival Tonic,Urban Horticulture (Gardenica),Bottles (500ml),438.3,468.1,29.6,82.3,26.0,0.91,0.0
2026-10-08,GJ-SAURASHTRA-02,Junagadh,UB-URBN-01,AgroSphere Plant Revival Tonic,Urban Horticulture (Gardenica),Bottles (500ml),457.3,468.1,29.4,83.5,33.9,0.95,0.0
2026-10-09,GJ-SAURASHTRA-02,Junagadh,UB-URBN-01,AgroSphere Plant Revival Tonic,Urban Horticulture (Gardenica),Bottles (500ml),468.1,468.1,26.5,83.6,51.1,0.95,0.0
2026-10-10,GJ-SAURASHTRA-02,Junagadh,UB-URBN-01,AgroSphere Plant Revival Tonic,Urban Horticulture (Gardenica),Bottles (500ml),437.2,468.1,28.0,92.5,59.2,0.95,0.0
2026-10-11,GJ-SAURASHTRA-02,Junagadh,UB-URBN-01,AgroSphere Plant Revival Tonic,Urban Horticulture (Gardenica),Bottles (500ml),415.8,468.1,26.1,93.4,36.7,0.95,0.0
2026-10-12,GJ-SAURASHTRA-02,Junagadh,UB-URBN-01,AgroSphere Plant Revival Tonic,Urban Horticulture (Gardenica),Bottles (500ml),445.6,468.1,27.7,92.3,60.7,0.95,0.0
2026-10-13,GJ-SAURASHTRA-02,Junagadh,UB-URBN-01,AgroSphere Plant Revival Tonic,Urban Horticulture (Gardenica),Bottles (500ml),419.7,468.1,29.1,84.0,48.6,0.95,0.0
2026-10-14,GJ-SAURASHTRA-02,Junagadh,UB-URBN-01,AgroSphere Plant Revival Tonic,Urban Horticulture (Gardenica),Bottles (500ml),423.1,468.1,29.8,94.2,36.8,0.95,0.0
2026-10-01,GJ-CENTRAL-01,Vadodara,UB-BIO-01,AgroSphere Bio-Shield,Green Crop Protection,Liters,656.6,461.4,36.8,49.4,0.8,0.1,0.94
2026-10-02,GJ-CENTRAL-01,Vadodara,UB-BIO-01,AgroSphere Bio-Shield,Green Crop Protection,Liters,507.3,461.4,38.3,45.6,0.0,0.1,1.0
2026-10-03,GJ-CENTRAL-01,Vadodara,UB-BIO-01,AgroSphere Bio-Shield,Green Crop Protection,Liters,452.3,461.4,33.8,68.8,2.1,0.1,0.51
2026-10-04,GJ-CENTRAL-01,Vadodara,UB-BIO-01,AgroSphere Bio-Shield,Green Crop Protection,Liters,548.3,461.4,31.1,40.2,0.0,0.1,0.67
2026-10-05,GJ-CENTRAL-01,Vadodara,UB-BIO-01,AgroSphere Bio-Shield,Green Crop Protection,Liters,513.6,461.4,34.7,44.2,0.0,0.1,0.87
2026-10-06,GJ-CENTRAL-01,Vadodara,UB-BIO-01,AgroSphere Bio-Shield,Green Crop Protection,Liters,554.5,461.4,30.7,54.3,0.0,0.1,0.5
2026-10-07,GJ-CENTRAL-01,Vadodara,UB-BIO-01,AgroSphere Bio-Shield,Green Crop Protection,Liters,433.3,461.4,41.6,47.7,0.0,0.1,1.0
2026-10-08,GJ-CENTRAL-01,Vadodara,UB-BIO-01,AgroSphere Bio-Shield,Green Crop Protection,Liters,519.2,461.4,34.7,68.7,0.0,0.1,0.63
2026-10-09,GJ-CENTRAL-01,Vadodara,UB-BIO-01,AgroSphere Bio-Shield,Green Crop Protection,Liters,454.8,461.4,33.5,48.5,0.0,0.1,0.75
2026-10-10,GJ-CENTRAL-01,Vadodara,UB-BIO-01,AgroSphere Bio-Shield,Green Crop Protection,Liters,457.5,461.4,28.9,55.4,0.0,0.1,0.37
2026-10-11,GJ-CENTRAL-01,Vadodara,UB-BIO-01,AgroSphere Bio-Shield,Green Crop Protection,Liters,458.4,461.4,26.3,44.9,0.0,0.1,0.3
2026-10-12,GJ-CENTRAL-01,Vadodara,UB-BIO-01,AgroSphere Bio-Shield,Green Crop Protection,Liters,468.1,461.4,35.6,52.8,0.0,0.1,0.85
2026-10-13,GJ-CENTRAL-01,Vadodara,UB-BIO-01,AgroSphere Bio-Shield,Green Crop Protection,Liters,466.8,461.4,39.3,42.2,0.0,0.1,1.0
2026-10-14,GJ-CENTRAL-01,Vadodara,UB-BIO-01,AgroSphere Bio-Shield,Green Crop Protection,Liters,434.1,461.4,27.1,33.3,0.0,0.1,0.47
2026-10-01,GJ-CENTRAL-01,Vadodara,UB-BIO-02,AgroSphere Larvi-Kill,Green Crop Protection,Liters,621.3,408.3,36.8,49.4,0.8,0.1,0.94
2026-10-02,GJ-CENTRAL-01,Vadodara,UB-BIO-02,AgroSphere Larvi-Kill,Green Crop Protection,Liters,452.6,408.3,38.3,45.6,0.0,0.1,1.0
2026-10-03,GJ-CENTRAL-01,Vadodara,UB-BIO-02,AgroSphere Larvi-Kill,Green Crop Protection,Liters,438.8,408.3,33.8,68.8,2.1,0.1,0.51
2026-10-04,GJ-CENTRAL-01,Vadodara,UB-BIO-02,AgroSphere Larvi-Kill,Green Crop Protection,Liters,526.5,408.3,31.1,40.2,0.0,0.1,0.67
2026-10-05,GJ-CENTRAL-01,Vadodara,UB-BIO-02,AgroSphere Larvi-Kill,Green Crop Protection,Liters,488.6,408.3,34.7,44.2,0.0,0.1,0.87
2026-10-06,GJ-CENTRAL-01,Vadodara,UB-BIO-02,AgroSphere Larvi-Kill,Green Crop Protection,Liters,506.1,408.3,30.7,54.3,0.0,0.1,0.5
2026-10-07,GJ-CENTRAL-01,Vadodara,UB-BIO-02,AgroSphere Larvi-Kill,Green Crop Protection,Liters,383.9,408.3,41.6,47.7,0.0,0.1,1.0
2026-10-08,GJ-CENTRAL-01,Vadodara,UB-BIO-02,AgroSphere Larvi-Kill,Green Crop Protection,Liters,494.1,408.3,34.7,68.7,0.0,0.1,0.63
2026-10-09,GJ-CENTRAL-01,Vadodara,UB-BIO-02,AgroSphere Larvi-Kill,Green Crop Protection,Liters,439.0,408.3,33.5,48.5,0.0,0.1,0.75
2026-10-10,GJ-CENTRAL-01,Vadodara,UB-BIO-02,AgroSphere Larvi-Kill,Green Crop Protection,Liters,418.3,408.3,28.9,55.4,0.0,0.1,0.37
2026-10-11,GJ-CENTRAL-01,Vadodara,UB-BIO-02,AgroSphere Larvi-Kill,Green Crop Protection,Liters,424.1,408.3,26.3,44.9,0.0,0.1,0.3
2026-10-12,GJ-CENTRAL-01,Vadodara,UB-BIO-02,AgroSphere Larvi-Kill,Green Crop Protection,Liters,447.3,408.3,35.6,52.8,0.0,0.1,0.85
2026-10-13,GJ-CENTRAL-01,Vadodara,UB-BIO-02,AgroSphere Larvi-Kill,Green Crop Protection,Liters,429.5,408.3,39.3,42.2,0.0,0.1,1.0
2026-10-14,GJ-CENTRAL-01,Vadodara,UB-BIO-02,AgroSphere Larvi-Kill,Green Crop Protection,Liters,383.3,408.3,27.1,33.3,0.0,0.1,0.47
2026-10-01,GJ-CENTRAL-01,Vadodara,UB-NUTR-01,AgroSphere Aqua-Gel Polymer,Crop Nutrition & Water Management,Kg,760.2,514.7,36.8,49.4,0.8,0.1,0.94
2026-10-02,GJ-CENTRAL-01,Vadodara,UB-NUTR-01,AgroSphere Aqua-Gel Polymer,Crop Nutrition & Water Management,Kg,583.1,514.7,38.3,45.6,0.0,0.1,1.0
2026-10-03,GJ-CENTRAL-01,Vadodara,UB-NUTR-01,AgroSphere Aqua-Gel Polymer,Crop Nutrition & Water Management,Kg,527.2,514.7,33.8,68.8,2.1,0.1,0.51
2026-10-04,GJ-CENTRAL-01,Vadodara,UB-NUTR-01,AgroSphere Aqua-Gel Polymer,Crop Nutrition & Water Management,Kg,631.9,514.7,31.1,40.2,0.0,0.1,0.67
2026-10-05,GJ-CENTRAL-01,Vadodara,UB-NUTR-01,AgroSphere Aqua-Gel Polymer,Crop Nutrition & Water Management,Kg,593.5,514.7,34.7,44.2,0.0,0.1,0.87
2026-10-06,GJ-CENTRAL-01,Vadodara,UB-NUTR-01,AgroSphere Aqua-Gel Polymer,Crop Nutrition & Water Management,Kg,634.7,514.7,30.7,54.3,0.0,0.1,0.5
2026-10-07,GJ-CENTRAL-01,Vadodara,UB-NUTR-01,AgroSphere Aqua-Gel Polymer,Crop Nutrition & Water Management,Kg,514.8,514.7,41.6,47.7,0.0,0.1,1.0
2026-10-08,GJ-CENTRAL-01,Vadodara,UB-NUTR-01,AgroSphere Aqua-Gel Polymer,Crop Nutrition & Water Management,Kg,558.7,514.7,34.7,68.7,0.0,0.1,0.63
2026-10-09,GJ-CENTRAL-01,Vadodara,UB-NUTR-01,AgroSphere Aqua-Gel Polymer,Crop Nutrition & Water Management,Kg,540.7,514.7,33.5,48.5,0.0,0.1,0.75
2026-10-10,GJ-CENTRAL-01,Vadodara,UB-NUTR-01,AgroSphere Aqua-Gel Polymer,Crop Nutrition & Water Management,Kg,545.3,514.7,28.9,55.4,0.0,0.1,0.37
2026-10-11,GJ-CENTRAL-01,Vadodara,UB-NUTR-01,AgroSphere Aqua-Gel Polymer,Crop Nutrition & Water Management,Kg,546.5,514.7,26.3,44.9,0.0,0.1,0.3
2026-10-12,GJ-CENTRAL-01,Vadodara,UB-NUTR-01,AgroSphere Aqua-Gel Polymer,Crop Nutrition & Water Management,Kg,533.0,514.7,35.6,52.8,0.0,0.1,0.85
2026-10-13,GJ-CENTRAL-01,Vadodara,UB-NUTR-01,AgroSphere Aqua-Gel Polymer,Crop Nutrition & Water Management,Kg,526.6,514.7,39.3,42.2,0.0,0.1,1.0
2026-10-14,GJ-CENTRAL-01,Vadodara,UB-NUTR-01,AgroSphere Aqua-Gel Polymer,Crop Nutrition & Water Management,Kg,498.8,514.7,27.1,33.3,0.0,0.1,0.47
2026-10-01,GJ-CENTRAL-01,Vadodara,UB-NUTR-02,AgroSphere Solu-NPK 19:19:19,Crop Nutrition & Water Management,Kg,591.3,356.3,36.8,49.4,0.8,0.1,0.94
2026-10-02,GJ-CENTRAL-01,Vadodara,UB-NUTR-02,AgroSphere Solu-NPK 19:19:19,Crop Nutrition & Water Management,Kg,404.3,356.3,38.3,45.6,0.0,0.1,1.0
2026-10-03,GJ-CENTRAL-01,Vadodara,UB-NUTR-02,AgroSphere Solu-NPK 19:19:19,Crop Nutrition & Water Management,Kg,421.6,356.3,33.8,68.8,2.1,0.1,0.51
2026-10-04,GJ-CENTRAL-01,Vadodara,UB-NUTR-02,AgroSphere Solu-NPK 19:19:19,Crop Nutrition & Water Management,Kg,494.3,356.3,31.1,40.2,0.0,0.1,0.67
2026-10-05,GJ-CENTRAL-01,Vadodara,UB-NUTR-02,AgroSphere Solu-NPK 19:19:19,Crop Nutrition & Water Management,Kg,527.1,356.3,34.7,44.2,0.0,0.1,0.87
2026-10-06,GJ-CENTRAL-01,Vadodara,UB-NUTR-02,AgroSphere Solu-NPK 19:19:19,Crop Nutrition & Water Management,Kg,517.2,356.3,30.7,54.3,0.0,0.1,0.5
2026-10-07,GJ-CENTRAL-01,Vadodara,UB-NUTR-02,AgroSphere Solu-NPK 19:19:19,Crop Nutrition & Water Management,Kg,359.1,356.3,41.6,47.7,0.0,0.1,1.0
2026-10-08,GJ-CENTRAL-01,Vadodara,UB-NUTR-02,AgroSphere Solu-NPK 19:19:19,Crop Nutrition & Water Management,Kg,470.7,356.3,34.7,68.7,0.0,0.1,0.63
2026-10-09,GJ-CENTRAL-01,Vadodara,UB-NUTR-02,AgroSphere Solu-NPK 19:19:19,Crop Nutrition & Water Management,Kg,423.5,356.3,33.5,48.5,0.0,0.1,0.75
2026-10-10,GJ-CENTRAL-01,Vadodara,UB-NUTR-02,AgroSphere Solu-NPK 19:19:19,Crop Nutrition & Water Management,Kg,375.5,356.3,28.9,55.4,0.0,0.1,0.37
2026-10-11,GJ-CENTRAL-01,Vadodara,UB-NUTR-02,AgroSphere Solu-NPK 19:19:19,Crop Nutrition & Water Management,Kg,421.9,356.3,26.3,44.9,0.0,0.1,0.3
2026-10-12,GJ-CENTRAL-01,Vadodara,UB-NUTR-02,AgroSphere Solu-NPK 19:19:19,Crop Nutrition & Water Management,Kg,423.5,356.3,35.6,52.8,0.0,0.1,0.85
2026-10-13,GJ-CENTRAL-01,Vadodara,UB-NUTR-02,AgroSphere Solu-NPK 19:19:19,Crop Nutrition & Water Management,Kg,390.1,356.3,39.3,42.2,0.0,0.1,1.0
2026-10-14,GJ-CENTRAL-01,Vadodara,UB-NUTR-02,AgroSphere Solu-NPK 19:19:19,Crop Nutrition & Water Management,Kg,380.1,356.3,27.1,33.3,0.0,0.1,0.47
2026-10-01,GJ-CENTRAL-01,Vadodara,UB-STIM-01,AgroSphere Bio-Zyme Gold,Bio-Organic Formulations,Liters,577.9,307.1,36.8,49.4,0.8,0.1,0.94
2026-10-02,GJ-CENTRAL-01,Vadodara,UB-STIM-01,AgroSphere Bio-Zyme Gold,Bio-Organic Formulations,Liters,394.5,307.1,38.3,45.6,0.0,0.1,1.0
2026-10-03,GJ-CENTRAL-01,Vadodara,UB-STIM-01,AgroSphere Bio-Zyme Gold,Bio-Organic Formulations,Liters,408.1,307.1,33.8,68.8,2.1,0.1,0.51
2026-10-04,GJ-CENTRAL-01,Vadodara,UB-STIM-01,AgroSphere Bio-Zyme Gold,Bio-Organic Formulations,Liters,480.4,307.1,31.1,40.2,0.0,0.1,0.67
2026-10-05,GJ-CENTRAL-01,Vadodara,UB-STIM-01,AgroSphere Bio-Zyme Gold,Bio-Organic Formulations,Liters,516.1,307.1,34.7,44.2,0.0,0.1,0.87
2026-10-06,GJ-CENTRAL-01,Vadodara,UB-STIM-01,AgroSphere Bio-Zyme Gold,Bio-Organic Formulations,Liters,481.9,307.1,30.7,54.3,0.0,0.1,0.5
2026-10-07,GJ-CENTRAL-01,Vadodara,UB-STIM-01,AgroSphere Bio-Zyme Gold,Bio-Organic Formulations,Liters,350.5,307.1,41.6,47.7,0.0,0.1,1.0
2026-10-08,GJ-CENTRAL-01,Vadodara,UB-STIM-01,AgroSphere Bio-Zyme Gold,Bio-Organic Formulations,Liters,424.0,307.1,34.7,68.7,0.0,0.1,0.63
2026-10-09,GJ-CENTRAL-01,Vadodara,UB-STIM-01,AgroSphere Bio-Zyme Gold,Bio-Organic Formulations,Liters,422.9,307.1,33.5,48.5,0.0,0.1,0.75
2026-10-10,GJ-CENTRAL-01,Vadodara,UB-STIM-01,AgroSphere Bio-Zyme Gold,Bio-Organic Formulations,Liters,380.0,307.1,28.9,55.4,0.0,0.1,0.37
2026-10-11,GJ-CENTRAL-01,Vadodara,UB-STIM-01,AgroSphere Bio-Zyme Gold,Bio-Organic Formulations,Liters,413.4,307.1,26.3,44.9,0.0,0.1,0.3
2026-10-12,GJ-CENTRAL-01,Vadodara,UB-STIM-01,AgroSphere Bio-Zyme Gold,Bio-Organic Formulations,Liters,403.5,307.1,35.6,52.8,0.0,0.1,0.85
2026-10-13,GJ-CENTRAL-01,Vadodara,UB-STIM-01,AgroSphere Bio-Zyme Gold,Bio-Organic Formulations,Liters,369.8,307.1,39.3,42.2,0.0,0.1,1.0
2026-10-14,GJ-CENTRAL-01,Vadodara,UB-STIM-01,AgroSphere Bio-Zyme Gold,Bio-Organic Formulations,Liters,346.8,307.1,27.1,33.3,0.0,0.1,0.47
2026-10-01,GJ-CENTRAL-01,Vadodara,UB-BULK-01,AgroSphere Tech-Grade Amino 80%,Bulk Raw Material Manufacturing,Kg,611.4,364.9,36.8,49.4,0.8,0.1,0.94
2026-10-02,GJ-CENTRAL-01,Vadodara,UB-BULK-01,AgroSphere Tech-Grade Amino 80%,Bulk Raw Material Manufacturing,Kg,421.6,364.9,38.3,45.6,0.0,0.1,1.0
2026-10-03,GJ-CENTRAL-01,Vadodara,UB-BULK-01,AgroSphere Tech-Grade Amino 80%,Bulk Raw Material Manufacturing,Kg,427.6,364.9,33.8,68.8,2.1,0.1,0.51
2026-10-04,GJ-CENTRAL-01,Vadodara,UB-BULK-01,AgroSphere Tech-Grade Amino 80%,Bulk Raw Material Manufacturing,Kg,494.0,364.9,31.1,40.2,0.0,0.1,0.67
2026-10-05,GJ-CENTRAL-01,Vadodara,UB-BULK-01,AgroSphere Tech-Grade Amino 80%,Bulk Raw Material Manufacturing,Kg,525.1,364.9,34.7,44.2,0.0,0.1,0.87
2026-10-06,GJ-CENTRAL-01,Vadodara,UB-BULK-01,AgroSphere Tech-Grade Amino 80%,Bulk Raw Material Manufacturing,Kg,521.4,364.9,30.7,54.3,0.0,0.1,0.5
2026-10-07,GJ-CENTRAL-01,Vadodara,UB-BULK-01,AgroSphere Tech-Grade Amino 80%,Bulk Raw Material Manufacturing,Kg,369.5,364.9,41.6,47.7,0.0,0.1,1.0
2026-10-08,GJ-CENTRAL-01,Vadodara,UB-BULK-01,AgroSphere Tech-Grade Amino 80%,Bulk Raw Material Manufacturing,Kg,483.4,364.9,34.7,68.7,0.0,0.1,0.63
2026-10-09,GJ-CENTRAL-01,Vadodara,UB-BULK-01,AgroSphere Tech-Grade Amino 80%,Bulk Raw Material Manufacturing,Kg,434.6,364.9,33.5,48.5,0.0,0.1,0.75
2026-10-10,GJ-CENTRAL-01,Vadodara,UB-BULK-01,AgroSphere Tech-Grade Amino 80%,Bulk Raw Material Manufacturing,Kg,392.1,364.9,28.9,55.4,0.0,0.1,0.37
2026-10-11,GJ-CENTRAL-01,Vadodara,UB-BULK-01,AgroSphere Tech-Grade Amino 80%,Bulk Raw Material Manufacturing,Kg,415.6,364.9,26.3,44.9,0.0,0.1,0.3
2026-10-12,GJ-CENTRAL-01,Vadodara,UB-BULK-01,AgroSphere Tech-Grade Amino 80%,Bulk Raw Material Manufacturing,Kg,426.8,364.9,35.6,52.8,0.0,0.1,0.85
2026-10-13,GJ-CENTRAL-01,Vadodara,UB-BULK-01,AgroSphere Tech-Grade Amino 80%,Bulk Raw Material Manufacturing,Kg,391.2,364.9,39.3,42.2,0.0,0.1,1.0
2026-10-14,GJ-CENTRAL-01,Vadodara,UB-BULK-01,AgroSphere Tech-Grade Amino 80%,Bulk Raw Material Manufacturing,Kg,377.5,364.9,27.1,33.3,0.0,0.1,0.47
2026-10-01,GJ-CENTRAL-01,Vadodara,UB-URBN-01,AgroSphere Plant Revival Tonic,Urban Horticulture (Gardenica),Bottles (500ml),536.8,397.9,36.8,49.4,0.8,0.1,0.94
2026-10-02,GJ-CENTRAL-01,Vadodara,UB-URBN-01,AgroSphere Plant Revival Tonic,Urban Horticulture (Gardenica),Bottles (500ml),392.6,397.9,38.3,45.6,0.0,0.1,1.0
2026-10-03,GJ-CENTRAL-01,Vadodara,UB-URBN-01,AgroSphere Plant Revival Tonic,Urban Horticulture (Gardenica),Bottles (500ml),437.4,397.9,33.8,68.8,2.1,0.1,0.51
2026-10-04,GJ-CENTRAL-01,Vadodara,UB-URBN-01,AgroSphere Plant Revival Tonic,Urban Horticulture (Gardenica),Bottles (500ml),520.9,397.9,31.1,40.2,0.0,0.1,0.67
2026-10-05,GJ-CENTRAL-01,Vadodara,UB-URBN-01,AgroSphere Plant Revival Tonic,Urban Horticulture (Gardenica),Bottles (500ml),499.1,397.9,34.7,44.2,0.0,0.1,0.87
2026-10-06,GJ-CENTRAL-01,Vadodara,UB-URBN-01,AgroSphere Plant Revival Tonic,Urban Horticulture (Gardenica),Bottles (500ml),491.7,397.9,30.7,54.3,0.0,0.1,0.5
2026-10-07,GJ-CENTRAL-01,Vadodara,UB-URBN-01,AgroSphere Plant Revival Tonic,Urban Horticulture (Gardenica),Bottles (500ml),362.5,397.9,41.6,47.7,0.0,0.1,1.0
2026-10-08,GJ-CENTRAL-01,Vadodara,UB-URBN-01,AgroSphere Plant Revival Tonic,Urban Horticulture (Gardenica),Bottles (500ml),473.9,397.9,34.7,68.7,0.0,0.1,0.63
2026-10-09,GJ-CENTRAL-01,Vadodara,UB-URBN-01,AgroSphere Plant Revival Tonic,Urban Horticulture (Gardenica),Bottles (500ml),416.5,397.9,33.5,48.5,0.0,0.1,0.75
2026-10-10,GJ-CENTRAL-01,Vadodara,UB-URBN-01,AgroSphere Plant Revival Tonic,Urban Horticulture (Gardenica),Bottles (500ml),386.4,397.9,28.9,55.4,0.0,0.1,0.37
2026-10-11,GJ-CENTRAL-01,Vadodara,UB-URBN-01,AgroSphere Plant Revival Tonic,Urban Horticulture (Gardenica),Bottles (500ml),409.0,397.9,26.3,44.9,0.0,0.1,0.3
2026-10-12,GJ-CENTRAL-01,Vadodara,UB-URBN-01,AgroSphere Plant Revival Tonic,Urban Horticulture (Gardenica),Bottles (500ml),411.8,397.9,35.6,52.8,0.0,0.1,0.85
2026-10-13,GJ-CENTRAL-01,Vadodara,UB-URBN-01,AgroSphere Plant Revival Tonic,Urban Horticulture (Gardenica),Bottles (500ml),402.3,397.9,39.3,42.2,0.0,0.1,1.0
2026-10-14,GJ-CENTRAL-01,Vadodara,UB-URBN-01,AgroSphere Plant Revival Tonic,Urban Horticulture (Gardenica),Bottles (500ml),379.9,397.9,27.1,33.3,0.0,0.1,0.47
2026-10-01,GJ-CENTRAL-02,Anand,UB-BIO-01,AgroSphere Bio-Shield,Green Crop Protection,Liters,643.3,439.1,34.9,47.2,0.0,0.1,0.85
2026-10-02,GJ-CENTRAL-02,Anand,UB-BIO-01,AgroSphere Bio-Shield,Green Crop Protection,Liters,533.2,439.1,25.1,48.8,0.0,0.1,0.19
2026-10-03,GJ-CENTRAL-02,Anand,UB-BIO-01,AgroSphere Bio-Shield,Green Crop Protection,Liters,522.1,439.1,32.4,36.7,0.0,0.1,0.79
2026-10-04,GJ-CENTRAL-02,Anand,UB-BIO-01,AgroSphere Bio-Shield,Green Crop Protection,Liters,521.7,439.1,35.4,33.5,0.0,0.1,1.0
2026-10-05,GJ-CENTRAL-02,Anand,UB-BIO-01,AgroSphere Bio-Shield,Green Crop Protection,Liters,511.8,439.1,34.7,36.4,1.9,0.1,0.9
2026-10-06,GJ-CENTRAL-02,Anand,UB-BIO-01,AgroSphere Bio-Shield,Green Crop Protection,Liters,532.2,439.1,32.7,39.7,0.0,0.1,0.78
2026-10-07,GJ-CENTRAL-02,Anand,UB-BIO-01,AgroSphere Bio-Shield,Green Crop Protection,Liters,449.6,439.1,31.4,41.2,0.0,0.1,0.68
2026-10-08,GJ-CENTRAL-02,Anand,UB-BIO-01,AgroSphere Bio-Shield,Green Crop Protection,Liters,488.2,439.1,30.2,43.6,0.0,0.1,0.58
2026-10-09,GJ-CENTRAL-02,Anand,UB-BIO-01,AgroSphere Bio-Shield,Green Crop Protection,Liters,488.1,439.1,30.5,51.6,0.0,0.1,0.52
2026-10-10,GJ-CENTRAL-02,Anand,UB-BIO-01,AgroSphere Bio-Shield,Green Crop Protection,Liters,482.5,439.1,30.1,48.2,0.0,0.1,0.52
2026-10-11,GJ-CENTRAL-02,Anand,UB-BIO-01,AgroSphere Bio-Shield,Green Crop Protection,Liters,467.8,439.1,36.6,29.6,0.0,0.1,1.0
2026-10-12,GJ-CENTRAL-02,Anand,UB-BIO-01,AgroSphere Bio-Shield,Green Crop Protection,Liters,482.2,439.1,42.0,54.0,0.0,0.1,1.0
2026-10-13,GJ-CENTRAL-02,Anand,UB-BIO-01,AgroSphere Bio-Shield,Green Crop Protection,Liters,449.0,439.1,32.2,35.5,0.0,0.1,0.79
2026-10-14,GJ-CENTRAL-02,Anand,UB-BIO-01,AgroSphere Bio-Shield,Green Crop Protection,Liters,401.9,439.1,37.0,46.5,0.0,0.1,1.0
2026-10-01,GJ-CENTRAL-02,Anand,UB-BIO-02,AgroSphere Larvi-Kill,Green Crop Protection,Liters,648.1,385.9,34.9,47.2,0.0,0.1,0.85
2026-10-02,GJ-CENTRAL-02,Anand,UB-BIO-02,AgroSphere Larvi-Kill,Green Crop Protection,Liters,516.4,385.9,25.1,48.8,0.0,0.1,0.19
2026-10-03,GJ-CENTRAL-02,Anand,UB-BIO-02,AgroSphere Larvi-Kill,Green Crop Protection,Liters,511.3,385.9,32.4,36.7,0.0,0.1,0.79
2026-10-04,GJ-CENTRAL-02,Anand,UB-BIO-02,AgroSphere Larvi-Kill,Green Crop Protection,Liters,517.7,385.9,35.4,33.5,0.0,0.1,1.0
2026-10-05,GJ-CENTRAL-02,Anand,UB-BIO-02,AgroSphere Larvi-Kill,Green Crop Protection,Liters,532.1,385.9,34.7,36.4,1.9,0.1,0.9
2026-10-06,GJ-CENTRAL-02,Anand,UB-BIO-02,AgroSphere Larvi-Kill,Green Crop Protection,Liters,532.4,385.9,32.7,39.7,0.0,0.1,0.78
2026-10-07,GJ-CENTRAL-02,Anand,UB-BIO-02,AgroSphere Larvi-Kill,Green Crop Protection,Liters,440.3,385.9,31.4,41.2,0.0,0.1,0.68
2026-10-08,GJ-CENTRAL-02,Anand,UB-BIO-02,AgroSphere Larvi-Kill,Green Crop Protection,Liters,472.8,385.9,30.2,43.6,0.0,0.1,0.58
2026-10-09,GJ-CENTRAL-02,Anand,UB-BIO-02,AgroSphere Larvi-Kill,Green Crop Protection,Liters,451.0,385.9,30.5,51.6,0.0,0.1,0.52
2026-10-10,GJ-CENTRAL-02,Anand,UB-BIO-02,AgroSphere Larvi-Kill,Green Crop Protection,Liters,430.6,385.9,30.1,48.2,0.0,0.1,0.52
2026-10-11,GJ-CENTRAL-02,Anand,UB-BIO-02,AgroSphere Larvi-Kill,Green Crop Protection,Liters,436.8,385.9,36.6,29.6,0.0,0.1,1.0
2026-10-12,GJ-CENTRAL-02,Anand,UB-BIO-02,AgroSphere Larvi-Kill,Green Crop Protection,Liters,468.7,385.9,42.0,54.0,0.0,0.1,1.0
2026-10-13,GJ-CENTRAL-02,Anand,UB-BIO-02,AgroSphere Larvi-Kill,Green Crop Protection,Liters,435.6,385.9,32.2,35.5,0.0,0.1,0.79
2026-10-14,GJ-CENTRAL-02,Anand,UB-BIO-02,AgroSphere Larvi-Kill,Green Crop Protection,Liters,391.7,385.9,37.0,46.5,0.0,0.1,1.0
2026-10-01,GJ-CENTRAL-02,Anand,UB-NUTR-01,AgroSphere Aqua-Gel Polymer,Crop Nutrition & Water Management,Kg,754.8,633.7,34.9,47.2,0.0,0.1,0.85
2026-10-02,GJ-CENTRAL-02,Anand,UB-NUTR-01,AgroSphere Aqua-Gel Polymer,Crop Nutrition & Water Management,Kg,646.2,633.7,25.1,48.8,0.0,0.1,0.19
2026-10-03,GJ-CENTRAL-02,Anand,UB-NUTR-01,AgroSphere Aqua-Gel Polymer,Crop Nutrition & Water Management,Kg,647.4,633.7,32.4,36.7,0.0,0.1,0.79
2026-10-04,GJ-CENTRAL-02,Anand,UB-NUTR-01,AgroSphere Aqua-Gel Polymer,Crop Nutrition & Water Management,Kg,610.3,633.7,35.4,33.5,0.0,0.1,1.0
2026-10-05,GJ-CENTRAL-02,Anand,UB-NUTR-01,AgroSphere Aqua-Gel Polymer,Crop Nutrition & Water Management,Kg,702.7,633.7,34.7,36.4,1.9,0.1,0.9
2026-10-06,GJ-CENTRAL-02,Anand,UB-NUTR-01,AgroSphere Aqua-Gel Polymer,Crop Nutrition & Water Management,Kg,725.9,633.7,32.7,39.7,0.0,0.1,0.78
2026-10-07,GJ-CENTRAL-02,Anand,UB-NUTR-01,AgroSphere Aqua-Gel Polymer,Crop Nutrition & Water Management,Kg,631.5,633.7,31.4,41.2,0.0,0.1,0.68
2026-10-08,GJ-CENTRAL-02,Anand,UB-NUTR-01,AgroSphere Aqua-Gel Polymer,Crop Nutrition & Water Management,Kg,632.6,633.7,30.2,43.6,0.0,0.1,0.58
2026-10-09,GJ-CENTRAL-02,Anand,UB-NUTR-01,AgroSphere Aqua-Gel Polymer,Crop Nutrition & Water Management,Kg,624.8,633.7,30.5,51.6,0.0,0.1,0.52
2026-10-10,GJ-CENTRAL-02,Anand,UB-NUTR-01,AgroSphere Aqua-Gel Polymer,Crop Nutrition & Water Management,Kg,574.4,633.7,30.1,48.2,0.0,0.1,0.52
2026-10-11,GJ-CENTRAL-02,Anand,UB-NUTR-01,AgroSphere Aqua-Gel Polymer,Crop Nutrition & Water Management,Kg,584.8,633.7,36.6,29.6,0.0,0.1,1.0
2026-10-12,GJ-CENTRAL-02,Anand,UB-NUTR-01,AgroSphere Aqua-Gel Polymer,Crop Nutrition & Water Management,Kg,668.4,633.7,42.0,54.0,0.0,0.1,1.0
2026-10-13,GJ-CENTRAL-02,Anand,UB-NUTR-01,AgroSphere Aqua-Gel Polymer,Crop Nutrition & Water Management,Kg,629.0,633.7,32.2,35.5,0.0,0.1,0.79
2026-10-14,GJ-CENTRAL-02,Anand,UB-NUTR-01,AgroSphere Aqua-Gel Polymer,Crop Nutrition & Water Management,Kg,629.7,633.7,37.0,46.5,0.0,0.1,1.0
2026-10-01,GJ-CENTRAL-02,Anand,UB-NUTR-02,AgroSphere Solu-NPK 19:19:19,Crop Nutrition & Water Management,Kg,651.8,473.7,34.9,47.2,0.0,0.1,0.85
2026-10-02,GJ-CENTRAL-02,Anand,UB-NUTR-02,AgroSphere Solu-NPK 19:19:19,Crop Nutrition & Water Management,Kg,524.6,473.7,25.1,48.8,0.0,0.1,0.19
2026-10-03,GJ-CENTRAL-02,Anand,UB-NUTR-02,AgroSphere Solu-NPK 19:19:19,Crop Nutrition & Water Management,Kg,522.8,473.7,32.4,36.7,0.0,0.1,0.79
2026-10-04,GJ-CENTRAL-02,Anand,UB-NUTR-02,AgroSphere Solu-NPK 19:19:19,Crop Nutrition & Water Management,Kg,517.3,473.7,35.4,33.5,0.0,0.1,1.0
2026-10-05,GJ-CENTRAL-02,Anand,UB-NUTR-02,AgroSphere Solu-NPK 19:19:19,Crop Nutrition & Water Management,Kg,509.1,473.7,34.7,36.4,1.9,0.1,0.9
2026-10-06,GJ-CENTRAL-02,Anand,UB-NUTR-02,AgroSphere Solu-NPK 19:19:19,Crop Nutrition & Water Management,Kg,528.7,473.7,32.7,39.7,0.0,0.1,0.78
2026-10-07,GJ-CENTRAL-02,Anand,UB-NUTR-02,AgroSphere Solu-NPK 19:19:19,Crop Nutrition & Water Management,Kg,432.6,473.7,31.4,41.2,0.0,0.1,0.68
2026-10-08,GJ-CENTRAL-02,Anand,UB-NUTR-02,AgroSphere Solu-NPK 19:19:19,Crop Nutrition & Water Management,Kg,477.8,473.7,30.2,43.6,0.0,0.1,0.58
2026-10-09,GJ-CENTRAL-02,Anand,UB-NUTR-02,AgroSphere Solu-NPK 19:19:19,Crop Nutrition & Water Management,Kg,477.0,473.7,30.5,51.6,0.0,0.1,0.52
2026-10-10,GJ-CENTRAL-02,Anand,UB-NUTR-02,AgroSphere Solu-NPK 19:19:19,Crop Nutrition & Water Management,Kg,470.6,473.7,30.1,48.2,0.0,0.1,0.52
2026-10-11,GJ-CENTRAL-02,Anand,UB-NUTR-02,AgroSphere Solu-NPK 19:19:19,Crop Nutrition & Water Management,Kg,460.9,473.7,36.6,29.6,0.0,0.1,1.0
2026-10-12,GJ-CENTRAL-02,Anand,UB-NUTR-02,AgroSphere Solu-NPK 19:19:19,Crop Nutrition & Water Management,Kg,481.7,473.7,42.0,54.0,0.0,0.1,1.0
2026-10-13,GJ-CENTRAL-02,Anand,UB-NUTR-02,AgroSphere Solu-NPK 19:19:19,Crop Nutrition & Water Management,Kg,435.6,473.7,32.2,35.5,0.0,0.1,0.79
2026-10-14,GJ-CENTRAL-02,Anand,UB-NUTR-02,AgroSphere Solu-NPK 19:19:19,Crop Nutrition & Water Management,Kg,398.7,473.7,37.0,46.5,0.0,0.1,1.0
2026-10-01,GJ-CENTRAL-02,Anand,UB-STIM-01,AgroSphere Bio-Zyme Gold,Bio-Organic Formulations,Liters,571.9,396.4,34.9,47.2,0.0,0.1,0.85
2026-10-02,GJ-CENTRAL-02,Anand,UB-STIM-01,AgroSphere Bio-Zyme Gold,Bio-Organic Formulations,Liters,486.0,396.4,25.1,48.8,0.0,0.1,0.19
2026-10-03,GJ-CENTRAL-02,Anand,UB-STIM-01,AgroSphere Bio-Zyme Gold,Bio-Organic Formulations,Liters,490.1,396.4,32.4,36.7,0.0,0.1,0.79
2026-10-04,GJ-CENTRAL-02,Anand,UB-STIM-01,AgroSphere Bio-Zyme Gold,Bio-Organic Formulations,Liters,490.7,396.4,35.4,33.5,0.0,0.1,1.0
2026-10-05,GJ-CENTRAL-02,Anand,UB-STIM-01,AgroSphere Bio-Zyme Gold,Bio-Organic Formulations,Liters,502.2,396.4,34.7,36.4,1.9,0.1,0.9
2026-10-06,GJ-CENTRAL-02,Anand,UB-STIM-01,AgroSphere Bio-Zyme Gold,Bio-Organic Formulations,Liters,503.1,396.4,32.7,39.7,0.0,0.1,0.78
2026-10-07,GJ-CENTRAL-02,Anand,UB-STIM-01,AgroSphere Bio-Zyme Gold,Bio-Organic Formulations,Liters,411.3,396.4,31.4,41.2,0.0,0.1,0.68
2026-10-08,GJ-CENTRAL-02,Anand,UB-STIM-01,AgroSphere Bio-Zyme Gold,Bio-Organic Formulations,Liters,449.0,396.4,30.2,43.6,0.0,0.1,0.58
2026-10-09,GJ-CENTRAL-02,Anand,UB-STIM-01,AgroSphere Bio-Zyme Gold,Bio-Organic Formulations,Liters,434.0,396.4,30.5,51.6,0.0,0.1,0.52
2026-10-10,GJ-CENTRAL-02,Anand,UB-STIM-01,AgroSphere Bio-Zyme Gold,Bio-Organic Formulations,Liters,411.8,396.4,30.1,48.2,0.0,0.1,0.52
2026-10-11,GJ-CENTRAL-02,Anand,UB-STIM-01,AgroSphere Bio-Zyme Gold,Bio-Organic Formulations,Liters,412.9,396.4,36.6,29.6,0.0,0.1,1.0
2026-10-12,GJ-CENTRAL-02,Anand,UB-STIM-01,AgroSphere Bio-Zyme Gold,Bio-Organic Formulations,Liters,438.1,396.4,42.0,54.0,0.0,0.1,1.0
2026-10-13,GJ-CENTRAL-02,Anand,UB-STIM-01,AgroSphere Bio-Zyme Gold,Bio-Organic Formulations,Liters,418.4,396.4,32.2,35.5,0.0,0.1,0.79
2026-10-14,GJ-CENTRAL-02,Anand,UB-STIM-01,AgroSphere Bio-Zyme Gold,Bio-Organic Formulations,Liters,373.3,396.4,37.0,46.5,0.0,0.1,1.0
2026-10-01,GJ-CENTRAL-02,Anand,UB-BULK-01,AgroSphere Tech-Grade Amino 80%,Bulk Raw Material Manufacturing,Kg,638.0,364.3,34.9,47.2,0.0,0.1,0.85
2026-10-02,GJ-CENTRAL-02,Anand,UB-BULK-01,AgroSphere Tech-Grade Amino 80%,Bulk Raw Material Manufacturing,Kg,518.8,364.3,25.1,48.8,0.0,0.1,0.19
2026-10-03,GJ-CENTRAL-02,Anand,UB-BULK-01,AgroSphere Tech-Grade Amino 80%,Bulk Raw Material Manufacturing,Kg,497.1,364.3,32.4,36.7,0.0,0.1,0.79
2026-10-04,GJ-CENTRAL-02,Anand,UB-BULK-01,AgroSphere Tech-Grade Amino 80%,Bulk Raw Material Manufacturing,Kg,491.3,364.3,35.4,33.5,0.0,0.1,1.0
2026-10-05,GJ-CENTRAL-02,Anand,UB-BULK-01,AgroSphere Tech-Grade Amino 80%,Bulk Raw Material Manufacturing,Kg,521.5,364.3,34.7,36.4,1.9,0.1,0.9
2026-10-06,GJ-CENTRAL-02,Anand,UB-BULK-01,AgroSphere Tech-Grade Amino 80%,Bulk Raw Material Manufacturing,Kg,520.0,364.3,32.7,39.7,0.0,0.1,0.78
2026-10-07,GJ-CENTRAL-02,Anand,UB-BULK-01,AgroSphere Tech-Grade Amino 80%,Bulk Raw Material Manufacturing,Kg,416.5,364.3,31.4,41.2,0.0,0.1,0.68
2026-10-08,GJ-CENTRAL-02,Anand,UB-BULK-01,AgroSphere Tech-Grade Amino 80%,Bulk Raw Material Manufacturing,Kg,456.2,364.3,30.2,43.6,0.0,0.1,0.58
2026-10-09,GJ-CENTRAL-02,Anand,UB-BULK-01,AgroSphere Tech-Grade Amino 80%,Bulk Raw Material Manufacturing,Kg,447.9,364.3,30.5,51.6,0.0,0.1,0.52
2026-10-10,GJ-CENTRAL-02,Anand,UB-BULK-01,AgroSphere Tech-Grade Amino 80%,Bulk Raw Material Manufacturing,Kg,417.2,364.3,30.1,48.2,0.0,0.1,0.52
2026-10-11,GJ-CENTRAL-02,Anand,UB-BULK-01,AgroSphere Tech-Grade Amino 80%,Bulk Raw Material Manufacturing,Kg,404.2,364.3,36.6,29.6,0.0,0.1,1.0
2026-10-12,GJ-CENTRAL-02,Anand,UB-BULK-01,AgroSphere Tech-Grade Amino 80%,Bulk Raw Material Manufacturing,Kg,404.4,364.3,42.0,54.0,0.0,0.1,1.0
2026-10-13,GJ-CENTRAL-02,Anand,UB-BULK-01,AgroSphere Tech-Grade Amino 80%,Bulk Raw Material Manufacturing,Kg,427.6,364.3,32.2,35.5,0.0,0.1,0.79
2026-10-14,GJ-CENTRAL-02,Anand,UB-BULK-01,AgroSphere Tech-Grade Amino 80%,Bulk Raw Material Manufacturing,Kg,371.3,364.3,37.0,46.5,0.0,0.1,1.0
2026-10-01,GJ-CENTRAL-02,Anand,UB-URBN-01,AgroSphere Plant Revival Tonic,Urban Horticulture (Gardenica),Bottles (500ml),569.9,310.4,34.9,47.2,0.0,0.1,0.85
2026-10-02,GJ-CENTRAL-02,Anand,UB-URBN-01,AgroSphere Plant Revival Tonic,Urban Horticulture (Gardenica),Bottles (500ml),491.2,310.4,25.1,48.8,0.0,0.1,0.19
2026-10-03,GJ-CENTRAL-02,Anand,UB-URBN-01,AgroSphere Plant Revival Tonic,Urban Horticulture (Gardenica),Bottles (500ml),487.0,310.4,32.4,36.7,0.0,0.1,0.79
2026-10-04,GJ-CENTRAL-02,Anand,UB-URBN-01,AgroSphere Plant Revival Tonic,Urban Horticulture (Gardenica),Bottles (500ml),486.2,310.4,35.4,33.5,0.0,0.1,1.0
2026-10-05,GJ-CENTRAL-02,Anand,UB-URBN-01,AgroSphere Plant Revival Tonic,Urban Horticulture (Gardenica),Bottles (500ml),512.9,310.4,34.7,36.4,1.9,0.1,0.9
2026-10-06,GJ-CENTRAL-02,Anand,UB-URBN-01,AgroSphere Plant Revival Tonic,Urban Horticulture (Gardenica),Bottles (500ml),500.2,310.4,32.7,39.7,0.0,0.1,0.78
2026-10-07,GJ-CENTRAL-02,Anand,UB-URBN-01,AgroSphere Plant Revival Tonic,Urban Horticulture (Gardenica),Bottles (500ml),395.9,310.4,31.4,41.2,0.0,0.1,0.68
2026-10-08,GJ-CENTRAL-02,Anand,UB-URBN-01,AgroSphere Plant Revival Tonic,Urban Horticulture (Gardenica),Bottles (500ml),413.8,310.4,30.2,43.6,0.0,0.1,0.58
2026-10-09,GJ-CENTRAL-02,Anand,UB-URBN-01,AgroSphere Plant Revival Tonic,Urban Horticulture (Gardenica),Bottles (500ml),445.3,310.4,30.5,51.6,0.0,0.1,0.52
2026-10-10,GJ-CENTRAL-02,Anand,UB-URBN-01,AgroSphere Plant Revival Tonic,Urban Horticulture (Gardenica),Bottles (500ml),388.1,310.4,30.1,48.2,0.0,0.1,0.52
2026-10-11,GJ-CENTRAL-02,Anand,UB-URBN-01,AgroSphere Plant Revival Tonic,Urban Horticulture (Gardenica),Bottles (500ml),401.8,310.4,36.6,29.6,0.0,0.1,1.0
2026-10-12,GJ-CENTRAL-02,Anand,UB-URBN-01,AgroSphere Plant Revival Tonic,Urban Horticulture (Gardenica),Bottles (500ml),370.6,310.4,42.0,54.0,0.0,0.1,1.0
2026-10-13,GJ-CENTRAL-02,Anand,UB-URBN-01,AgroSphere Plant Revival Tonic,Urban Horticulture (Gardenica),Bottles (500ml),402.1,310.4,32.2,35.5,0.0,0.1,0.79
2026-10-14,GJ-CENTRAL-02,Anand,UB-URBN-01,AgroSphere Plant Revival Tonic,Urban Horticulture (Gardenica),Bottles (500ml),358.1,310.4,37.0,46.5,0.0,0.1,1.0
2026-10-01,GJ-SOUTH-01,Surat,UB-BIO-01,AgroSphere Bio-Shield,Green Crop Protection,Liters,640.1,461.3,35.0,33.4,0.0,0.1,1.0
2026-10-02,GJ-SOUTH-01,Surat,UB-BIO-01,AgroSphere Bio-Shield,Green Crop Protection,Liters,534.8,461.3,37.1,59.8,0.0,0.1,0.88
2026-10-03,GJ-SOUTH-01,Surat,UB-BIO-01,AgroSphere Bio-Shield,Green Crop Protection,Liters,534.6,461.3,32.8,58.0,0.0,0.1,0.61
2026-10-04,GJ-SOUTH-01,Surat,UB-BIO-01,AgroSphere Bio-Shield,Green Crop Protection,Liters,501.9,461.3,36.4,44.8,0.0,0.1,0.98
2026-10-05,GJ-SOUTH-01,Surat,UB-BIO-01,AgroSphere Bio-Shield,Green Crop Protection,Liters,474.9,461.3,32.4,41.4,0.0,0.1,0.75
2026-10-06,GJ-SOUTH-01,Surat,UB-BIO-01,AgroSphere Bio-Shield,Green Crop Protection,Liters,457.1,461.3,37.5,51.6,0.0,0.1,0.98
2026-10-07,GJ-SOUTH-01,Surat,UB-BIO-01,AgroSphere Bio-Shield,Green Crop Protection,Liters,415.5,461.3,30.2,72.8,0.3,0.35,0.28
2026-10-08,GJ-SOUTH-01,Surat,UB-BIO-01,AgroSphere Bio-Shield,Green Crop Protection,Liters,422.9,461.3,40.1,48.3,0.0,0.1,1.0
2026-10-09,GJ-SOUTH-01,Surat,UB-BIO-01,AgroSphere Bio-Shield,Green Crop Protection,Liters,449.9,461.3,36.3,47.0,0.0,0.1,0.95
2026-10-10,GJ-SOUTH-01,Surat,UB-BIO-01,AgroSphere Bio-Shield,Green Crop Protection,Liters,448.0,461.3,36.2,35.3,0.0,0.1,1.0
2026-10-11,GJ-SOUTH-01,Surat,UB-BIO-01,AgroSphere Bio-Shield,Green Crop Protection,Liters,417.1,461.3,38.4,45.8,0.0,0.1,1.0
2026-10-12,GJ-SOUTH-01,Surat,UB-BIO-01,AgroSphere Bio-Shield,Green Crop Protection,Liters,465.9,461.3,42.0,62.2,0.0,0.1,1.0
2026-10-13,GJ-SOUTH-01,Surat,UB-BIO-01,AgroSphere Bio-Shield,Green Crop Protection,Liters,431.2,461.3,35.8,55.0,0.0,0.1,0.84
2026-10-14,GJ-SOUTH-01,Surat,UB-BIO-01,AgroSphere Bio-Shield,Green Crop Protection,Liters,420.7,461.3,33.1,50.3,0.0,0.1,0.7
2026-10-01,GJ-SOUTH-01,Surat,UB-BIO-02,AgroSphere Larvi-Kill,Green Crop Protection,Liters,591.9,384.6,35.0,33.4,0.0,0.1,1.0
2026-10-02,GJ-SOUTH-01,Surat,UB-BIO-02,AgroSphere Larvi-Kill,Green Crop Protection,Liters,432.4,384.6,37.1,59.8,0.0,0.1,0.88
2026-10-03,GJ-SOUTH-01,Surat,UB-BIO-02,AgroSphere Larvi-Kill,Green Crop Protection,Liters,487.8,384.6,32.8,58.0,0.0,0.1,0.61
2026-10-04,GJ-SOUTH-01,Surat,UB-BIO-02,AgroSphere Larvi-Kill,Green Crop Protection,Liters,474.4,384.6,36.4,44.8,0.0,0.1,0.98
2026-10-05,GJ-SOUTH-01,Surat,UB-BIO-02,AgroSphere Larvi-Kill,Green Crop Protection,Liters,505.4,384.6,32.4,41.4,0.0,0.1,0.75
2026-10-06,GJ-SOUTH-01,Surat,UB-BIO-02,AgroSphere Larvi-Kill,Green Crop Protection,Liters,395.1,384.6,37.5,51.6,0.0,0.1,0.98
2026-10-07,GJ-SOUTH-01,Surat,UB-BIO-02,AgroSphere Larvi-Kill,Green Crop Protection,Liters,388.5,384.6,30.2,72.8,0.3,0.35,0.28
2026-10-08,GJ-SOUTH-01,Surat,UB-BIO-02,AgroSphere Larvi-Kill,Green Crop Protection,Liters,364.4,384.6,40.1,48.3,0.0,0.1,1.0
2026-10-09,GJ-SOUTH-01,Surat,UB-BIO-02,AgroSphere Larvi-Kill,Green Crop Protection,Liters,418.8,384.6,36.3,47.0,0.0,0.1,0.95
2026-10-10,GJ-SOUTH-01,Surat,UB-BIO-02,AgroSphere Larvi-Kill,Green Crop Protection,Liters,412.5,384.6,36.2,35.3,0.0,0.1,1.0
2026-10-11,GJ-SOUTH-01,Surat,UB-BIO-02,AgroSphere Larvi-Kill,Green Crop Protection,Liters,369.0,384.6,38.4,45.8,0.0,0.1,1.0
2026-10-12,GJ-SOUTH-01,Surat,UB-BIO-02,AgroSphere Larvi-Kill,Green Crop Protection,Liters,411.9,384.6,42.0,62.2,0.0,0.1,1.0
2026-10-13,GJ-SOUTH-01,Surat,UB-BIO-02,AgroSphere Larvi-Kill,Green Crop Protection,Liters,399.2,384.6,35.8,55.0,0.0,0.1,0.84
2026-10-14,GJ-SOUTH-01,Surat,UB-BIO-02,AgroSphere Larvi-Kill,Green Crop Protection,Liters,397.2,384.6,33.1,50.3,0.0,0.1,0.7
2026-10-01,GJ-SOUTH-01,Surat,UB-NUTR-01,AgroSphere Aqua-Gel Polymer,Crop Nutrition & Water Management,Kg,750.1,634.6,35.0,33.4,0.0,0.1,1.0
2026-10-02,GJ-SOUTH-01,Surat,UB-NUTR-01,AgroSphere Aqua-Gel Polymer,Crop Nutrition & Water Management,Kg,668.8,634.6,37.1,59.8,0.0,0.1,0.88
2026-10-03,GJ-SOUTH-01,Surat,UB-NUTR-01,AgroSphere Aqua-Gel Polymer,Crop Nutrition & Water Management,Kg,648.0,634.6,32.8,58.0,0.0,0.1,0.61
2026-10-04,GJ-SOUTH-01,Surat,UB-NUTR-01,AgroSphere Aqua-Gel Polymer,Crop Nutrition & Water Management,Kg,602.9,634.6,36.4,44.8,0.0,0.1,0.98
2026-10-05,GJ-SOUTH-01,Surat,UB-NUTR-01,AgroSphere Aqua-Gel Polymer,Crop Nutrition & Water Management,Kg,695.1,634.6,32.4,41.4,0.0,0.1,0.75
2026-10-06,GJ-SOUTH-01,Surat,UB-NUTR-01,AgroSphere Aqua-Gel Polymer,Crop Nutrition & Water Management,Kg,720.8,634.6,37.5,51.6,0.0,0.1,0.98
2026-10-07,GJ-SOUTH-01,Surat,UB-NUTR-01,AgroSphere Aqua-Gel Polymer,Crop Nutrition & Water Management,Kg,580.5,634.6,30.2,72.8,0.3,0.35,0.28
2026-10-08,GJ-SOUTH-01,Surat,UB-NUTR-01,AgroSphere Aqua-Gel Polymer,Crop Nutrition & Water Management,Kg,609.6,634.6,40.1,48.3,0.0,0.1,1.0
2026-10-09,GJ-SOUTH-01,Surat,UB-NUTR-01,AgroSphere Aqua-Gel Polymer,Crop Nutrition & Water Management,Kg,600.0,634.6,36.3,47.0,0.0,0.1,0.95
2026-10-10,GJ-SOUTH-01,Surat,UB-NUTR-01,AgroSphere Aqua-Gel Polymer,Crop Nutrition & Water Management,Kg,546.8,634.6,36.2,35.3,0.0,0.1,1.0
2026-10-11,GJ-SOUTH-01,Surat,UB-NUTR-01,AgroSphere Aqua-Gel Polymer,Crop Nutrition & Water Management,Kg,520.7,634.6,38.4,45.8,0.0,0.1,1.0
2026-10-12,GJ-SOUTH-01,Surat,UB-NUTR-01,AgroSphere Aqua-Gel Polymer,Crop Nutrition & Water Management,Kg,672.5,634.6,42.0,62.2,0.0,0.1,1.0
2026-10-13,GJ-SOUTH-01,Surat,UB-NUTR-01,AgroSphere Aqua-Gel Polymer,Crop Nutrition & Water Management,Kg,617.9,634.6,35.8,55.0,0.0,0.1,0.84
2026-10-14,GJ-SOUTH-01,Surat,UB-NUTR-01,AgroSphere Aqua-Gel Polymer,Crop Nutrition & Water Management,Kg,623.0,634.6,33.1,50.3,0.0,0.1,0.7
2026-10-01,GJ-SOUTH-01,Surat,UB-NUTR-02,AgroSphere Solu-NPK 19:19:19,Crop Nutrition & Water Management,Kg,631.2,494.3,35.0,33.4,0.0,0.1,1.0
2026-10-02,GJ-SOUTH-01,Surat,UB-NUTR-02,AgroSphere Solu-NPK 19:19:19,Crop Nutrition & Water Management,Kg,497.4,494.3,37.1,59.8,0.0,0.1,0.88
2026-10-03,GJ-SOUTH-01,Surat,UB-NUTR-02,AgroSphere Solu-NPK 19:19:19,Crop Nutrition & Water Management,Kg,494.1,494.3,32.8,58.0,0.0,0.1,0.61
2026-10-04,GJ-SOUTH-01,Surat,UB-NUTR-02,AgroSphere Solu-NPK 19:19:19,Crop Nutrition & Water Management,Kg,471.3,494.3,36.4,44.8,0.0,0.1,0.98
2026-10-05,GJ-SOUTH-01,Surat,UB-NUTR-02,AgroSphere Solu-NPK 19:19:19,Crop Nutrition & Water Management,Kg,444.6,494.3,32.4,41.4,0.0,0.1,0.75
2026-10-06,GJ-SOUTH-01,Surat,UB-NUTR-02,AgroSphere Solu-NPK 19:19:19,Crop Nutrition & Water Management,Kg,460.7,494.3,37.5,51.6,0.0,0.1,0.98
2026-10-07,GJ-SOUTH-01,Surat,UB-NUTR-02,AgroSphere Solu-NPK 19:19:19,Crop Nutrition & Water Management,Kg,412.6,494.3,30.2,72.8,0.3,0.35,0.28
2026-10-08,GJ-SOUTH-01,Surat,UB-NUTR-02,AgroSphere Solu-NPK 19:19:19,Crop Nutrition & Water Management,Kg,424.7,494.3,40.1,48.3,0.0,0.1,1.0
2026-10-09,GJ-SOUTH-01,Surat,UB-NUTR-02,AgroSphere Solu-NPK 19:19:19,Crop Nutrition & Water Management,Kg,443.0,494.3,36.3,47.0,0.0,0.1,0.95
2026-10-10,GJ-SOUTH-01,Surat,UB-NUTR-02,AgroSphere Solu-NPK 19:19:19,Crop Nutrition & Water Management,Kg,427.6,494.3,36.2,35.3,0.0,0.1,1.0
2026-10-11,GJ-SOUTH-01,Surat,UB-NUTR-02,AgroSphere Solu-NPK 19:19:19,Crop Nutrition & Water Management,Kg,409.4,494.3,38.4,45.8,0.0,0.1,1.0
2026-10-12,GJ-SOUTH-01,Surat,UB-NUTR-02,AgroSphere Solu-NPK 19:19:19,Crop Nutrition & Water Management,Kg,465.4,494.3,42.0,62.2,0.0,0.1,1.0
2026-10-13,GJ-SOUTH-01,Surat,UB-NUTR-02,AgroSphere Solu-NPK 19:19:19,Crop Nutrition & Water Management,Kg,421.6,494.3,35.8,55.0,0.0,0.1,0.84
2026-10-14,GJ-SOUTH-01,Surat,UB-NUTR-02,AgroSphere Solu-NPK 19:19:19,Crop Nutrition & Water Management,Kg,412.3,494.3,33.1,50.3,0.0,0.1,0.7
2026-10-01,GJ-SOUTH-01,Surat,UB-STIM-01,AgroSphere Bio-Zyme Gold,Bio-Organic Formulations,Liters,605.9,440.1,35.0,33.4,0.0,0.1,1.0
2026-10-02,GJ-SOUTH-01,Surat,UB-STIM-01,AgroSphere Bio-Zyme Gold,Bio-Organic Formulations,Liters,452.1,440.1,37.1,59.8,0.0,0.1,0.88
2026-10-03,GJ-SOUTH-01,Surat,UB-STIM-01,AgroSphere Bio-Zyme Gold,Bio-Organic Formulations,Liters,522.1,440.1,32.8,58.0,0.0,0.1,0.61
2026-10-04,GJ-SOUTH-01,Surat,UB-STIM-01,AgroSphere Bio-Zyme Gold,Bio-Organic Formulations,Liters,490.0,440.1,36.4,44.8,0.0,0.1,0.98
2026-10-05,GJ-SOUTH-01,Surat,UB-STIM-01,AgroSphere Bio-Zyme Gold,Bio-Organic Formulations,Liters,446.3,440.1,32.4,41.4,0.0,0.1,0.75
2026-10-06,GJ-SOUTH-01,Surat,UB-STIM-01,AgroSphere Bio-Zyme Gold,Bio-Organic Formulations,Liters,448.7,440.1,37.5,51.6,0.0,0.1,0.98
2026-10-07,GJ-SOUTH-01,Surat,UB-STIM-01,AgroSphere Bio-Zyme Gold,Bio-Organic Formulations,Liters,413.5,440.1,30.2,72.8,0.3,0.35,0.28
2026-10-08,GJ-SOUTH-01,Surat,UB-STIM-01,AgroSphere Bio-Zyme Gold,Bio-Organic Formulations,Liters,417.8,440.1,40.1,48.3,0.0,0.1,1.0
2026-10-09,GJ-SOUTH-01,Surat,UB-STIM-01,AgroSphere Bio-Zyme Gold,Bio-Organic Formulations,Liters,440.9,440.1,36.3,47.0,0.0,0.1,0.95
2026-10-10,GJ-SOUTH-01,Surat,UB-STIM-01,AgroSphere Bio-Zyme Gold,Bio-Organic Formulations,Liters,443.8,440.1,36.2,35.3,0.0,0.1,1.0
2026-10-11,GJ-SOUTH-01,Surat,UB-STIM-01,AgroSphere Bio-Zyme Gold,Bio-Organic Formulations,Liters,427.0,440.1,38.4,45.8,0.0,0.1,1.0
2026-10-12,GJ-SOUTH-01,Surat,UB-STIM-01,AgroSphere Bio-Zyme Gold,Bio-Organic Formulations,Liters,451.3,440.1,42.0,62.2,0.0,0.1,1.0
2026-10-13,GJ-SOUTH-01,Surat,UB-STIM-01,AgroSphere Bio-Zyme Gold,Bio-Organic Formulations,Liters,423.6,440.1,35.8,55.0,0.0,0.1,0.84
2026-10-14,GJ-SOUTH-01,Surat,UB-STIM-01,AgroSphere Bio-Zyme Gold,Bio-Organic Formulations,Liters,411.8,440.1,33.1,50.3,0.0,0.1,0.7
2026-10-01,GJ-SOUTH-01,Surat,UB-BULK-01,AgroSphere Tech-Grade Amino 80%,Bulk Raw Material Manufacturing,Kg,663.6,503.7,35.0,33.4,0.0,0.1,1.0
2026-10-02,GJ-SOUTH-01,Surat,UB-BULK-01,AgroSphere Tech-Grade Amino 80%,Bulk Raw Material Manufacturing,Kg,510.3,503.7,37.1,59.8,0.0,0.1,0.88
2026-10-03,GJ-SOUTH-01,Surat,UB-BULK-01,AgroSphere Tech-Grade Amino 80%,Bulk Raw Material Manufacturing,Kg,532.8,503.7,32.8,58.0,0.0,0.1,0.61
2026-10-04,GJ-SOUTH-01,Surat,UB-BULK-01,AgroSphere Tech-Grade Amino 80%,Bulk Raw Material Manufacturing,Kg,515.9,503.7,36.4,44.8,0.0,0.1,0.98
2026-10-05,GJ-SOUTH-01,Surat,UB-BULK-01,AgroSphere Tech-Grade Amino 80%,Bulk Raw Material Manufacturing,Kg,477.2,503.7,32.4,41.4,0.0,0.1,0.75
2026-10-06,GJ-SOUTH-01,Surat,UB-BULK-01,AgroSphere Tech-Grade Amino 80%,Bulk Raw Material Manufacturing,Kg,471.9,503.7,37.5,51.6,0.0,0.1,0.98
2026-10-07,GJ-SOUTH-01,Surat,UB-BULK-01,AgroSphere Tech-Grade Amino 80%,Bulk Raw Material Manufacturing,Kg,412.6,503.7,30.2,72.8,0.3,0.35,0.28
2026-10-08,GJ-SOUTH-01,Surat,UB-BULK-01,AgroSphere Tech-Grade Amino 80%,Bulk Raw Material Manufacturing,Kg,418.4,503.7,40.1,48.3,0.0,0.1,1.0
2026-10-09,GJ-SOUTH-01,Surat,UB-BULK-01,AgroSphere Tech-Grade Amino 80%,Bulk Raw Material Manufacturing,Kg,451.2,503.7,36.3,47.0,0.0,0.1,0.95
2026-10-10,GJ-SOUTH-01,Surat,UB-BULK-01,AgroSphere Tech-Grade Amino 80%,Bulk Raw Material Manufacturing,Kg,455.5,503.7,36.2,35.3,0.0,0.1,1.0
2026-10-11,GJ-SOUTH-01,Surat,UB-BULK-01,AgroSphere Tech-Grade Amino 80%,Bulk Raw Material Manufacturing,Kg,424.6,503.7,38.4,45.8,0.0,0.1,1.0
2026-10-12,GJ-SOUTH-01,Surat,UB-BULK-01,AgroSphere Tech-Grade Amino 80%,Bulk Raw Material Manufacturing,Kg,480.7,503.7,42.0,62.2,0.0,0.1,1.0
2026-10-13,GJ-SOUTH-01,Surat,UB-BULK-01,AgroSphere Tech-Grade Amino 80%,Bulk Raw Material Manufacturing,Kg,428.4,503.7,35.8,55.0,0.0,0.1,0.84
2026-10-14,GJ-SOUTH-01,Surat,UB-BULK-01,AgroSphere Tech-Grade Amino 80%,Bulk Raw Material Manufacturing,Kg,422.9,503.7,33.1,50.3,0.0,0.1,0.7
2026-10-01,GJ-SOUTH-01,Surat,UB-URBN-01,AgroSphere Plant Revival Tonic,Urban Horticulture (Gardenica),Bottles (500ml),621.7,445.3,35.0,33.4,0.0,0.1,1.0
2026-10-02,GJ-SOUTH-01,Surat,UB-URBN-01,AgroSphere Plant Revival Tonic,Urban Horticulture (Gardenica),Bottles (500ml),503.5,445.3,37.1,59.8,0.0,0.1,0.88
2026-10-03,GJ-SOUTH-01,Surat,UB-URBN-01,AgroSphere Plant Revival Tonic,Urban Horticulture (Gardenica),Bottles (500ml),532.0,445.3,32.8,58.0,0.0,0.1,0.61
2026-10-04,GJ-SOUTH-01,Surat,UB-URBN-01,AgroSphere Plant Revival Tonic,Urban Horticulture (Gardenica),Bottles (500ml),500.3,445.3,36.4,44.8,0.0,0.1,0.98
2026-10-05,GJ-SOUTH-01,Surat,UB-URBN-01,AgroSphere Plant Revival Tonic,Urban Horticulture (Gardenica),Bottles (500ml),446.3,445.3,32.4,41.4,0.0,0.1,0.75
2026-10-06,GJ-SOUTH-01,Surat,UB-URBN-01,AgroSphere Plant Revival Tonic,Urban Horticulture (Gardenica),Bottles (500ml),453.5,445.3,37.5,51.6,0.0,0.1,0.98
2026-10-07,GJ-SOUTH-01,Surat,UB-URBN-01,AgroSphere Plant Revival Tonic,Urban Horticulture (Gardenica),Bottles (500ml),411.1,445.3,30.2,72.8,0.3,0.35,0.28
2026-10-08,GJ-SOUTH-01,Surat,UB-URBN-01,AgroSphere Plant Revival Tonic,Urban Horticulture (Gardenica),Bottles (500ml),420.6,445.3,40.1,48.3,0.0,0.1,1.0
2026-10-09,GJ-SOUTH-01,Surat,UB-URBN-01,AgroSphere Plant Revival Tonic,Urban Horticulture (Gardenica),Bottles (500ml),437.9,445.3,36.3,47.0,0.0,0.1,0.95
2026-10-10,GJ-SOUTH-01,Surat,UB-URBN-01,AgroSphere Plant Revival Tonic,Urban Horticulture (Gardenica),Bottles (500ml),440.8,445.3,36.2,35.3,0.0,0.1,1.0
2026-10-11,GJ-SOUTH-01,Surat,UB-URBN-01,AgroSphere Plant Revival Tonic,Urban Horticulture (Gardenica),Bottles (500ml),429.8,445.3,38.4,45.8,0.0,0.1,1.0
2026-10-12,GJ-SOUTH-01,Surat,UB-URBN-01,AgroSphere Plant Revival Tonic,Urban Horticulture (Gardenica),Bottles (500ml),448.4,445.3,42.0,62.2,0.0,0.1,1.0
2026-10-13,GJ-SOUTH-01,Surat,UB-URBN-01,AgroSphere Plant Revival Tonic,Urban Horticulture (Gardenica),Bottles (500ml),409.2,445.3,35.8,55.0,0.0,0.1,0.84
2026-10-14,GJ-SOUTH-01,Surat,UB-URBN-01,AgroSphere Plant Revival Tonic,Urban Horticulture (Gardenica),Bottles (500ml),405.8,445.3,33.1,50.3,0.0,0.1,0.7
2026-10-01,GJ-SOUTH-02,Bharuch,UB-BIO-01,AgroSphere Bio-Shield,Green Crop Protection,Liters,575.4,342.7,34.9,54.7,2.9,0.1,0.71
2026-10-02,GJ-SOUTH-02,Bharuch,UB-BIO-01,AgroSphere Bio-Shield,Green Crop Protection,Liters,510.7,342.7,33.9,45.6,0.0,0.1,0.8
2026-10-03,GJ-SOUTH-02,Bharuch,UB-BIO-01,AgroSphere Bio-Shield,Green Crop Protection,Liters,379.7,342.7,39.0,45.7,0.0,0.1,1.0
2026-10-04,GJ-SOUTH-02,Bharuch,UB-BIO-01,AgroSphere Bio-Shield,Green Crop Protection,Liters,472.6,342.7,22.7,55.1,0.0,0.1,0.0
2026-10-05,GJ-SOUTH-02,Bharuch,UB-BIO-01,AgroSphere Bio-Shield,Green Crop Protection,Liters,498.2,342.7,35.3,55.9,0.0,0.1,0.79
2026-10-06,GJ-SOUTH-02,Bharuch,UB-BIO-01,AgroSphere Bio-Shield,Green Crop Protection,Liters,486.7,342.7,32.9,47.8,0.0,0.1,0.72
2026-10-07,GJ-SOUTH-02,Bharuch,UB-BIO-01,AgroSphere Bio-Shield,Green Crop Protection,Liters,351.2,342.7,38.3,61.5,0.0,0.1,0.94
2026-10-08,GJ-SOUTH-02,Bharuch,UB-BIO-01,AgroSphere Bio-Shield,Green Crop Protection,Liters,460.8,342.7,31.5,43.1,2.4,0.1,0.61
2026-10-09,GJ-SOUTH-02,Bharuch,UB-BIO-01,AgroSphere Bio-Shield,Green Crop Protection,Liters,454.6,342.7,32.4,61.7,0.0,0.1,0.54
2026-10-10,GJ-SOUTH-02,Bharuch,UB-BIO-01,AgroSphere Bio-Shield,Green Crop Protection,Liters,384.8,342.7,31.8,37.3,0.0,0.1,0.75
2026-10-11,GJ-SOUTH-02,Bharuch,UB-BIO-01,AgroSphere Bio-Shield,Green Crop Protection,Liters,371.6,342.7,37.9,41.6,0.0,0.1,1.0
2026-10-12,GJ-SOUTH-02,Bharuch,UB-BIO-01,AgroSphere Bio-Shield,Green Crop Protection,Liters,398.9,342.7,37.4,54.2,0.0,0.1,0.95
2026-10-13,GJ-SOUTH-02,Bharuch,UB-BIO-01,AgroSphere Bio-Shield,Green Crop Protection,Liters,402.2,342.7,32.1,53.1,0.0,0.1,0.61
2026-10-14,GJ-SOUTH-02,Bharuch,UB-BIO-01,AgroSphere Bio-Shield,Green Crop Protection,Liters,358.3,342.7,37.3,62.3,2.9,0.1,0.79
2026-10-01,GJ-SOUTH-02,Bharuch,UB-BIO-02,AgroSphere Larvi-Kill,Green Crop Protection,Liters,606.2,436.4,34.9,54.7,2.9,0.1,0.71
2026-10-02,GJ-SOUTH-02,Bharuch,UB-BIO-02,AgroSphere Larvi-Kill,Green Crop Protection,Liters,495.9,436.4,33.9,45.6,0.0,0.1,0.8
2026-10-03,GJ-SOUTH-02,Bharuch,UB-BIO-02,AgroSphere Larvi-Kill,Green Crop Protection,Liters,404.9,436.4,39.0,45.7,0.0,0.1,1.0
2026-10-04,GJ-SOUTH-02,Bharuch,UB-BIO-02,AgroSphere Larvi-Kill,Green Crop Protection,Liters,476.6,436.4,22.7,55.1,0.0,0.1,0.0
2026-10-05,GJ-SOUTH-02,Bharuch,UB-BIO-02,AgroSphere Larvi-Kill,Green Crop Protection,Liters,456.5,436.4,35.3,55.9,0.0,0.1,0.79
2026-10-06,GJ-SOUTH-02,Bharuch,UB-BIO-02,AgroSphere Larvi-Kill,Green Crop Protection,Liters,498.5,436.4,32.9,47.8,0.0,0.1,0.72
2026-10-07,GJ-SOUTH-02,Bharuch,UB-BIO-02,AgroSphere Larvi-Kill,Green Crop Protection,Liters,366.3,436.4,38.3,61.5,0.0,0.1,0.94
2026-10-08,GJ-SOUTH-02,Bharuch,UB-BIO-02,AgroSphere Larvi-Kill,Green Crop Protection,Liters,479.1,436.4,31.5,43.1,2.4,0.1,0.61
2026-10-09,GJ-SOUTH-02,Bharuch,UB-BIO-02,AgroSphere Larvi-Kill,Green Crop Protection,Liters,462.5,436.4,32.4,61.7,0.0,0.1,0.54
2026-10-10,GJ-SOUTH-02,Bharuch,UB-BIO-02,AgroSphere Larvi-Kill,Green Crop Protection,Liters,396.9,436.4,31.8,37.3,0.0,0.1,0.75
2026-10-11,GJ-SOUTH-02,Bharuch,UB-BIO-02,AgroSphere Larvi-Kill,Green Crop Protection,Liters,384.3,436.4,37.9,41.6,0.0,0.1,1.0
2026-10-12,GJ-SOUTH-02,Bharuch,UB-BIO-02,AgroSphere Larvi-Kill,Green Crop Protection,Liters,463.6,436.4,37.4,54.2,0.0,0.1,0.95
2026-10-13,GJ-SOUTH-02,Bharuch,UB-BIO-02,AgroSphere Larvi-Kill,Green Crop Protection,Liters,421.0,436.4,32.1,53.1,0.0,0.1,0.61
2026-10-14,GJ-SOUTH-02,Bharuch,UB-BIO-02,AgroSphere Larvi-Kill,Green Crop Protection,Liters,366.4,436.4,37.3,62.3,2.9,0.1,0.79
2026-10-01,GJ-SOUTH-02,Bharuch,UB-NUTR-01,AgroSphere Aqua-Gel Polymer,Crop Nutrition & Water Management,Kg,733.4,423.6,34.9,54.7,2.9,0.1,0.71
2026-10-02,GJ-SOUTH-02,Bharuch,UB-NUTR-01,AgroSphere Aqua-Gel Polymer,Crop Nutrition & Water Management,Kg,602.1,423.6,33.9,45.6,0.0,0.1,0.8
2026-10-03,GJ-SOUTH-02,Bharuch,UB-NUTR-01,AgroSphere Aqua-Gel Polymer,Crop Nutrition & Water Management,Kg,519.8,423.6,39.0,45.7,0.0,0.1,1.0
2026-10-04,GJ-SOUTH-02,Bharuch,UB-NUTR-01,AgroSphere Aqua-Gel Polymer,Crop Nutrition & Water Management,Kg,608.0,423.6,22.7,55.1,0.0,0.1,0.0
2026-10-05,GJ-SOUTH-02,Bharuch,UB-NUTR-01,AgroSphere Aqua-Gel Polymer,Crop Nutrition & Water Management,Kg,508.8,423.6,35.3,55.9,0.0,0.1,0.79
2026-10-06,GJ-SOUTH-02,Bharuch,UB-NUTR-01,AgroSphere Aqua-Gel Polymer,Crop Nutrition & Water Management,Kg,559.1,423.6,32.9,47.8,0.0,0.1,0.72
2026-10-07,GJ-SOUTH-02,Bharuch,UB-NUTR-01,AgroSphere Aqua-Gel Polymer,Crop Nutrition & Water Management,Kg,439.0,423.6,38.3,61.5,0.0,0.1,0.94
2026-10-08,GJ-SOUTH-02,Bharuch,UB-NUTR-01,AgroSphere Aqua-Gel Polymer,Crop Nutrition & Water Management,Kg,534.9,423.6,31.5,43.1,2.4,0.1,0.61
2026-10-09,GJ-SOUTH-02,Bharuch,UB-NUTR-01,AgroSphere Aqua-Gel Polymer,Crop Nutrition & Water Management,Kg,547.9,423.6,32.4,61.7,0.0,0.1,0.54
2026-10-10,GJ-SOUTH-02,Bharuch,UB-NUTR-01,AgroSphere Aqua-Gel Polymer,Crop Nutrition & Water Management,Kg,496.0,423.6,31.8,37.3,0.0,0.1,0.75
2026-10-11,GJ-SOUTH-02,Bharuch,UB-NUTR-01,AgroSphere Aqua-Gel Polymer,Crop Nutrition & Water Management,Kg,484.8,423.6,37.9,41.6,0.0,0.1,1.0
2026-10-12,GJ-SOUTH-02,Bharuch,UB-NUTR-01,AgroSphere Aqua-Gel Polymer,Crop Nutrition & Water Management,Kg,526.5,423.6,37.4,54.2,0.0,0.1,0.95
2026-10-13,GJ-SOUTH-02,Bharuch,UB-NUTR-01,AgroSphere Aqua-Gel Polymer,Crop Nutrition & Water Management,Kg,465.5,423.6,32.1,53.1,0.0,0.1,0.61
2026-10-14,GJ-SOUTH-02,Bharuch,UB-NUTR-01,AgroSphere Aqua-Gel Polymer,Crop Nutrition & Water Management,Kg,437.4,423.6,37.3,62.3,2.9,0.1,0.79
2026-10-01,GJ-SOUTH-02,Bharuch,UB-NUTR-02,AgroSphere Solu-NPK 19:19:19,Crop Nutrition & Water Management,Kg,588.6,285.3,34.9,54.7,2.9,0.1,0.71
2026-10-02,GJ-SOUTH-02,Bharuch,UB-NUTR-02,AgroSphere Solu-NPK 19:19:19,Crop Nutrition & Water Management,Kg,502.2,285.3,33.9,45.6,0.0,0.1,0.8
2026-10-03,GJ-SOUTH-02,Bharuch,UB-NUTR-02,AgroSphere Solu-NPK 19:19:19,Crop Nutrition & Water Management,Kg,391.4,285.3,39.0,45.7,0.0,0.1,1.0
2026-10-04,GJ-SOUTH-02,Bharuch,UB-NUTR-02,AgroSphere Solu-NPK 19:19:19,Crop Nutrition & Water Management,Kg,503.1,285.3,22.7,55.1,0.0,0.1,0.0
2026-10-05,GJ-SOUTH-02,Bharuch,UB-NUTR-02,AgroSphere Solu-NPK 19:19:19,Crop Nutrition & Water Management,Kg,484.0,285.3,35.3,55.9,0.0,0.1,0.79
2026-10-06,GJ-SOUTH-02,Bharuch,UB-NUTR-02,AgroSphere Solu-NPK 19:19:19,Crop Nutrition & Water Management,Kg,473.1,285.3,32.9,47.8,0.0,0.1,0.72
2026-10-07,GJ-SOUTH-02,Bharuch,UB-NUTR-02,AgroSphere Solu-NPK 19:19:19,Crop Nutrition & Water Management,Kg,353.1,285.3,38.3,61.5,0.0,0.1,0.94
2026-10-08,GJ-SOUTH-02,Bharuch,UB-NUTR-02,AgroSphere Solu-NPK 19:19:19,Crop Nutrition & Water Management,Kg,439.4,285.3,31.5,43.1,2.4,0.1,0.61
2026-10-09,GJ-SOUTH-02,Bharuch,UB-NUTR-02,AgroSphere Solu-NPK 19:19:19,Crop Nutrition & Water Management,Kg,474.3,285.3,32.4,61.7,0.0,0.1,0.54
2026-10-10,GJ-SOUTH-02,Bharuch,UB-NUTR-02,AgroSphere Solu-NPK 19:19:19,Crop Nutrition & Water Management,Kg,392.2,285.3,31.8,37.3,0.0,0.1,0.75
2026-10-11,GJ-SOUTH-02,Bharuch,UB-NUTR-02,AgroSphere Solu-NPK 19:19:19,Crop Nutrition & Water Management,Kg,398.4,285.3,37.9,41.6,0.0,0.1,1.0
2026-10-12,GJ-SOUTH-02,Bharuch,UB-NUTR-02,AgroSphere Solu-NPK 19:19:19,Crop Nutrition & Water Management,Kg,418.2,285.3,37.4,54.2,0.0,0.1,0.95
2026-10-13,GJ-SOUTH-02,Bharuch,UB-NUTR-02,AgroSphere Solu-NPK 19:19:19,Crop Nutrition & Water Management,Kg,392.5,285.3,32.1,53.1,0.0,0.1,0.61
2026-10-14,GJ-SOUTH-02,Bharuch,UB-NUTR-02,AgroSphere Solu-NPK 19:19:19,Crop Nutrition & Water Management,Kg,356.7,285.3,37.3,62.3,2.9,0.1,0.79
2026-10-01,GJ-SOUTH-02,Bharuch,UB-STIM-01,AgroSphere Bio-Zyme Gold,Bio-Organic Formulations,Liters,579.8,413.6,34.9,54.7,2.9,0.1,0.71
2026-10-02,GJ-SOUTH-02,Bharuch,UB-STIM-01,AgroSphere Bio-Zyme Gold,Bio-Organic Formulations,Liters,485.6,413.6,33.9,45.6,0.0,0.1,0.8
2026-10-03,GJ-SOUTH-02,Bharuch,UB-STIM-01,AgroSphere Bio-Zyme Gold,Bio-Organic Formulations,Liters,404.7,413.6,39.0,45.7,0.0,0.1,1.0
2026-10-04,GJ-SOUTH-02,Bharuch,UB-STIM-01,AgroSphere Bio-Zyme Gold,Bio-Organic Formulations,Liters,480.4,413.6,22.7,55.1,0.0,0.1,0.0
2026-10-05,GJ-SOUTH-02,Bharuch,UB-STIM-01,AgroSphere Bio-Zyme Gold,Bio-Organic Formulations,Liters,424.9,413.6,35.3,55.9,0.0,0.1,0.79
2026-10-06,GJ-SOUTH-02,Bharuch,UB-STIM-01,AgroSphere Bio-Zyme Gold,Bio-Organic Formulations,Liters,477.4,413.6,32.9,47.8,0.0,0.1,0.72
2026-10-07,GJ-SOUTH-02,Bharuch,UB-STIM-01,AgroSphere Bio-Zyme Gold,Bio-Organic Formulations,Liters,353.5,413.6,38.3,61.5,0.0,0.1,0.94
2026-10-08,GJ-SOUTH-02,Bharuch,UB-STIM-01,AgroSphere Bio-Zyme Gold,Bio-Organic Formulations,Liters,451.7,413.6,31.5,43.1,2.4,0.1,0.61
2026-10-09,GJ-SOUTH-02,Bharuch,UB-STIM-01,AgroSphere Bio-Zyme Gold,Bio-Organic Formulations,Liters,440.6,413.6,32.4,61.7,0.0,0.1,0.54
2026-10-10,GJ-SOUTH-02,Bharuch,UB-STIM-01,AgroSphere Bio-Zyme Gold,Bio-Organic Formulations,Liters,391.9,413.6,31.8,37.3,0.0,0.1,0.75
2026-10-11,GJ-SOUTH-02,Bharuch,UB-STIM-01,AgroSphere Bio-Zyme Gold,Bio-Organic Formulations,Liters,383.5,413.6,37.9,41.6,0.0,0.1,1.0
2026-10-12,GJ-SOUTH-02,Bharuch,UB-STIM-01,AgroSphere Bio-Zyme Gold,Bio-Organic Formulations,Liters,450.1,413.6,37.4,54.2,0.0,0.1,0.95
2026-10-13,GJ-SOUTH-02,Bharuch,UB-STIM-01,AgroSphere Bio-Zyme Gold,Bio-Organic Formulations,Liters,389.5,413.6,32.1,53.1,0.0,0.1,0.61
2026-10-14,GJ-SOUTH-02,Bharuch,UB-STIM-01,AgroSphere Bio-Zyme Gold,Bio-Organic Formulations,Liters,358.3,413.6,37.3,62.3,2.9,0.1,0.79
2026-10-01,GJ-SOUTH-02,Bharuch,UB-BULK-01,AgroSphere Tech-Grade Amino 80%,Bulk Raw Material Manufacturing,Kg,649.1,363.9,34.9,54.7,2.9,0.1,0.71
2026-10-02,GJ-SOUTH-02,Bharuch,UB-BULK-01,AgroSphere Tech-Grade Amino 80%,Bulk Raw Material Manufacturing,Kg,523.7,363.9,33.9,45.6,0.0,0.1,0.8
2026-10-03,GJ-SOUTH-02,Bharuch,UB-BULK-01,AgroSphere Tech-Grade Amino 80%,Bulk Raw Material Manufacturing,Kg,384.2,363.9,39.0,45.7,0.0,0.1,1.0
2026-10-04,GJ-SOUTH-02,Bharuch,UB-BULK-01,AgroSphere Tech-Grade Amino 80%,Bulk Raw Material Manufacturing,Kg,473.9,363.9,22.7,55.1,0.0,0.1,0.0
2026-10-05,GJ-SOUTH-02,Bharuch,UB-BULK-01,AgroSphere Tech-Grade Amino 80%,Bulk Raw Material Manufacturing,Kg,502.9,363.9,35.3,55.9,0.0,0.1,0.79
2026-10-06,GJ-SOUTH-02,Bharuch,UB-BULK-01,AgroSphere Tech-Grade Amino 80%,Bulk Raw Material Manufacturing,Kg,492.2,363.9,32.9,47.8,0.0,0.1,0.72
2026-10-07,GJ-SOUTH-02,Bharuch,UB-BULK-01,AgroSphere Tech-Grade Amino 80%,Bulk Raw Material Manufacturing,Kg,347.9,363.9,38.3,61.5,0.0,0.1,0.94
2026-10-08,GJ-SOUTH-02,Bharuch,UB-BULK-01,AgroSphere Tech-Grade Amino 80%,Bulk Raw Material Manufacturing,Kg,470.3,363.9,31.5,43.1,2.4,0.1,0.61
2026-10-09,GJ-SOUTH-02,Bharuch,UB-BULK-01,AgroSphere Tech-Grade Amino 80%,Bulk Raw Material Manufacturing,Kg,462.2,363.9,32.4,61.7,0.0,0.1,0.54
2026-10-10,GJ-SOUTH-02,Bharuch,UB-BULK-01,AgroSphere Tech-Grade Amino 80%,Bulk Raw Material Manufacturing,Kg,385.4,363.9,31.8,37.3,0.0,0.1,0.75
2026-10-11,GJ-SOUTH-02,Bharuch,UB-BULK-01,AgroSphere Tech-Grade Amino 80%,Bulk Raw Material Manufacturing,Kg,372.3,363.9,37.9,41.6,0.0,0.1,1.0
2026-10-12,GJ-SOUTH-02,Bharuch,UB-BULK-01,AgroSphere Tech-Grade Amino 80%,Bulk Raw Material Manufacturing,Kg,404.8,363.9,37.4,54.2,0.0,0.1,0.95
2026-10-13,GJ-SOUTH-02,Bharuch,UB-BULK-01,AgroSphere Tech-Grade Amino 80%,Bulk Raw Material Manufacturing,Kg,409.3,363.9,32.1,53.1,0.0,0.1,0.61
2026-10-14,GJ-SOUTH-02,Bharuch,UB-BULK-01,AgroSphere Tech-Grade Amino 80%,Bulk Raw Material Manufacturing,Kg,367.6,363.9,37.3,62.3,2.9,0.1,0.79
2026-10-01,GJ-SOUTH-02,Bharuch,UB-URBN-01,AgroSphere Plant Revival Tonic,Urban Horticulture (Gardenica),Bottles (500ml),615.7,362.7,34.9,54.7,2.9,0.1,0.71
2026-10-02,GJ-SOUTH-02,Bharuch,UB-URBN-01,AgroSphere Plant Revival Tonic,Urban Horticulture (Gardenica),Bottles (500ml),515.7,362.7,33.9,45.6,0.0,0.1,0.8
2026-10-03,GJ-SOUTH-02,Bharuch,UB-URBN-01,AgroSphere Plant Revival Tonic,Urban Horticulture (Gardenica),Bottles (500ml),399.6,362.7,39.0,45.7,0.0,0.1,1.0
2026-10-04,GJ-SOUTH-02,Bharuch,UB-URBN-01,AgroSphere Plant Revival Tonic,Urban Horticulture (Gardenica),Bottles (500ml),488.9,362.7,22.7,55.1,0.0,0.1,0.0
2026-10-05,GJ-SOUTH-02,Bharuch,UB-URBN-01,AgroSphere Plant Revival Tonic,Urban Horticulture (Gardenica),Bottles (500ml),506.2,362.7,35.3,55.9,0.0,0.1,0.79
2026-10-06,GJ-SOUTH-02,Bharuch,UB-URBN-01,AgroSphere Plant Revival Tonic,Urban Horticulture (Gardenica),Bottles (500ml),491.3,362.7,32.9,47.8,0.0,0.1,0.72
2026-10-07,GJ-SOUTH-02,Bharuch,UB-URBN-01,AgroSphere Plant Revival Tonic,Urban Horticulture (Gardenica),Bottles (500ml),360.8,362.7,38.3,61.5,0.0,0.1,0.94
2026-10-08,GJ-SOUTH-02,Bharuch,UB-URBN-01,AgroSphere Plant Revival Tonic,Urban Horticulture (Gardenica),Bottles (500ml),478.5,362.7,31.5,43.1,2.4,0.1,0.61
2026-10-09,GJ-SOUTH-02,Bharuch,UB-URBN-01,AgroSphere Plant Revival Tonic,Urban Horticulture (Gardenica),Bottles (500ml),473.3,362.7,32.4,61.7,0.0,0.1,0.54
2026-10-10,GJ-SOUTH-02,Bharuch,UB-URBN-01,AgroSphere Plant Revival Tonic,Urban Horticulture (Gardenica),Bottles (500ml),396.1,362.7,31.8,37.3,0.0,0.1,0.75
2026-10-11,GJ-SOUTH-02,Bharuch,UB-URBN-01,AgroSphere Plant Revival Tonic,Urban Horticulture (Gardenica),Bottles (500ml),382.5,362.7,37.9,41.6,0.0,0.1,1.0
2026-10-12,GJ-SOUTH-02,Bharuch,UB-URBN-01,AgroSphere Plant Revival Tonic,Urban Horticulture (Gardenica),Bottles (500ml),426.8,362.7,37.4,54.2,0.0,0.1,0.95
2026-10-13,GJ-SOUTH-02,Bharuch,UB-URBN-01,AgroSphere Plant Revival Tonic,Urban Horticulture (Gardenica),Bottles (500ml),407.8,362.7,32.1,53.1,0.0,0.1,0.61
2026-10-14,GJ-SOUTH-02,Bharuch,UB-URBN-01,AgroSphere Plant Revival Tonic,Urban Horticulture (Gardenica),Bottles (500ml),387.3,362.7,37.3,62.3,2.9,0.1,0.79
2026-10-01,GJ-NORTH-01,Mehsana,UB-BIO-01,AgroSphere Bio-Shield,Green Crop Protection,Liters,624.7,379.6,33.9,40.8,0.0,0.1,0.85
2026-10-02,GJ-NORTH-01,Mehsana,UB-BIO-01,AgroSphere Bio-Shield,Green Crop Protection,Liters,491.9,379.6,34.5,69.6,0.0,0.1,0.6
2026-10-03,GJ-NORTH-01,Mehsana,UB-BIO-01,AgroSphere Bio-Shield,Green Crop Protection,Liters,461.3,379.6,30.7,53.8,0.0,0.1,0.51
2026-10-04,GJ-NORTH-01,Mehsana,UB-BIO-01,AgroSphere Bio-Shield,Green Crop Protection,Liters,467.2,379.6,33.4,54.8,0.0,0.1,0.68
2026-10-05,GJ-NORTH-01,Mehsana,UB-BIO-01,AgroSphere Bio-Shield,Green Crop Protection,Liters,488.8,379.6,36.2,28.9,0.0,0.1,1.0
2026-10-06,GJ-NORTH-01,Mehsana,UB-BIO-01,AgroSphere Bio-Shield,Green Crop Protection,Liters,472.8,379.6,36.2,59.6,0.0,0.1,0.82
2026-10-07,GJ-NORTH-01,Mehsana,UB-BIO-01,AgroSphere Bio-Shield,Green Crop Protection,Liters,361.4,379.6,29.2,48.4,0.0,0.1,0.46
2026-10-08,GJ-NORTH-01,Mehsana,UB-BIO-01,AgroSphere Bio-Shield,Green Crop Protection,Liters,421.3,379.6,33.6,25.0,0.0,0.1,0.99
2026-10-09,GJ-NORTH-01,Mehsana,UB-BIO-01,AgroSphere Bio-Shield,Green Crop Protection,Liters,374.8,379.6,37.0,61.0,0.0,0.1,0.86
2026-10-10,GJ-NORTH-01,Mehsana,UB-BIO-01,AgroSphere Bio-Shield,Green Crop Protection,Liters,405.1,379.6,32.7,57.8,0.0,0.1,0.6
2026-10-11,GJ-NORTH-01,Mehsana,UB-BIO-01,AgroSphere Bio-Shield,Green Crop Protection,Liters,349.8,379.6,36.7,61.0,0.0,0.1,0.84
2026-10-12,GJ-NORTH-01,Mehsana,UB-BIO-01,AgroSphere Bio-Shield,Green Crop Protection,Liters,384.5,379.6,30.5,58.1,4.0,0.1,0.35
2026-10-13,GJ-NORTH-01,Mehsana,UB-BIO-01,AgroSphere Bio-Shield,Green Crop Protection,Liters,360.2,379.6,28.6,41.3,0.0,0.1,0.49
2026-10-14,GJ-NORTH-01,Mehsana,UB-BIO-01,AgroSphere Bio-Shield,Green Crop Protection,Liters,400.2,379.6,36.8,60.7,0.8,0.1,0.83
2026-10-01,GJ-NORTH-01,Mehsana,UB-BIO-02,AgroSphere Larvi-Kill,Green Crop Protection,Liters,646.0,450.0,33.9,40.8,0.0,0.1,0.85
2026-10-02,GJ-NORTH-01,Mehsana,UB-BIO-02,AgroSphere Larvi-Kill,Green Crop Protection,Liters,485.0,450.0,34.5,69.6,0.0,0.1,0.6
2026-10-03,GJ-NORTH-01,Mehsana,UB-BIO-02,AgroSphere Larvi-Kill,Green Crop Protection,Liters,505.5,450.0,30.7,53.8,0.0,0.1,0.51
2026-10-04,GJ-NORTH-01,Mehsana,UB-BIO-02,AgroSphere Larvi-Kill,Green Crop Protection,Liters,493.4,450.0,33.4,54.8,0.0,0.1,0.68
2026-10-05,GJ-NORTH-01,Mehsana,UB-BIO-02,AgroSphere Larvi-Kill,Green Crop Protection,Liters,471.0,450.0,36.2,28.9,0.0,0.1,1.0
2026-10-06,GJ-NORTH-01,Mehsana,UB-BIO-02,AgroSphere Larvi-Kill,Green Crop Protection,Liters,503.6,450.0,36.2,59.6,0.0,0.1,0.82
2026-10-07,GJ-NORTH-01,Mehsana,UB-BIO-02,AgroSphere Larvi-Kill,Green Crop Protection,Liters,403.7,450.0,29.2,48.4,0.0,0.1,0.46
2026-10-08,GJ-NORTH-01,Mehsana,UB-BIO-02,AgroSphere Larvi-Kill,Green Crop Protection,Liters,432.6,450.0,33.6,25.0,0.0,0.1,0.99
2026-10-09,GJ-NORTH-01,Mehsana,UB-BIO-02,AgroSphere Larvi-Kill,Green Crop Protection,Liters,401.5,450.0,37.0,61.0,0.0,0.1,0.86
2026-10-10,GJ-NORTH-01,Mehsana,UB-BIO-02,AgroSphere Larvi-Kill,Green Crop Protection,Liters,439.3,450.0,32.7,57.8,0.0,0.1,0.6
2026-10-11,GJ-NORTH-01,Mehsana,UB-BIO-02,AgroSphere Larvi-Kill,Green Crop Protection,Liters,375.1,450.0,36.7,61.0,0.0,0.1,0.84
2026-10-12,GJ-NORTH-01,Mehsana,UB-BIO-02,AgroSphere Larvi-Kill,Green Crop Protection,Liters,410.6,450.0,30.5,58.1,4.0,0.1,0.35
2026-10-13,GJ-NORTH-01,Mehsana,UB-BIO-02,AgroSphere Larvi-Kill,Green Crop Protection,Liters,402.5,450.0,28.6,41.3,0.0,0.1,0.49
2026-10-14,GJ-NORTH-01,Mehsana,UB-BIO-02,AgroSphere Larvi-Kill,Green Crop Protection,Liters,422.2,450.0,36.8,60.7,0.8,0.1,0.83
2026-10-01,GJ-NORTH-01,Mehsana,UB-NUTR-01,AgroSphere Aqua-Gel Polymer,Crop Nutrition & Water Management,Kg,772.5,546.9,33.9,40.8,0.0,0.1,0.85
2026-10-02,GJ-NORTH-01,Mehsana,UB-NUTR-01,AgroSphere Aqua-Gel Polymer,Crop Nutrition & Water Management,Kg,599.6,546.9,34.5,69.6,0.0,0.1,0.6
2026-10-03,GJ-NORTH-01,Mehsana,UB-NUTR-01,AgroSphere Aqua-Gel Polymer,Crop Nutrition & Water Management,Kg,609.3,546.9,30.7,53.8,0.0,0.1,0.51
2026-10-04,GJ-NORTH-01,Mehsana,UB-NUTR-01,AgroSphere Aqua-Gel Polymer,Crop Nutrition & Water Management,Kg,586.5,546.9,33.4,54.8,0.0,0.1,0.68
2026-10-05,GJ-NORTH-01,Mehsana,UB-NUTR-01,AgroSphere Aqua-Gel Polymer,Crop Nutrition & Water Management,Kg,621.4,546.9,36.2,28.9,0.0,0.1,1.0
2026-10-06,GJ-NORTH-01,Mehsana,UB-NUTR-01,AgroSphere Aqua-Gel Polymer,Crop Nutrition & Water Management,Kg,676.3,546.9,36.2,59.6,0.0,0.1,0.82
2026-10-07,GJ-NORTH-01,Mehsana,UB-NUTR-01,AgroSphere Aqua-Gel Polymer,Crop Nutrition & Water Management,Kg,572.8,546.9,29.2,48.4,0.0,0.1,0.46
2026-10-08,GJ-NORTH-01,Mehsana,UB-NUTR-01,AgroSphere Aqua-Gel Polymer,Crop Nutrition & Water Management,Kg,591.0,546.9,33.6,25.0,0.0,0.1,0.99
2026-10-09,GJ-NORTH-01,Mehsana,UB-NUTR-01,AgroSphere Aqua-Gel Polymer,Crop Nutrition & Water Management,Kg,528.5,546.9,37.0,61.0,0.0,0.1,0.86
2026-10-10,GJ-NORTH-01,Mehsana,UB-NUTR-01,AgroSphere Aqua-Gel Polymer,Crop Nutrition & Water Management,Kg,519.4,546.9,32.7,57.8,0.0,0.1,0.6
2026-10-11,GJ-NORTH-01,Mehsana,UB-NUTR-01,AgroSphere Aqua-Gel Polymer,Crop Nutrition & Water Management,Kg,518.2,546.9,36.7,61.0,0.0,0.1,0.84
2026-10-12,GJ-NORTH-01,Mehsana,UB-NUTR-01,AgroSphere Aqua-Gel Polymer,Crop Nutrition & Water Management,Kg,547.7,546.9,30.5,58.1,4.0,0.1,0.35
2026-10-13,GJ-NORTH-01,Mehsana,UB-NUTR-01,AgroSphere Aqua-Gel Polymer,Crop Nutrition & Water Management,Kg,552.6,546.9,28.6,41.3,0.0,0.1,0.49
2026-10-14,GJ-NORTH-01,Mehsana,UB-NUTR-01,AgroSphere Aqua-Gel Polymer,Crop Nutrition & Water Management,Kg,578.3,546.9,36.8,60.7,0.8,0.1,0.83
2026-10-01,GJ-NORTH-01,Mehsana,UB-NUTR-02,AgroSphere Solu-NPK 19:19:19,Crop Nutrition & Water Management,Kg,638.9,377.9,33.9,40.8,0.0,0.1,0.85
2026-10-02,GJ-NORTH-01,Mehsana,UB-NUTR-02,AgroSphere Solu-NPK 19:19:19,Crop Nutrition & Water Management,Kg,495.0,377.9,34.5,69.6,0.0,0.1,0.6
2026-10-03,GJ-NORTH-01,Mehsana,UB-NUTR-02,AgroSphere Solu-NPK 19:19:19,Crop Nutrition & Water Management,Kg,461.2,377.9,30.7,53.8,0.0,0.1,0.51
2026-10-04,GJ-NORTH-01,Mehsana,UB-NUTR-02,AgroSphere Solu-NPK 19:19:19,Crop Nutrition & Water Management,Kg,465.7,377.9,33.4,54.8,0.0,0.1,0.68
2026-10-05,GJ-NORTH-01,Mehsana,UB-NUTR-02,AgroSphere Solu-NPK 19:19:19,Crop Nutrition & Water Management,Kg,488.7,377.9,36.2,28.9,0.0,0.1,1.0
2026-10-06,GJ-NORTH-01,Mehsana,UB-NUTR-02,AgroSphere Solu-NPK 19:19:19,Crop Nutrition & Water Management,Kg,472.7,377.9,36.2,59.6,0.0,0.1,0.82
2026-10-07,GJ-NORTH-01,Mehsana,UB-NUTR-02,AgroSphere Solu-NPK 19:19:19,Crop Nutrition & Water Management,Kg,365.3,377.9,29.2,48.4,0.0,0.1,0.46
2026-10-08,GJ-NORTH-01,Mehsana,UB-NUTR-02,AgroSphere Solu-NPK 19:19:19,Crop Nutrition & Water Management,Kg,409.6,377.9,33.6,25.0,0.0,0.1,0.99
2026-10-09,GJ-NORTH-01,Mehsana,UB-NUTR-02,AgroSphere Solu-NPK 19:19:19,Crop Nutrition & Water Management,Kg,376.3,377.9,37.0,61.0,0.0,0.1,0.86
2026-10-10,GJ-NORTH-01,Mehsana,UB-NUTR-02,AgroSphere Solu-NPK 19:19:19,Crop Nutrition & Water Management,Kg,403.5,377.9,32.7,57.8,0.0,0.1,0.6
2026-10-11,GJ-NORTH-01,Mehsana,UB-NUTR-02,AgroSphere Solu-NPK 19:19:19,Crop Nutrition & Water Management,Kg,348.2,377.9,36.7,61.0,0.0,0.1,0.84
2026-10-12,GJ-NORTH-01,Mehsana,UB-NUTR-02,AgroSphere Solu-NPK 19:19:19,Crop Nutrition & Water Management,Kg,386.8,377.9,30.5,58.1,4.0,0.1,0.35
2026-10-13,GJ-NORTH-01,Mehsana,UB-NUTR-02,AgroSphere Solu-NPK 19:19:19,Crop Nutrition & Water Management,Kg,363.8,377.9,28.6,41.3,0.0,0.1,0.49
2026-10-14,GJ-NORTH-01,Mehsana,UB-NUTR-02,AgroSphere Solu-NPK 19:19:19,Crop Nutrition & Water Management,Kg,393.0,377.9,36.8,60.7,0.8,0.1,0.83
2026-10-01,GJ-NORTH-01,Mehsana,UB-STIM-01,AgroSphere Bio-Zyme Gold,Bio-Organic Formulations,Liters,569.6,383.7,33.9,40.8,0.0,0.1,0.85
2026-10-02,GJ-NORTH-01,Mehsana,UB-STIM-01,AgroSphere Bio-Zyme Gold,Bio-Organic Formulations,Liters,454.4,383.7,34.5,69.6,0.0,0.1,0.6
2026-10-03,GJ-NORTH-01,Mehsana,UB-STIM-01,AgroSphere Bio-Zyme Gold,Bio-Organic Formulations,Liters,451.9,383.7,30.7,53.8,0.0,0.1,0.51
2026-10-04,GJ-NORTH-01,Mehsana,UB-STIM-01,AgroSphere Bio-Zyme Gold,Bio-Organic Formulations,Liters,454.2,383.7,33.4,54.8,0.0,0.1,0.68
2026-10-05,GJ-NORTH-01,Mehsana,UB-STIM-01,AgroSphere Bio-Zyme Gold,Bio-Organic Formulations,Liters,488.6,383.7,36.2,28.9,0.0,0.1,1.0
2026-10-06,GJ-NORTH-01,Mehsana,UB-STIM-01,AgroSphere Bio-Zyme Gold,Bio-Organic Formulations,Liters,462.9,383.7,36.2,59.6,0.0,0.1,0.82
2026-10-07,GJ-NORTH-01,Mehsana,UB-STIM-01,AgroSphere Bio-Zyme Gold,Bio-Organic Formulations,Liters,334.8,383.7,29.2,48.4,0.0,0.1,0.46
2026-10-08,GJ-NORTH-01,Mehsana,UB-STIM-01,AgroSphere Bio-Zyme Gold,Bio-Organic Formulations,Liters,401.1,383.7,33.6,25.0,0.0,0.1,0.99
2026-10-09,GJ-NORTH-01,Mehsana,UB-STIM-01,AgroSphere Bio-Zyme Gold,Bio-Organic Formulations,Liters,371.7,383.7,37.0,61.0,0.0,0.1,0.86
2026-10-10,GJ-NORTH-01,Mehsana,UB-STIM-01,AgroSphere Bio-Zyme Gold,Bio-Organic Formulations,Liters,382.3,383.7,32.7,57.8,0.0,0.1,0.6
2026-10-11,GJ-NORTH-01,Mehsana,UB-STIM-01,AgroSphere Bio-Zyme Gold,Bio-Organic Formulations,Liters,328.7,383.7,36.7,61.0,0.0,0.1,0.84
2026-10-12,GJ-NORTH-01,Mehsana,UB-STIM-01,AgroSphere Bio-Zyme Gold,Bio-Organic Formulations,Liters,373.4,383.7,30.5,58.1,4.0,0.1,0.35
2026-10-13,GJ-NORTH-01,Mehsana,UB-STIM-01,AgroSphere Bio-Zyme Gold,Bio-Organic Formulations,Liters,345.6,383.7,28.6,41.3,0.0,0.1,0.49
2026-10-14,GJ-NORTH-01,Mehsana,UB-STIM-01,AgroSphere Bio-Zyme Gold,Bio-Organic Formulations,Liters,389.2,383.7,36.8,60.7,0.8,0.1,0.83
2026-10-01,GJ-NORTH-01,Mehsana,UB-BULK-01,AgroSphere Tech-Grade Amino 80%,Bulk Raw Material Manufacturing,Kg,627.6,495.3,33.9,40.8,0.0,0.1,0.85
2026-10-02,GJ-NORTH-01,Mehsana,UB-BULK-01,AgroSphere Tech-Grade Amino 80%,Bulk Raw Material Manufacturing,Kg,468.0,495.3,34.5,69.6,0.0,0.1,0.6
2026-10-03,GJ-NORTH-01,Mehsana,UB-BULK-01,AgroSphere Tech-Grade Amino 80%,Bulk Raw Material Manufacturing,Kg,500.8,495.3,30.7,53.8,0.0,0.1,0.51
2026-10-04,GJ-NORTH-01,Mehsana,UB-BULK-01,AgroSphere Tech-Grade Amino 80%,Bulk Raw Material Manufacturing,Kg,480.4,495.3,33.4,54.8,0.0,0.1,0.68
2026-10-05,GJ-NORTH-01,Mehsana,UB-BULK-01,AgroSphere Tech-Grade Amino 80%,Bulk Raw Material Manufacturing,Kg,478.1,495.3,36.2,28.9,0.0,0.1,1.0
2026-10-06,GJ-NORTH-01,Mehsana,UB-BULK-01,AgroSphere Tech-Grade Amino 80%,Bulk Raw Material Manufacturing,Kg,503.6,495.3,36.2,59.6,0.0,0.1,0.82
2026-10-07,GJ-NORTH-01,Mehsana,UB-BULK-01,AgroSphere Tech-Grade Amino 80%,Bulk Raw Material Manufacturing,Kg,406.7,495.3,29.2,48.4,0.0,0.1,0.46
2026-10-08,GJ-NORTH-01,Mehsana,UB-BULK-01,AgroSphere Tech-Grade Amino 80%,Bulk Raw Material Manufacturing,Kg,438.8,495.3,33.6,25.0,0.0,0.1,0.99
2026-10-09,GJ-NORTH-01,Mehsana,UB-BULK-01,AgroSphere Tech-Grade Amino 80%,Bulk Raw Material Manufacturing,Kg,401.4,495.3,37.0,61.0,0.0,0.1,0.86
2026-10-10,GJ-NORTH-01,Mehsana,UB-BULK-01,AgroSphere Tech-Grade Amino 80%,Bulk Raw Material Manufacturing,Kg,434.2,495.3,32.7,57.8,0.0,0.1,0.6
2026-10-11,GJ-NORTH-01,Mehsana,UB-BULK-01,AgroSphere Tech-Grade Amino 80%,Bulk Raw Material Manufacturing,Kg,392.2,495.3,36.7,61.0,0.0,0.1,0.84
2026-10-12,GJ-NORTH-01,Mehsana,UB-BULK-01,AgroSphere Tech-Grade Amino 80%,Bulk Raw Material Manufacturing,Kg,416.0,495.3,30.5,58.1,4.0,0.1,0.35
2026-10-13,GJ-NORTH-01,Mehsana,UB-BULK-01,AgroSphere Tech-Grade Amino 80%,Bulk Raw Material Manufacturing,Kg,403.4,495.3,28.6,41.3,0.0,0.1,0.49
2026-10-14,GJ-NORTH-01,Mehsana,UB-BULK-01,AgroSphere Tech-Grade Amino 80%,Bulk Raw Material Manufacturing,Kg,441.7,495.3,36.8,60.7,0.8,0.1,0.83
2026-10-01,GJ-NORTH-01,Mehsana,UB-URBN-01,AgroSphere Plant Revival Tonic,Urban Horticulture (Gardenica),Bottles (500ml),613.1,358.6,33.9,40.8,0.0,0.1,0.85
2026-10-02,GJ-NORTH-01,Mehsana,UB-URBN-01,AgroSphere Plant Revival Tonic,Urban Horticulture (Gardenica),Bottles (500ml),467.2,358.6,34.5,69.6,0.0,0.1,0.6
2026-10-03,GJ-NORTH-01,Mehsana,UB-URBN-01,AgroSphere Plant Revival Tonic,Urban Horticulture (Gardenica),Bottles (500ml),466.9,358.6,30.7,53.8,0.0,0.1,0.51
2026-10-04,GJ-NORTH-01,Mehsana,UB-URBN-01,AgroSphere Plant Revival Tonic,Urban Horticulture (Gardenica),Bottles (500ml),468.5,358.6,33.4,54.8,0.0,0.1,0.68
2026-10-05,GJ-NORTH-01,Mehsana,UB-URBN-01,AgroSphere Plant Revival Tonic,Urban Horticulture (Gardenica),Bottles (500ml),479.2,358.6,36.2,28.9,0.0,0.1,1.0
2026-10-06,GJ-NORTH-01,Mehsana,UB-URBN-01,AgroSphere Plant Revival Tonic,Urban Horticulture (Gardenica),Bottles (500ml),463.5,358.6,36.2,59.6,0.0,0.1,0.82
2026-10-07,GJ-NORTH-01,Mehsana,UB-URBN-01,AgroSphere Plant Revival Tonic,Urban Horticulture (Gardenica),Bottles (500ml),363.5,358.6,29.2,48.4,0.0,0.1,0.46
2026-10-08,GJ-NORTH-01,Mehsana,UB-URBN-01,AgroSphere Plant Revival Tonic,Urban Horticulture (Gardenica),Bottles (500ml),413.7,358.6,33.6,25.0,0.0,0.1,0.99
2026-10-09,GJ-NORTH-01,Mehsana,UB-URBN-01,AgroSphere Plant Revival Tonic,Urban Horticulture (Gardenica),Bottles (500ml),383.7,358.6,37.0,61.0,0.0,0.1,0.86
2026-10-10,GJ-NORTH-01,Mehsana,UB-URBN-01,AgroSphere Plant Revival Tonic,Urban Horticulture (Gardenica),Bottles (500ml),402.3,358.6,32.7,57.8,0.0,0.1,0.6
2026-10-11,GJ-NORTH-01,Mehsana,UB-URBN-01,AgroSphere Plant Revival Tonic,Urban Horticulture (Gardenica),Bottles (500ml),339.8,358.6,36.7,61.0,0.0,0.1,0.84
2026-10-12,GJ-NORTH-01,Mehsana,UB-URBN-01,AgroSphere Plant Revival Tonic,Urban Horticulture (Gardenica),Bottles (500ml),384.4,358.6,30.5,58.1,4.0,0.1,0.35
2026-10-13,GJ-NORTH-01,Mehsana,UB-URBN-01,AgroSphere Plant Revival Tonic,Urban Horticulture (Gardenica),Bottles (500ml),352.4,358.6,28.6,41.3,0.0,0.1,0.49
2026-10-14,GJ-NORTH-01,Mehsana,UB-URBN-01,AgroSphere Plant Revival Tonic,Urban Horticulture (Gardenica),Bottles (500ml),398.3,358.6,36.8,60.7,0.8,0.1,0.83
