cluster_id,district,sku_id,product_name,category,unit,total_predicted_14d_demand,baseline_14d_demand,avg_temp,avg_humidity,total_rain,max_pest_threat,avg_water_stress,surge_pct,surge_status,is_alert_triggered
GJ-CENTRAL-01,Vadodara,UB-BIO-01,AgroSphere Bio-Shield,Green Crop Protection,Liters,6924.8,6459.599999999999,33.74285714285714,49.714285714285715,2.9,0.1,0.7042857142857143,7.2,NORMAL,False
GJ-CENTRAL-01,Vadodara,UB-BIO-02,AgroSphere Larvi-Kill,Green Crop Protection,Liters,6453.400000000001,5716.2,33.74285714285714,49.714285714285715,2.9,0.1,0.7042857142857143,12.9,MODERATE_SURGE,False
GJ-CENTRAL-01,Vadodara,UB-BULK-01,AgroSphere Tech-Grade Amino 80%,Bulk Raw Material Manufacturing,Kg,6291.8,5108.599999999999,33.74285714285714,49.714285714285715,2.9,0.1,0.7042857142857143,23.2,MODERATE_SURGE,False
GJ-CENTRAL-01,Vadodara,UB-NUTR-01,AgroSphere Aqua-Gel Polymer,Crop Nutrition & Water Management,Kg,7995.0,7205.800000000001,33.74285714285714,49.714285714285715,2.9,0.1,0.7042857142857143,11.0,MODERATE_SURGE,False
GJ-CENTRAL-01,Vadodara,UB-NUTR-02,AgroSphere Solu-NPK 19:19:19,Crop Nutrition & Water Management,Kg,6200.2,4988.2,33.74285714285714,49.714285714285715,2.9,0.1,0.7042857142857143,24.3,MODERATE_SURGE,False
GJ-CENTRAL-01,Vadodara,UB-STIM-01,AgroSphere Bio-Zyme Gold,Bio-Organic Formulations,Liters,5969.8,4299.400000000001,33.74285714285714,49.714285714285715,2.9,0.1,0.7042857142857143,38.9,CRITICAL_SURGE,True
GJ-CENTRAL-01,Vadodara,UB-URBN-01,AgroSphere Plant Revival Tonic,Urban Horticulture (Gardenica),Bottles (500ml),6120.8,5570.599999999999,33.74285714285714,49.714285714285715,2.9,0.1,0.7042857142857143,9.9,NORMAL,False
GJ-CENTRAL-02,Anand,UB-BIO-01,AgroSphere Bio-Shield,Green Crop Protection,Liters,6973.6,6147.400000000001,33.22857142857143,42.32142857142857,1.9,0.1,0.7571428571428571,13.4,MODERATE_SURGE,False
GJ-CENTRAL-02,Anand,UB-BIO-02,AgroSphere Larvi-Kill,Green Crop Protection,Liters,6785.5,5402.599999999999,33.22857142857143,42.32142857142857,1.9,0.1,0.7571428571428571,25.6,CRITICAL_SURGE,True
GJ-CENTRAL-02,Anand,UB-BULK-01,AgroSphere Tech-Grade Amino 80%,Bulk Raw Material Manufacturing,Kg,6532.0,5100.2,33.22857142857143,42.32142857142857,1.9,0.1,0.7571428571428571,28.1,CRITICAL_SURGE,True
GJ-CENTRAL-02,Anand,UB-NUTR-01,AgroSphere Aqua-Gel Polymer,Crop Nutrition & Water Management,Kg,9062.5,8871.800000000001,33.22857142857143,42.32142857142857,1.9,0.1,0.7571428571428571,2.1,NORMAL,False
GJ-CENTRAL-02,Anand,UB-NUTR-02,AgroSphere Solu-NPK 19:19:19,Crop Nutrition & Water Management,Kg,6889.2,6631.8,33.22857142857143,42.32142857142857,1.9,0.1,0.7571428571428571,3.9,NORMAL,False
GJ-CENTRAL-02,Anand,UB-STIM-01,AgroSphere Bio-Zyme Gold,Bio-Organic Formulations,Liters,6392.8,5549.599999999999,33.22857142857143,42.32142857142857,1.9,0.1,0.7571428571428571,15.2,MODERATE_SURGE,False
GJ-CENTRAL-02,Anand,UB-URBN-01,AgroSphere Plant Revival Tonic,Urban Horticulture (Gardenica),Bottles (500ml),6223.1,4345.599999999999,33.22857142857143,42.32142857142857,1.9,0.1,0.7571428571428571,43.2,CRITICAL_SURGE,True
GJ-NORTH-01,Mehsana,UB-BIO-01,AgroSphere Bio-Shield,Green Crop Protection,Liters,6064.0,5314.400000000001,33.57142857142857,51.48571428571428,4.8,0.1,0.7057142857142856,14.1,MODERATE_SURGE,False
GJ-NORTH-01,Mehsana,UB-BIO-02,AgroSphere Larvi-Kill,Green Crop Protection,Liters,6392.0,6300.0,33.57142857142857,51.48571428571428,4.8,0.1,0.7057142857142856,1.5,NORMAL,False
GJ-NORTH-01,Mehsana,UB-BULK-01,AgroSphere Tech-Grade Amino 80%,Bulk Raw Material Manufacturing,Kg,6392.9,6934.2,33.57142857142857,51.48571428571428,4.8,0.1,0.7057142857142856,-7.8,NORMAL,False
GJ-NORTH-01,Mehsana,UB-NUTR-01,AgroSphere Aqua-Gel Polymer,Crop Nutrition & Water Management,Kg,8274.1,7656.599999999999,33.57142857142857,51.48571428571428,4.8,0.1,0.7057142857142856,8.1,NORMAL,False
GJ-NORTH-01,Mehsana,UB-NUTR-02,AgroSphere Solu-NPK 19:19:19,Crop Nutrition & Water Management,Kg,6068.7,5290.599999999999,33.57142857142857,51.48571428571428,4.8,0.1,0.7057142857142856,14.7,MODERATE_SURGE,False
GJ-NORTH-01,Mehsana,UB-STIM-01,AgroSphere Bio-Zyme Gold,Bio-Organic Formulations,Liters,5808.4,5371.8,33.57142857142857,51.48571428571428,4.8,0.1,0.7057142857142856,8.1,NORMAL,False
GJ-NORTH-01,Mehsana,UB-URBN-01,AgroSphere Plant Revival Tonic,Urban Horticulture (Gardenica),Bottles (500ml),5996.5,5020.400000000001,33.57142857142857,51.48571428571428,4.8,0.1,0.7057142857142856,19.4,MODERATE_SURGE,False
GJ-SAURASHTRA-01,Rajkot,UB-BIO-01,AgroSphere Bio-Shield,Green Crop Protection,Liters,9016.9,10831.800000000001,28.892857142857142,87.10000000000001,659.9,0.95,0.0,-16.8,DEMAND_DROP,False
GJ-SAURASHTRA-01,Rajkot,UB-BIO-02,AgroSphere Larvi-Kill,Green Crop Protection,Liters,9735.8,9870.0,28.892857142857142,87.10000000000001,659.9,0.95,0.0,-1.4,NORMAL,False
GJ-SAURASHTRA-01,Rajkot,UB-BULK-01,AgroSphere Tech-Grade Amino 80%,Bulk Raw Material Manufacturing,Kg,6299.5,6574.400000000001,28.892857142857142,87.10000000000001,659.9,0.95,0.0,-4.2,NORMAL,False
GJ-SAURASHTRA-01,Rajkot,UB-NUTR-01,AgroSphere Aqua-Gel Polymer,Crop Nutrition & Water Management,Kg,9263.4,9976.4,28.892857142857142,87.10000000000001,659.9,0.95,0.0,-7.1,NORMAL,False
GJ-SAURASHTRA-01,Rajkot,UB-NUTR-02,AgroSphere Solu-NPK 19:19:19,Crop Nutrition & Water Management,Kg,6420.6,6290.2,28.892857142857142,87.10000000000001,659.9,0.95,0.0,2.1,NORMAL,False
GJ-SAURASHTRA-01,Rajkot,UB-STIM-01,AgroSphere Bio-Zyme Gold,Bio-Organic Formulations,Liters,6171.7,5091.8,28.892857142857142,87.10000000000001,659.9,0.95,0.0,21.2,MODERATE_SURGE,False
GJ-SAURASHTRA-01,Rajkot,UB-URBN-01,AgroSphere Plant Revival Tonic,Urban Horticulture (Gardenica),Bottles (500ml),6351.6,6175.400000000001,28.892857142857142,87.10000000000001,659.9,0.95,0.0,2.9,NORMAL,False
GJ-SAURASHTRA-02,Junagadh,UB-BIO-01,AgroSphere Bio-Shield,Green Crop Protection,Liters,8924.3,10719.800000000001,28.307142857142857,88.00714285714285,616.5,0.95,0.0,-16.7,DEMAND_DROP,False
GJ-SAURASHTRA-02,Junagadh,UB-BIO-02,AgroSphere Larvi-Kill,Green Crop Protection,Liters,9419.0,8940.4,28.307142857142857,88.00714285714285,616.5,0.95,0.0,5.4,NORMAL,False
GJ-SAURASHTRA-02,Junagadh,UB-BULK-01,AgroSphere Tech-Grade Amino 80%,Bulk Raw Material Manufacturing,Kg,6174.2,5727.400000000001,28.307142857142857,88.00714285714285,616.5,0.95,0.0,7.8,NORMAL,False
GJ-SAURASHTRA-02,Junagadh,UB-NUTR-01,AgroSphere Aqua-Gel Polymer,Crop Nutrition & Water Management,Kg,9316.7,10109.4,28.307142857142857,88.00714285714285,616.5,0.95,0.0,-7.8,NORMAL,False
GJ-SAURASHTRA-02,Junagadh,UB-NUTR-02,AgroSphere Solu-NPK 19:19:19,Crop Nutrition & Water Management,Kg,6369.5,7285.599999999999,28.307142857142857,88.00714285714285,616.5,0.95,0.0,-12.6,NORMAL,False
GJ-SAURASHTRA-02,Junagadh,UB-STIM-01,AgroSphere Bio-Zyme Gold,Bio-Organic Formulations,Liters,6399.1,6122.2,28.307142857142857,88.00714285714285,616.5,0.95,0.0,4.5,NORMAL,False
GJ-SAURASHTRA-02,Junagadh,UB-URBN-01,AgroSphere Plant Revival Tonic,Urban Horticulture (Gardenica),Bottles (500ml),6309.7,6553.400000000001,28.307142857142857,88.00714285714285,616.5,0.95,0.0,-3.7,NORMAL,False
GJ-SOUTH-01,Surat,UB-BIO-01,AgroSphere Bio-Shield,Green Crop Protection,Liters,6614.6,6458.2,35.95,50.40714285714285,0.3,0.35,0.8550000000000001,2.4,NORMAL,False
GJ-SOUTH-01,Surat,UB-BIO-02,AgroSphere Larvi-Kill,Green Crop Protection,Liters,6048.5,5384.400000000001,35.95,50.40714285714285,0.3,0.35,0.8550000000000001,12.3,MODERATE_SURGE,False
GJ-SOUTH-01,Surat,UB-BULK-01,AgroSphere Tech-Grade Amino 80%,Bulk Raw Material Manufacturing,Kg,6666.0,7051.8,35.95,50.40714285714285,0.3,0.35,0.8550000000000001,-5.5,NORMAL,False
GJ-SOUTH-01,Surat,UB-NUTR-01,AgroSphere Aqua-Gel Polymer,Crop Nutrition & Water Management,Kg,8856.7,8884.4,35.95,50.40714285714285,0.3,0.35,0.8550000000000001,-0.3,NORMAL,False
GJ-SOUTH-01,Surat,UB-NUTR-02,AgroSphere Solu-NPK 19:19:19,Crop Nutrition & Water Management,Kg,6415.9,6920.2,35.95,50.40714285714285,0.3,0.35,0.8550000000000001,-7.3,NORMAL,False
GJ-SOUTH-01,Surat,UB-STIM-01,AgroSphere Bio-Zyme Gold,Bio-Organic Formulations,Liters,6394.8,6161.400000000001,35.95,50.40714285714285,0.3,0.35,0.8550000000000001,3.8,NORMAL,False
GJ-SOUTH-01,Surat,UB-URBN-01,AgroSphere Plant Revival Tonic,Urban Horticulture (Gardenica),Bottles (500ml),6460.9,6234.2,35.95,50.40714285714285,0.3,0.35,0.8550000000000001,3.6,NORMAL,False
GJ-SOUTH-02,Bharuch,UB-BIO-01,AgroSphere Bio-Shield,Green Crop Protection,Liters,6105.7,4797.8,34.1,51.4,8.2,0.1,0.7292857142857143,27.3,CRITICAL_SURGE,True
GJ-SOUTH-02,Bharuch,UB-BIO-02,AgroSphere Larvi-Kill,Green Crop Protection,Liters,6278.7,6109.599999999999,34.1,51.4,8.2,0.1,0.7292857142857143,2.8,NORMAL,False
GJ-SOUTH-02,Bharuch,UB-BULK-01,AgroSphere Tech-Grade Amino 80%,Bulk Raw Material Manufacturing,Kg,6245.8,5094.599999999999,34.1,51.4,8.2,0.1,0.7292857142857143,22.6,MODERATE_SURGE,False
GJ-SOUTH-02,Bharuch,UB-NUTR-01,AgroSphere Aqua-Gel Polymer,Crop Nutrition & Water Management,Kg,7463.2,5930.400000000001,34.1,51.4,8.2,0.1,0.7292857142857143,25.8,CRITICAL_SURGE,True
GJ-SOUTH-02,Bharuch,UB-NUTR-02,AgroSphere Solu-NPK 19:19:19,Crop Nutrition & Water Management,Kg,6167.2,3994.2000000000003,34.1,51.4,8.2,0.1,0.7292857142857143,54.4,CRITICAL_SURGE,True
GJ-SOUTH-02,Bharuch,UB-STIM-01,AgroSphere Bio-Zyme Gold,Bio-Organic Formulations,Liters,6071.9,5790.400000000001,34.1,51.4,8.2,0.1,0.7292857142857143,4.9,NORMAL,False
GJ-SOUTH-02,Bharuch,UB-URBN-01,AgroSphere Plant Revival Tonic,Urban Horticulture (Gardenica),Bottles (500ml),6330.5,5077.8,34.1,51.4,8.2,0.1,0.7292857142857143,24.7,MODERATE_SURGE,False
